Age,Attrition,BusinessTravel,DailyRate,Department,DistanceFromHome,Education,EducationField,EnvironmentSatisfaction,Gender,HourlyRate,JobInvolvement,JobLevel,JobRole,JobSatisfaction,MaritalStatus,MonthlyIncome,MonthlyRate,NumCompaniesWorked,OverTime,PercentSalaryHike,PerformanceRating,RelationshipSatisfaction,StockOptionLevel,TotalWorkingYears,TrainingTimesLastYear,WorkLifeBalance,YearsAtCompany,YearsInCurrentRole,YearsSinceLastPromotion,YearsWithCurrManager,Employee_ID,Promotion_Gap_Ratio,Role_Stagnation_Index,Training_Intensity_Score,Manager_Stability_Indicator,Promotion_Gap_Score,Training_Need_Indicator,Career_Stagnation_Flag,Retention_Opportunity_Index,Retention_Opportunity_Level,Career_Cluster,Career_Cluster_Label
41,1,Travel_Rarely,1102,Sales,1,2,Life Sciences,2,Female,94,3,2,Sales Executive,4,Single,5993,19479,8,Yes,11,3,1,0,8,0,1,6,4,0,5,EMP0001,0.0,0.6666666666666666,0.0,0.8333333333333334,Medium,High,0,62.5,High,1,Developing Professional
49,0,Travel_Frequently,279,Research & Development,8,1,Life Sciences,3,Male,61,2,2,Research Scientist,2,Married,5130,24907,1,No,23,4,4,1,10,3,3,10,7,1,7,EMP0002,0.1,0.7,0.3,0.7,High,Low,0,45.5,Medium,1,Developing Professional
37,1,Travel_Rarely,1373,Research & Development,2,2,Other,4,Male,92,2,1,Laboratory Technician,3,Single,2090,2396,6,Yes,15,3,2,0,7,3,3,0,0,0,0,EMP0003,0.0,0.0,3.0,0.0,Low,Low,0,5.0,Low,0,Early-Career Explorer
33,0,Travel_Frequently,1392,Research & Development,3,4,Life Sciences,4,Female,56,3,1,Research Scientist,3,Married,2909,23159,1,Yes,11,3,3,0,8,3,3,8,7,3,0,EMP0004,0.375,0.875,0.375,0.0,High,Low,1,46.25,Medium,1,Developing Professional
27,0,Travel_Rarely,591,Research & Development,2,1,Medical,1,Male,40,3,1,Laboratory Technician,2,Married,3468,16632,9,No,12,3,4,1,6,3,3,2,2,2,2,EMP0005,1.0,1.0,1.5,1.0,Low,Low,0,95.0,High,1,Developing Professional
32,0,Travel_Frequently,1005,Research & Development,2,2,Life Sciences,4,Male,79,3,1,Laboratory Technician,4,Single,3068,11864,0,No,13,3,3,0,8,2,2,7,7,3,6,EMP0006,0.4285714285714285,1.0,0.2857142857142857,0.8571428571428571,High,Medium,1,70.0,High,1,Developing Professional
59,0,Travel_Rarely,1324,Research & Development,3,3,Medical,3,Female,81,4,1,Laboratory Technician,1,Married,2670,9964,4,Yes,20,4,1,3,12,3,2,1,0,0,0,EMP0007,0.0,0.0,3.0,0.0,Low,Low,0,15.0,Low,0,Early-Career Explorer
30,0,Travel_Rarely,1358,Research & Development,24,1,Life Sciences,4,Male,67,3,1,Laboratory Technician,3,Divorced,2693,13335,1,No,22,4,2,1,1,2,3,1,0,0,0,EMP0008,0.0,0.0,2.0,0.0,Low,Medium,0,15.0,Low,0,Early-Career Explorer
38,0,Travel_Frequently,216,Research & Development,23,3,Life Sciences,4,Male,44,2,3,Manufacturing Director,3,Single,9526,8787,0,No,21,4,2,0,10,2,3,9,7,1,8,EMP0009,0.1111111111111111,0.7777777777777778,0.2222222222222222,0.8888888888888888,High,Medium,0,56.11111111111112,Medium,1,Developing Professional
36,0,Travel_Rarely,1299,Research & Development,27,3,Medical,3,Male,94,3,2,Healthcare Representative,3,Married,5237,16577,6,No,13,3,2,2,17,3,2,7,7,7,7,EMP0010,1.0,1.0,0.4285714285714285,1.0,High,Low,1,90.0,High,2,Experienced Professional
35,0,Travel_Rarely,809,Research & Development,16,3,Medical,1,Male,84,4,1,Laboratory Technician,2,Married,2426,16479,0,No,13,3,3,1,6,5,3,5,4,0,3,EMP0011,0.0,0.8,1.0,0.6,Medium,Low,0,43.0,Medium,1,Developing Professional
29,0,Travel_Rarely,153,Research & Development,15,2,Life Sciences,4,Female,49,2,2,Laboratory Technician,3,Single,4193,12682,0,Yes,12,3,4,0,10,3,3,9,5,0,8,EMP0012,0.0,0.5555555555555556,0.3333333333333333,0.8888888888888888,Medium,Low,0,35.0,Medium,1,Developing Professional
31,0,Travel_Rarely,670,Research & Development,26,1,Life Sciences,1,Male,31,3,1,Research Scientist,3,Divorced,2911,15170,1,No,17,3,4,1,5,1,2,5,2,4,3,EMP0013,0.8,0.4,0.2,0.6,Medium,Medium,0,78.0,High,1,Developing Professional
34,0,Travel_Rarely,1346,Research & Development,19,2,Medical,2,Male,93,3,1,Laboratory Technician,4,Divorced,2661,8758,0,No,11,3,3,1,3,2,3,2,2,1,2,EMP0014,0.5,1.0,1.0,1.0,Low,Medium,0,75.0,High,1,Developing Professional
28,1,Travel_Rarely,103,Research & Development,24,3,Life Sciences,3,Male,50,2,1,Laboratory Technician,3,Single,2028,12947,5,Yes,14,3,2,0,6,4,3,4,2,0,3,EMP0015,0.0,0.5,1.0,0.75,Low,Low,0,31.25,Medium,1,Developing Professional
29,0,Travel_Rarely,1389,Research & Development,21,4,Life Sciences,2,Female,51,4,3,Manufacturing Director,1,Divorced,9980,10195,1,No,11,3,3,1,10,1,3,10,9,8,8,EMP0016,0.8,0.9,0.1,0.8,High,High,1,100.0,High,2,Experienced Professional
32,0,Travel_Rarely,334,Research & Development,5,2,Life Sciences,1,Male,80,4,1,Research Scientist,2,Divorced,3298,15053,0,Yes,12,3,4,2,7,5,2,6,2,0,5,EMP0017,0.0,0.3333333333333333,0.8333333333333334,0.8333333333333334,Low,Low,0,32.5,Medium,1,Developing Professional
22,0,Non-Travel,1123,Research & Development,16,2,Medical,4,Male,96,4,1,Laboratory Technician,4,Divorced,2935,7324,1,Yes,13,3,2,2,1,2,2,1,0,0,0,EMP0018,0.0,0.0,2.0,0.0,Low,Medium,0,10.0,Low,0,Early-Career Explorer
53,0,Travel_Rarely,1219,Sales,2,4,Life Sciences,1,Female,78,2,4,Manager,4,Married,15427,22021,2,No,16,3,3,0,31,3,3,25,8,3,7,EMP0019,0.12,0.32,0.12,0.28,High,Low,1,18.6,Low,2,Experienced Professional
38,0,Travel_Rarely,371,Research & Development,2,3,Life Sciences,4,Male,45,3,1,Research Scientist,4,Single,3944,4306,5,Yes,11,3,3,0,6,3,3,3,2,1,2,EMP0020,0.3333333333333333,0.6666666666666666,1.0,0.6666666666666666,Low,Low,0,43.33333333333333,Medium,1,Developing Professional
24,0,Non-Travel,673,Research & Development,11,2,Other,1,Female,96,4,2,Manufacturing Director,3,Divorced,4011,8232,0,No,18,3,4,1,5,5,2,4,2,1,3,EMP0021,0.25,0.5,1.25,0.75,Low,Low,0,41.25,Medium,1,Developing Professional
36,1,Travel_Rarely,1218,Sales,9,4,Life Sciences,3,Male,82,2,1,Sales Representative,1,Single,3407,6986,7,No,23,4,2,0,10,4,3,5,3,0,3,EMP0022,0.0,0.6,0.8,0.6,Low,Low,0,42.0,Medium,1,Developing Professional
34,0,Travel_Rarely,419,Research & Development,7,4,Life Sciences,1,Female,53,3,3,Research Director,2,Single,11994,21293,0,No,11,3,3,0,13,4,3,12,6,2,11,EMP0023,0.1666666666666666,0.5,0.3333333333333333,0.9166666666666666,Medium,Low,0,45.41666666666666,Medium,2,Experienced Professional
21,0,Travel_Rarely,391,Research & Development,15,2,Life Sciences,3,Male,96,3,1,Research Scientist,4,Single,1232,19281,1,No,14,3,4,0,0,6,3,0,0,0,0,EMP0024,0.0,0.0,6.0,0.0,Low,Low,0,0.0,Low,0,Early-Career Explorer
34,1,Travel_Rarely,699,Research & Development,6,1,Medical,2,Male,83,3,1,Research Scientist,1,Single,2960,17102,2,No,11,3,3,0,8,2,3,4,2,1,3,EMP0025,0.25,0.5,0.5,0.75,Low,Medium,0,61.25,High,1,Developing Professional
53,0,Travel_Rarely,1282,Research & Development,5,3,Other,3,Female,58,3,5,Manager,3,Divorced,19094,10735,4,No,11,3,4,1,26,3,2,14,13,4,8,EMP0026,0.2857142857142857,0.9285714285714286,0.2142857142857142,0.5714285714285714,High,Low,1,52.85714285714285,Medium,2,Experienced Professional
32,1,Travel_Frequently,1125,Research & Development,16,1,Life Sciences,2,Female,72,1,1,Research Scientist,1,Single,3919,4681,1,Yes,22,4,2,0,10,5,3,10,2,6,7,EMP0027,0.6,0.2,0.5,0.7,High,Low,0,55.5,Medium,1,Developing Professional
42,0,Travel_Rarely,691,Sales,8,4,Marketing,3,Male,48,3,2,Sales Executive,2,Married,6825,21173,0,No,11,3,4,1,10,2,3,9,7,4,2,EMP0028,0.4444444444444444,0.7777777777777778,0.2222222222222222,0.2222222222222222,High,Medium,1,64.44444444444446,High,1,Developing Professional
44,0,Travel_Rarely,477,Research & Development,7,4,Medical,1,Female,42,2,3,Healthcare Representative,4,Married,10248,2094,3,No,14,3,4,1,24,4,3,22,6,5,17,EMP0029,0.2272727272727272,0.2727272727272727,0.1818181818181818,0.7727272727272727,High,Low,1,28.863636363636363,Low,2,Experienced Professional
46,0,Travel_Rarely,705,Sales,2,4,Marketing,2,Female,83,3,5,Manager,1,Single,18947,22822,3,No,12,3,4,0,22,2,2,2,2,2,1,EMP0030,1.0,1.0,1.0,0.5,Low,Medium,0,100.0,High,1,Developing Professional
33,0,Travel_Rarely,924,Research & Development,2,3,Medical,3,Male,78,3,1,Laboratory Technician,4,Single,2496,6670,4,No,11,3,4,0,7,3,3,1,1,0,0,EMP0031,0.0,1.0,3.0,0.0,Low,Low,0,30.0,Medium,0,Early-Career Explorer
44,0,Travel_Rarely,1459,Research & Development,10,4,Other,4,Male,41,3,2,Healthcare Representative,4,Married,6465,19121,2,Yes,13,3,4,0,9,5,4,4,2,1,3,EMP0032,0.25,0.5,1.25,0.75,Low,Low,0,36.25,Medium,1,Developing Professional
30,0,Travel_Rarely,125,Research & Development,9,2,Medical,4,Male,83,2,1,Laboratory Technician,3,Single,2206,16117,1,No,13,3,1,0,10,5,3,10,0,1,8,EMP0033,0.1,0.0,0.5,0.8,Low,Low,0,21.0,Low,1,Developing Professional
39,1,Travel_Rarely,895,Sales,5,3,Technical Degree,4,Male,56,3,2,Sales Representative,4,Married,2086,3335,3,No,14,3,3,1,19,6,4,1,0,0,0,EMP0034,0.0,0.0,6.0,0.0,Low,Low,0,0.0,Low,0,Early-Career Explorer
24,1,Travel_Rarely,813,Research & Development,1,3,Medical,2,Male,61,3,1,Research Scientist,4,Married,2293,3020,2,Yes,16,3,1,1,6,2,2,2,0,2,0,EMP0035,1.0,0.0,1.0,0.0,Low,Medium,0,50.0,Medium,0,Early-Career Explorer
43,0,Travel_Rarely,1273,Research & Development,2,2,Medical,4,Female,72,4,1,Research Scientist,3,Divorced,2645,21923,1,No,12,3,4,2,6,3,2,5,3,1,4,EMP0036,0.2,0.6,0.6,0.8,Low,Low,0,43.0,Medium,1,Developing Professional
50,1,Travel_Rarely,869,Sales,3,2,Marketing,1,Male,86,2,1,Sales Representative,3,Married,2683,3810,1,Yes,14,3,3,0,3,2,3,3,2,0,2,EMP0037,0.0,0.6666666666666666,0.6666666666666666,0.6666666666666666,Low,Medium,0,45.0,Medium,1,Developing Professional
35,0,Travel_Rarely,890,Sales,2,3,Marketing,4,Female,97,3,1,Sales Representative,4,Married,2014,9687,1,No,13,3,1,0,2,3,3,2,2,2,2,EMP0038,1.0,1.0,1.5,1.0,Low,Low,0,85.0,High,1,Developing Professional
36,0,Travel_Rarely,852,Research & Development,5,4,Life Sciences,2,Female,82,2,1,Research Scientist,1,Married,3419,13072,9,Yes,14,3,4,1,6,3,4,1,1,0,0,EMP0039,0.0,1.0,3.0,0.0,Low,Low,0,45.0,Medium,0,Early-Career Explorer
33,0,Travel_Frequently,1141,Sales,1,3,Life Sciences,3,Female,42,4,2,Sales Executive,1,Married,5376,3193,2,No,19,3,1,2,10,3,3,5,3,1,3,EMP0040,0.2,0.6,0.6,0.6,Low,Low,0,50.0,Medium,1,Developing Professional
35,0,Travel_Rarely,464,Research & Development,4,2,Other,3,Male,75,3,1,Laboratory Technician,4,Divorced,1951,10910,1,No,12,3,3,1,1,3,3,1,0,0,0,EMP0041,0.0,0.0,3.0,0.0,Low,Low,0,0.0,Low,0,Early-Career Explorer
27,0,Travel_Rarely,1240,Research & Development,2,4,Life Sciences,4,Female,33,3,1,Laboratory Technician,1,Divorced,2341,19715,1,No,13,3,4,1,1,6,3,1,0,0,0,EMP0042,0.0,0.0,6.0,0.0,Low,Low,0,15.0,Low,0,Early-Career Explorer
26,1,Travel_Rarely,1357,Research & Development,25,3,Life Sciences,1,Male,48,1,1,Laboratory Technician,3,Single,2293,10558,1,No,12,3,3,0,1,2,2,1,0,0,1,EMP0043,0.0,0.0,2.0,1.0,Low,Medium,0,30.0,Medium,0,Early-Career Explorer
27,0,Travel_Frequently,994,Sales,8,3,Life Sciences,4,Male,37,3,3,Sales Executive,3,Single,8726,2975,1,No,15,3,4,0,9,0,3,9,8,1,7,EMP0044,0.1111111111111111,0.8888888888888888,0.0,0.7777777777777778,High,High,0,77.77777777777777,High,1,Developing Professional
30,0,Travel_Frequently,721,Research & Development,1,2,Medical,3,Female,58,3,2,Laboratory Technician,4,Single,4011,10781,1,No,23,4,4,0,12,2,3,12,8,3,7,EMP0045,0.25,0.6666666666666666,0.1666666666666666,0.5833333333333334,High,Medium,1,48.75,Medium,2,Experienced Professional
41,1,Travel_Rarely,1360,Research & Development,12,3,Technical Degree,2,Female,49,3,5,Research Director,3,Married,19545,16280,1,No,12,3,4,0,23,0,3,22,15,15,8,EMP0046,0.6818181818181818,0.6818181818181818,0.0,0.3636363636363636,High,High,1,88.18181818181817,High,2,Experienced Professional
34,0,Non-Travel,1065,Sales,23,4,Marketing,2,Male,72,3,2,Sales Executive,3,Single,4568,10034,0,No,20,4,3,0,10,2,3,9,5,8,7,EMP0047,0.8888888888888888,0.5555555555555556,0.2222222222222222,0.7777777777777778,High,Medium,1,78.88888888888889,High,2,Experienced Professional
37,0,Travel_Rarely,408,Research & Development,19,2,Life Sciences,2,Male,73,3,1,Research Scientist,2,Married,3022,10227,4,No,21,4,1,0,8,1,3,1,0,0,0,EMP0048,0.0,0.0,1.0,0.0,Low,Medium,0,30.0,Medium,0,Early-Career Explorer
46,0,Travel_Frequently,1211,Sales,5,4,Marketing,1,Male,98,3,2,Sales Executive,4,Single,5772,20445,4,Yes,21,4,3,0,14,4,3,9,6,0,8,EMP0049,0.0,0.6666666666666666,0.4444444444444444,0.8888888888888888,Medium,Low,0,33.33333333333333,Medium,1,Developing Professional
35,0,Travel_Rarely,1229,Research & Development,8,1,Life Sciences,4,Male,36,4,1,Laboratory Technician,4,Married,2269,4892,1,No,19,3,4,0,1,2,3,1,0,0,1,EMP0050,0.0,0.0,2.0,1.0,Low,Medium,0,25.0,Low,0,Early-Career Explorer
48,1,Travel_Rarely,626,Research & Development,1,2,Life Sciences,1,Male,98,2,3,Laboratory Technician,3,Single,5381,19294,9,Yes,13,3,4,0,23,2,3,1,0,0,0,EMP0051,0.0,0.0,2.0,0.0,Low,Medium,0,15.0,Low,0,Early-Career Explorer
28,1,Travel_Rarely,1434,Research & Development,5,4,Technical Degree,3,Male,50,3,1,Laboratory Technician,3,Single,3441,11179,1,Yes,13,3,3,0,2,3,2,2,2,2,2,EMP0052,1.0,1.0,1.5,1.0,Low,Low,0,90.0,High,1,Developing Professional
44,0,Travel_Rarely,1488,Sales,1,5,Marketing,2,Female,75,3,2,Sales Executive,1,Divorced,5454,4009,5,Yes,21,4,3,1,9,2,2,4,3,1,3,EMP0053,0.25,0.75,0.5,0.75,Low,Medium,0,68.75,High,1,Developing Professional
35,0,Non-Travel,1097,Research & Development,11,2,Medical,3,Male,79,2,3,Healthcare Representative,1,Married,9884,8302,2,Yes,13,3,3,1,10,3,3,4,0,2,3,EMP0054,0.5,0.0,0.75,0.75,Low,Low,0,46.25,Medium,1,Developing Professional
26,0,Travel_Rarely,1443,Sales,23,3,Marketing,3,Female,47,2,2,Sales Executive,4,Married,4157,21436,7,Yes,19,3,3,1,5,2,2,2,2,0,0,EMP0055,0.0,1.0,1.0,0.0,Low,Medium,0,40.0,Medium,1,Developing Professional
33,0,Travel_Frequently,515,Research & Development,1,2,Life Sciences,1,Female,98,3,3,Research Director,4,Single,13458,15146,1,Yes,12,3,3,0,15,1,3,15,14,8,12,EMP0056,0.5333333333333333,0.9333333333333332,0.0666666666666666,0.8,High,High,1,81.33333333333333,High,2,Experienced Professional
35,0,Travel_Frequently,853,Sales,18,5,Life Sciences,2,Male,71,3,3,Sales Executive,1,Married,9069,11031,1,No,22,4,4,1,9,3,2,9,8,1,8,EMP0057,0.1111111111111111,0.8888888888888888,0.3333333333333333,0.8888888888888888,High,Low,0,59.44444444444444,Medium,1,Developing Professional
35,0,Travel_Rarely,1142,Research & Development,23,4,Medical,3,Female,30,3,1,Laboratory Technician,1,Married,4014,16002,3,Yes,15,3,3,1,4,3,3,2,2,2,2,EMP0058,1.0,1.0,1.5,1.0,Low,Low,0,100.0,High,1,Developing Professional
31,0,Travel_Rarely,655,Research & Development,7,4,Life Sciences,4,Male,48,3,2,Laboratory Technician,4,Divorced,5915,9528,3,No,22,4,4,1,10,3,2,7,7,1,7,EMP0059,0.1428571428571428,1.0,0.4285714285714285,1.0,High,Low,0,50.71428571428572,Medium,1,Developing Professional
37,0,Travel_Rarely,1115,Research & Development,1,4,Life Sciences,1,Male,51,2,2,Manufacturing Director,3,Divorced,5993,2689,1,No,18,3,3,1,7,2,4,7,5,0,7,EMP0060,0.0,0.7142857142857143,0.2857142857142857,1.0,Medium,Medium,0,51.42857142857143,Medium,1,Developing Professional
32,0,Travel_Rarely,427,Research & Development,1,3,Medical,1,Male,33,3,2,Manufacturing Director,4,Married,6162,10877,1,Yes,22,4,2,1,9,3,3,9,8,7,8,EMP0061,0.7777777777777778,0.8888888888888888,0.3333333333333333,0.8888888888888888,High,Low,1,71.1111111111111,High,2,Experienced Professional
38,0,Travel_Frequently,653,Research & Development,29,5,Life Sciences,4,Female,50,3,2,Laboratory Technician,4,Single,2406,5456,1,No,11,3,4,0,10,2,3,10,3,9,9,EMP0062,0.9,0.3,0.2,0.9,High,Medium,1,68.5,High,2,Experienced Professional
50,0,Travel_Rarely,989,Research & Development,7,2,Medical,2,Female,43,2,5,Research Director,3,Divorced,18740,16701,5,Yes,12,3,4,1,29,2,2,27,3,13,8,EMP0063,0.4814814814814814,0.1111111111111111,0.074074074074074,0.2962962962962963,High,Medium,1,42.03703703703704,Medium,2,Experienced Professional
59,0,Travel_Rarely,1435,Sales,25,3,Life Sciences,1,Female,99,3,3,Sales Executive,1,Single,7637,2354,7,No,11,3,4,0,28,3,2,21,16,7,9,EMP0064,0.3333333333333333,0.7619047619047619,0.1428571428571428,0.4285714285714285,High,Low,1,57.61904761904762,Medium,2,Experienced Professional
36,0,Travel_Rarely,1223,Research & Development,8,3,Technical Degree,3,Female,59,3,3,Healthcare Representative,3,Divorced,10096,8202,1,No,13,3,2,3,17,2,3,17,14,12,8,EMP0065,0.7058823529411765,0.8235294117647058,0.1176470588235294,0.4705882352941176,High,Medium,1,75.0,High,2,Experienced Professional
55,0,Travel_Rarely,836,Research & Development,8,3,Medical,4,Female,33,3,4,Manager,3,Divorced,14756,19730,2,Yes,14,3,3,3,21,2,3,5,0,0,2,EMP0066,0.0,0.0,0.4,0.4,Low,Medium,0,21.0,Low,1,Developing Professional
36,0,Travel_Frequently,1195,Research & Development,11,3,Life Sciences,2,Male,95,2,2,Manufacturing Director,2,Single,6499,22656,1,No,13,3,3,0,6,3,3,6,5,0,3,EMP0067,0.0,0.8333333333333334,0.5,0.5,Medium,Low,0,42.5,Medium,1,Developing Professional
45,0,Travel_Rarely,1339,Research & Development,7,3,Life Sciences,2,Male,59,3,3,Research Scientist,1,Divorced,9724,18787,2,No,17,3,3,1,25,2,3,1,0,0,0,EMP0068,0.0,0.0,2.0,0.0,Low,Medium,0,25.0,Low,0,Early-Career Explorer
35,0,Travel_Frequently,664,Research & Development,1,3,Medical,2,Male,79,3,1,Research Scientist,1,Married,2194,5868,4,No,13,3,4,1,5,2,2,3,2,1,2,EMP0069,0.3333333333333333,0.6666666666666666,0.6666666666666666,0.6666666666666666,Low,Medium,0,68.33333333333333,High,1,Developing Professional
36,1,Travel_Rarely,318,Research & Development,9,3,Medical,4,Male,79,2,1,Research Scientist,3,Married,3388,21777,0,Yes,17,3,1,1,2,0,2,1,0,0,0,EMP0070,0.0,0.0,0.0,0.0,Low,Medium,0,35.0,Medium,0,Early-Career Explorer
59,0,Travel_Frequently,1225,Sales,1,1,Life Sciences,1,Female,57,2,2,Sales Executive,3,Single,5473,24668,7,No,11,3,4,0,20,2,2,4,3,1,3,EMP0071,0.25,0.75,0.5,0.75,Low,Medium,0,58.75,Medium,1,Developing Professional
29,0,Travel_Rarely,1328,Research & Development,2,3,Life Sciences,3,Male,76,3,1,Research Scientist,2,Married,2703,4956,0,No,23,4,4,1,6,3,3,5,4,0,4,EMP0072,0.0,0.8,0.6,0.8,Medium,Low,0,46.0,Medium,1,Developing Professional
31,0,Travel_Rarely,1082,Research & Development,1,4,Medical,3,Male,87,3,1,Research Scientist,2,Single,2501,18775,1,No,17,3,2,0,1,4,3,1,1,1,0,EMP0073,1.0,1.0,4.0,0.0,Low,Low,0,80.0,High,0,Early-Career Explorer
32,0,Travel_Rarely,548,Research & Development,1,3,Life Sciences,2,Male,66,3,2,Research Scientist,2,Married,6220,7346,1,No,17,3,2,2,10,3,3,10,4,0,9,EMP0074,0.0,0.4,0.3,0.9,Medium,Low,0,35.5,Medium,1,Developing Professional
36,0,Travel_Rarely,132,Research & Development,6,3,Life Sciences,2,Female,55,4,1,Laboratory Technician,4,Married,3038,22002,3,No,12,3,2,0,5,3,3,1,0,0,0,EMP0075,0.0,0.0,3.0,0.0,Low,Low,0,0.0,Low,0,Early-Career Explorer
31,0,Travel_Rarely,746,Research & Development,8,4,Life Sciences,3,Female,61,3,2,Manufacturing Director,4,Single,4424,20682,1,No,23,4,4,0,11,2,3,11,7,1,8,EMP0076,0.0909090909090909,0.6363636363636364,0.1818181818181818,0.7272727272727273,High,Medium,0,43.63636363636364,Medium,1,Developing Professional
35,0,Travel_Rarely,776,Sales,1,4,Marketing,3,Male,32,2,2,Sales Executive,1,Single,4312,23016,0,No,14,3,2,0,16,2,3,15,13,2,8,EMP0077,0.1333333333333333,0.8666666666666667,0.1333333333333333,0.5333333333333333,High,Medium,0,64.33333333333333,High,2,Experienced Professional
45,0,Travel_Rarely,193,Research & Development,6,4,Other,4,Male,52,3,3,Research Director,1,Married,13245,15067,4,Yes,14,3,2,0,17,3,4,0,0,0,0,EMP0078,0.0,0.0,3.0,0.0,Low,Low,0,15.0,Low,0,Early-Career Explorer
37,0,Travel_Rarely,397,Research & Development,7,4,Medical,1,Male,30,3,3,Research Director,3,Single,13664,25258,4,No,13,3,1,0,16,3,4,5,2,0,2,EMP0079,0.0,0.4,0.6,0.4,Low,Low,0,23.0,Low,1,Developing Professional
46,0,Travel_Rarely,945,Human Resources,5,2,Medical,2,Male,80,3,2,Human Resources,2,Divorced,5021,10425,8,Yes,22,4,4,1,16,2,3,4,2,0,2,EMP0080,0.0,0.5,0.5,0.5,Low,Medium,0,42.5,Medium,1,Developing Professional
30,0,Travel_Rarely,852,Research & Development,1,1,Life Sciences,4,Male,55,2,2,Laboratory Technician,4,Married,5126,15998,1,Yes,12,3,3,2,10,1,2,10,8,3,0,EMP0081,0.3,0.8,0.1,0.0,High,High,1,56.0,Medium,1,Developing Professional
35,0,Travel_Rarely,1214,Research & Development,1,3,Medical,2,Male,30,2,1,Research Scientist,3,Single,2859,26278,1,No,18,3,1,0,6,3,3,6,4,0,4,EMP0082,0.0,0.6666666666666666,0.5,0.6666666666666666,Medium,Low,0,35.0,Medium,1,Developing Professional
55,0,Travel_Rarely,111,Sales,1,2,Life Sciences,1,Male,70,3,3,Sales Executive,4,Married,10239,18092,3,No,14,3,4,1,24,4,3,1,0,1,0,EMP0083,1.0,0.0,4.0,0.0,Low,Low,0,40.0,Medium,0,Early-Career Explorer
38,0,Non-Travel,573,Research & Development,6,3,Medical,2,Female,79,1,2,Research Scientist,4,Divorced,5329,15717,7,Yes,12,3,4,3,17,3,3,13,11,1,9,EMP0084,0.0769230769230769,0.8461538461538461,0.2307692307692307,0.6923076923076923,High,Low,0,38.84615384615385,Medium,2,Experienced Professional
34,0,Travel_Rarely,1153,Research & Development,1,2,Medical,1,Male,94,3,2,Manufacturing Director,2,Married,4325,17736,1,No,15,3,3,0,5,2,3,5,2,1,3,EMP0085,0.2,0.4,0.4,0.6,Low,Medium,0,49.0,Medium,1,Developing Professional
56,0,Travel_Rarely,1400,Research & Development,7,3,Life Sciences,4,Male,49,1,3,Manufacturing Director,4,Single,7260,21698,4,No,11,3,1,0,37,3,2,6,4,0,2,EMP0086,0.0,0.6666666666666666,0.5,0.3333333333333333,Medium,Low,0,25.0,Low,1,Developing Professional
23,0,Travel_Rarely,541,Sales,2,1,Technical Degree,3,Male,62,3,1,Sales Representative,1,Divorced,2322,9518,3,No,13,3,3,1,3,3,3,0,0,0,0,EMP0087,0.0,0.0,3.0,0.0,Low,Low,0,15.0,Low,0,Early-Career Explorer
51,0,Travel_Rarely,432,Research & Development,9,4,Life Sciences,4,Male,96,3,1,Laboratory Technician,4,Married,2075,18725,3,No,23,4,2,2,10,4,3,4,2,0,3,EMP0088,0.0,0.5,1.0,0.75,Low,Low,0,26.25,Low,1,Developing Professional
30,0,Travel_Rarely,288,Research & Development,2,3,Life Sciences,3,Male,99,2,2,Healthcare Representative,4,Married,4152,15830,1,No,19,3,1,3,11,3,3,11,10,10,8,EMP0089,0.9090909090909092,0.9090909090909092,0.2727272727272727,0.7272727272727273,High,Low,1,74.54545454545455,High,2,Experienced Professional
46,1,Travel_Rarely,669,Sales,9,2,Medical,3,Male,64,2,3,Sales Executive,4,Single,9619,13596,1,No,16,3,4,0,9,3,3,9,8,4,7,EMP0090,0.4444444444444444,0.8888888888888888,0.3333333333333333,0.7777777777777778,High,Low,1,56.11111111111111,Medium,2,Experienced Professional
40,0,Travel_Frequently,530,Research & Development,1,4,Life Sciences,3,Male,78,2,4,Healthcare Representative,2,Married,13503,14115,1,No,22,4,4,1,22,3,2,22,3,11,11,EMP0091,0.5,0.1363636363636363,0.1363636363636363,0.5,High,Low,1,41.59090909090909,Medium,2,Experienced Professional
51,0,Travel_Rarely,632,Sales,21,4,Marketing,3,Male,71,3,2,Sales Executive,4,Single,5441,8423,0,Yes,22,4,4,0,11,2,1,10,7,1,0,EMP0092,0.1,0.7,0.2,0.0,High,Medium,0,35.0,Medium,1,Developing Professional
30,0,Travel_Rarely,1334,Sales,4,2,Medical,3,Female,63,2,2,Sales Executive,2,Divorced,5209,19760,1,Yes,12,3,2,3,11,4,2,11,8,2,7,EMP0093,0.1818181818181818,0.7272727272727273,0.3636363636363636,0.6363636363636364,High,Low,0,48.63636363636364,Medium,1,Developing Professional
46,0,Travel_Frequently,638,Research & Development,1,3,Medical,3,Male,40,2,3,Healthcare Representative,1,Married,10673,3142,2,Yes,13,3,3,1,21,5,2,10,9,9,5,EMP0094,0.9,0.9,0.5,0.5,High,Low,1,85.5,High,2,Experienced Professional
32,0,Travel_Rarely,1093,Sales,6,4,Medical,2,Male,87,3,2,Sales Executive,3,Single,5010,24301,1,No,16,3,1,0,12,0,3,11,8,5,7,EMP0095,0.4545454545454545,0.7272727272727273,0.0,0.6363636363636364,High,High,1,84.54545454545455,High,2,Experienced Professional
54,0,Travel_Rarely,1217,Research & Development,2,4,Technical Degree,1,Female,60,3,3,Research Director,3,Married,13549,24001,9,No,12,3,1,1,16,5,1,4,3,0,3,EMP0096,0.0,0.75,1.25,0.75,Low,Low,0,38.75,Medium,1,Developing Professional
24,0,Travel_Rarely,1353,Sales,3,2,Other,1,Female,33,3,2,Sales Executive,3,Married,4999,17519,0,No,21,4,1,1,4,2,2,3,2,0,2,EMP0097,0.0,0.6666666666666666,0.6666666666666666,0.6666666666666666,Low,Medium,0,45.0,Medium,1,Developing Professional
28,0,Non-Travel,120,Sales,4,3,Medical,2,Male,43,3,2,Sales Executive,3,Married,4221,8863,1,No,15,3,2,0,5,3,4,5,4,0,4,EMP0098,0.0,0.8,0.6,0.8,Medium,Low,0,41.0,Medium,1,Developing Professional
58,0,Travel_Rarely,682,Sales,10,4,Medical,4,Male,37,3,4,Sales Executive,3,Single,13872,24409,0,No,13,3,3,0,38,1,2,37,10,1,8,EMP0099,0.027027027027027,0.2702702702702703,0.027027027027027,0.2162162162162162,High,High,0,37.43243243243244,Medium,2,Experienced Professional
44,0,Non-Travel,489,Research & Development,23,3,Medical,2,Male,67,3,2,Laboratory Technician,2,Married,2042,25043,4,No,12,3,3,1,17,3,4,3,2,1,2,EMP0100,0.3333333333333333,0.6666666666666666,1.0,0.6666666666666666,Low,Low,0,53.33333333333333,Medium,1,Developing Professional
37,1,Travel_Rarely,807,Human Resources,6,4,Human Resources,3,Male,63,3,1,Human Resources,1,Divorced,2073,23648,4,Yes,22,4,4,0,7,3,3,3,2,0,2,EMP0101,0.0,0.6666666666666666,1.0,0.6666666666666666,Low,Low,0,45.0,Medium,1,Developing Professional
32,0,Travel_Rarely,827,Research & Development,1,1,Life Sciences,4,Male,71,3,1,Research Scientist,1,Single,2956,15178,1,No,13,3,4,0,1,2,3,1,0,0,0,EMP0102,0.0,0.0,2.0,0.0,Low,Medium,0,25.0,Low,0,Early-Career Explorer
20,1,Travel_Frequently,871,Research & Development,6,3,Life Sciences,4,Female,66,2,1,Laboratory Technician,4,Single,2926,19783,1,Yes,18,3,2,0,1,5,3,1,0,1,0,EMP0103,1.0,0.0,5.0,0.0,Low,Low,0,40.0,Medium,0,Early-Career Explorer
34,0,Travel_Rarely,665,Research & Development,6,4,Other,1,Female,41,3,2,Research Scientist,3,Single,4809,12482,1,No,14,3,3,0,16,3,3,16,13,2,10,EMP0104,0.125,0.8125,0.1875,0.625,High,Low,0,43.75,Medium,2,Experienced Professional
37,0,Non-Travel,1040,Research & Development,2,2,Life Sciences,3,Male,100,2,2,Healthcare Representative,4,Divorced,5163,15850,5,No,14,3,4,1,17,2,4,1,0,0,0,EMP0105,0.0,0.0,2.0,0.0,Low,Medium,0,10.0,Low,0,Early-Career Explorer
59,0,Non-Travel,1420,Human Resources,2,4,Human Resources,3,Female,32,2,5,Manager,4,Married,18844,21922,9,No,21,4,4,1,30,3,3,3,2,2,2,EMP0106,0.6666666666666666,0.6666666666666666,1.0,0.6666666666666666,Low,Low,0,56.66666666666666,Medium,1,Developing Professional
50,0,Travel_Frequently,1115,Research & Development,1,3,Life Sciences,1,Female,73,3,5,Research Director,2,Married,18172,9755,3,Yes,19,3,1,0,28,1,2,8,3,0,7,EMP0107,0.0,0.375,0.125,0.875,Low,High,0,54.375,Medium,2,Experienced Professional
25,1,Travel_Rarely,240,Sales,5,3,Marketing,3,Male,46,2,2,Sales Executive,3,Single,5744,26959,1,Yes,11,3,4,0,6,1,3,6,4,0,3,EMP0108,0.0,0.6666666666666666,0.1666666666666666,0.5,Medium,High,0,52.5,Medium,1,Developing Professional
25,0,Travel_Rarely,1280,Research & Development,7,1,Medical,4,Male,64,2,1,Research Scientist,4,Married,2889,26897,1,No,11,3,3,2,2,2,3,2,2,2,1,EMP0109,1.0,1.0,1.0,0.5,Low,Medium,0,87.5,High,1,Developing Professional
22,0,Travel_Rarely,534,Research & Development,15,3,Medical,2,Female,59,3,1,Laboratory Technician,4,Single,2871,23785,1,No,15,3,3,0,1,5,3,0,0,0,0,EMP0110,0.0,0.0,5.0,0.0,Low,Low,0,0.0,Low,0,Early-Career Explorer
51,0,Travel_Frequently,1456,Research & Development,1,4,Medical,1,Female,30,2,3,Healthcare Representative,1,Single,7484,25796,3,No,20,4,3,0,23,1,2,13,12,12,8,EMP0111,0.9230769230769232,0.9230769230769232,0.0769230769230769,0.6153846153846154,High,High,1,100.0,High,2,Experienced Professional
34,1,Travel_Frequently,658,Research & Development,7,3,Life Sciences,1,Male,66,1,2,Laboratory Technician,3,Single,6074,22887,1,Yes,24,4,4,0,9,3,3,9,7,0,6,EMP0112,0.0,0.7777777777777778,0.3333333333333333,0.6666666666666666,High,Low,0,38.33333333333333,Medium,1,Developing Professional
54,0,Non-Travel,142,Human Resources,26,3,Human Resources,4,Female,30,4,4,Manager,4,Single,17328,13871,2,Yes,12,3,3,0,23,3,3,5,3,4,4,EMP0113,0.8,0.6,0.6,0.8,Medium,Low,1,62.0,High,2,Experienced Professional
24,0,Travel_Rarely,1127,Research & Development,18,1,Life Sciences,2,Male,52,3,1,Laboratory Technician,3,Married,2774,13257,0,No,12,3,3,1,6,2,3,5,3,1,2,EMP0114,0.2,0.6,0.4,0.4,Low,Medium,0,47.0,Medium,1,Developing Professional
34,0,Travel_Rarely,1031,Research & Development,6,4,Life Sciences,3,Female,45,2,2,Research Scientist,2,Divorced,4505,15000,6,No,15,3,3,1,12,3,3,1,0,0,0,EMP0115,0.0,0.0,3.0,0.0,Low,Low,0,10.0,Low,0,Early-Career Explorer
37,0,Travel_Rarely,1189,Sales,3,3,Life Sciences,3,Male,87,3,3,Sales Executive,4,Single,7428,14506,2,No,12,3,1,0,12,3,3,5,3,1,3,EMP0116,0.2,0.6,0.6,0.6,Low,Low,0,35.0,Medium,1,Developing Professional
34,0,Travel_Rarely,1354,Research & Development,5,3,Medical,3,Female,45,2,3,Manager,1,Single,11631,5615,2,No,12,3,4,0,14,6,3,11,10,5,8,EMP0117,0.4545454545454545,0.9090909090909092,0.5454545454545454,0.7272727272727273,High,Low,1,71.36363636363636,High,2,Experienced Professional
36,0,Travel_Frequently,1467,Sales,11,2,Technical Degree,2,Female,92,3,3,Sales Executive,4,Married,9738,22952,0,No,14,3,3,1,10,6,3,9,7,2,8,EMP0118,0.2222222222222222,0.7777777777777778,0.6666666666666666,0.8888888888888888,High,Low,0,45.55555555555556,Medium,1,Developing Professional
36,0,Travel_Rarely,922,Research & Development,3,2,Life Sciences,1,Female,39,3,1,Laboratory Technician,4,Divorced,2835,2561,5,No,22,4,1,1,7,2,3,1,0,0,0,EMP0119,0.0,0.0,2.0,0.0,Low,Medium,0,10.0,Low,0,Early-Career Explorer
43,0,Travel_Frequently,394,Sales,26,2,Life Sciences,3,Male,92,3,4,Manager,4,Married,16959,19494,1,Yes,12,3,4,2,25,3,4,25,12,4,12,EMP0120,0.16,0.48,0.12,0.48,High,Low,1,28.0,Low,2,Experienced Professional
30,0,Travel_Frequently,1312,Research & Development,23,3,Life Sciences,1,Male,96,1,1,Research Scientist,3,Divorced,2613,22310,1,No,25,4,3,3,10,2,2,10,7,0,9,EMP0121,0.0,0.7,0.2,0.9,High,Medium,0,49.5,Medium,1,Developing Professional
33,0,Non-Travel,750,Sales,22,2,Marketing,3,Male,95,3,2,Sales Executive,2,Married,6146,15480,0,No,13,3,1,1,8,2,4,7,7,0,7,EMP0122,0.0,1.0,0.2857142857142857,1.0,High,Medium,0,65.0,High,1,Developing Professional
56,1,Travel_Rarely,441,Research & Development,14,4,Life Sciences,2,Female,72,3,1,Research Scientist,2,Married,4963,4510,9,Yes,18,3,1,3,7,2,3,5,4,4,3,EMP0123,0.8,0.8,0.4,0.6,Medium,Medium,1,85.0,High,1,Developing Professional
51,0,Travel_Rarely,684,Research & Development,6,3,Life Sciences,1,Male,51,3,5,Research Director,3,Single,19537,6462,7,No,13,3,3,0,23,5,3,20,18,15,15,EMP0124,0.75,0.9,0.25,0.75,High,Low,1,73.25,High,2,Experienced Professional
31,1,Travel_Rarely,249,Sales,6,4,Life Sciences,2,Male,76,1,2,Sales Executive,3,Married,6172,20739,4,Yes,18,3,2,0,12,3,2,7,7,7,7,EMP0125,1.0,1.0,0.4285714285714285,1.0,High,Low,1,90.0,High,2,Experienced Professional
26,0,Travel_Rarely,841,Research & Development,6,3,Other,3,Female,46,2,1,Research Scientist,2,Married,2368,23300,1,No,19,3,3,0,5,3,2,5,4,4,3,EMP0126,0.8,0.8,0.6,0.6,Medium,Low,1,75.0,High,1,Developing Professional
58,1,Travel_Rarely,147,Research & Development,23,4,Medical,4,Female,94,3,3,Healthcare Representative,4,Married,10312,3465,1,No,12,3,4,1,40,3,2,40,10,15,6,EMP0127,0.375,0.25,0.075,0.15,High,Low,1,24.75,Low,2,Experienced Professional
19,1,Travel_Rarely,528,Sales,22,1,Marketing,4,Male,50,3,1,Sales Representative,3,Single,1675,26820,1,Yes,19,3,4,0,0,2,2,0,0,0,0,EMP0128,0.0,0.0,2.0,0.0,Low,Medium,0,15.0,Low,0,Early-Career Explorer
22,0,Travel_Rarely,594,Research & Development,2,1,Technical Degree,3,Male,100,3,1,Laboratory Technician,4,Married,2523,19299,0,No,14,3,3,1,3,2,3,2,1,2,1,EMP0129,1.0,0.5,1.0,0.5,Low,Medium,0,72.5,High,1,Developing Professional
49,0,Travel_Rarely,470,Research & Development,20,4,Medical,3,Female,96,3,2,Manufacturing Director,1,Married,6567,5549,1,No,14,3,3,0,16,2,2,15,11,5,11,EMP0130,0.3333333333333333,0.7333333333333333,0.1333333333333333,0.7333333333333333,High,Medium,1,71.33333333333333,High,2,Experienced Professional
43,0,Travel_Frequently,957,Research & Development,28,3,Medical,2,Female,72,4,1,Research Scientist,3,Single,4739,16090,4,No,12,3,4,0,18,2,3,3,2,1,2,EMP0131,0.3333333333333333,0.6666666666666666,0.6666666666666666,0.6666666666666666,Low,Medium,0,58.33333333333333,Medium,1,Developing Professional
50,0,Travel_Frequently,809,Sales,12,3,Marketing,3,Female,77,3,3,Sales Executive,4,Single,9208,6645,4,No,11,3,4,0,16,3,3,2,2,2,1,EMP0132,1.0,1.0,1.5,0.5,Low,Low,0,77.5,High,1,Developing Professional
31,1,Travel_Rarely,542,Sales,20,3,Life Sciences,2,Female,71,1,2,Sales Executive,3,Married,4559,24788,3,Yes,11,3,3,1,4,2,3,2,2,2,2,EMP0133,1.0,1.0,1.0,1.0,Low,Medium,0,100.0,High,1,Developing Professional
41,0,Travel_Rarely,802,Sales,9,1,Life Sciences,3,Male,96,3,3,Sales Executive,3,Divorced,8189,21196,3,Yes,13,3,3,1,12,2,3,9,7,0,7,EMP0134,0.0,0.7777777777777778,0.2222222222222222,0.7777777777777778,High,Medium,0,50.0,Medium,1,Developing Professional
26,0,Travel_Rarely,1355,Human Resources,25,1,Life Sciences,3,Female,61,3,1,Human Resources,3,Married,2942,8916,1,No,23,4,4,1,8,3,3,8,7,5,7,EMP0135,0.625,0.875,0.375,0.875,High,Low,1,69.375,High,1,Developing Professional
36,0,Travel_Rarely,216,Research & Development,6,2,Medical,2,Male,84,3,2,Manufacturing Director,2,Divorced,4941,2819,6,No,20,4,4,2,7,0,3,3,2,0,1,EMP0136,0.0,0.6666666666666666,0.0,0.3333333333333333,Low,Medium,0,65.0,High,1,Developing Professional
51,1,Travel_Frequently,1150,Research & Development,8,4,Life Sciences,1,Male,53,1,3,Manufacturing Director,4,Single,10650,25150,2,No,15,3,4,0,18,2,3,4,2,0,3,EMP0137,0.0,0.5,0.5,0.75,Low,Medium,0,36.25,Medium,1,Developing Professional
39,0,Travel_Rarely,1329,Sales,4,4,Life Sciences,4,Female,47,2,2,Sales Executive,3,Married,5902,14590,4,No,14,3,3,1,17,1,4,15,11,5,9,EMP0138,0.3333333333333333,0.7333333333333333,0.0666666666666666,0.6,High,High,1,69.33333333333333,High,2,Experienced Professional
25,0,Travel_Rarely,959,Sales,28,3,Life Sciences,1,Male,41,2,2,Sales Executive,3,Married,8639,24835,2,No,18,3,4,0,6,3,3,2,2,2,2,EMP0139,1.0,1.0,1.5,1.0,Low,Low,0,90.0,High,1,Developing Professional
30,0,Travel_Rarely,1240,Human Resources,9,3,Human Resources,3,Male,48,3,2,Human Resources,4,Married,6347,13982,0,Yes,19,3,4,0,12,2,1,11,9,4,7,EMP0140,0.3636363636363636,0.8181818181818182,0.1818181818181818,0.6363636363636364,High,Medium,1,58.63636363636364,Medium,2,Experienced Professional
32,1,Travel_Rarely,1033,Research & Development,9,3,Medical,1,Female,41,3,1,Laboratory Technician,1,Single,4200,10224,7,No,22,4,1,0,10,2,4,5,4,0,4,EMP0141,0.0,0.8,0.4,0.8,Medium,Medium,0,61.0,High,1,Developing Professional
45,0,Travel_Rarely,1316,Research & Development,29,3,Medical,3,Male,83,3,1,Research Scientist,4,Single,3452,9752,5,No,13,3,2,0,9,2,2,6,5,0,3,EMP0142,0.0,0.8333333333333334,0.3333333333333333,0.5,Medium,Medium,0,42.5,Medium,1,Developing Professional
38,0,Travel_Rarely,364,Research & Development,3,5,Technical Degree,4,Female,32,3,2,Research Scientist,3,Single,4317,2302,3,Yes,20,4,2,0,19,2,3,3,2,2,2,EMP0143,0.6666666666666666,0.6666666666666666,0.6666666666666666,0.6666666666666666,Low,Medium,0,71.66666666666666,High,1,Developing Professional
30,0,Travel_Rarely,438,Research & Development,18,3,Life Sciences,1,Female,75,3,1,Research Scientist,3,Single,2632,23910,1,No,14,3,3,0,5,4,2,5,4,0,4,EMP0144,0.0,0.8,0.8,0.8,Medium,Low,0,41.0,Medium,1,Developing Professional
32,0,Travel_Frequently,689,Sales,9,2,Medical,4,Male,35,1,2,Sales Executive,4,Divorced,4668,22812,0,No,17,3,4,3,9,2,4,8,7,0,7,EMP0145,0.0,0.875,0.25,0.875,High,Medium,0,49.375,Medium,1,Developing Professional
30,0,Travel_Rarely,201,Research & Development,5,3,Technical Degree,4,Female,84,3,1,Research Scientist,1,Divorced,3204,10415,5,No,14,3,4,1,8,3,3,3,2,2,2,EMP0146,0.6666666666666666,0.6666666666666666,1.0,0.6666666666666666,Low,Low,0,71.66666666666666,High,1,Developing Professional
30,0,Travel_Rarely,1427,Research & Development,2,1,Medical,2,Male,35,2,1,Laboratory Technician,4,Single,2720,11162,0,No,13,3,4,0,6,3,3,5,3,1,2,EMP0147,0.2,0.6,0.6,0.4,Low,Low,0,32.0,Medium,1,Developing Professional
41,0,Travel_Frequently,857,Research & Development,10,3,Life Sciences,4,Male,91,2,4,Manager,1,Divorced,17181,12888,4,No,13,3,2,1,21,2,2,7,6,7,7,EMP0148,1.0,0.8571428571428571,0.2857142857142857,1.0,High,Medium,1,100.0,High,2,Experienced Professional
41,0,Travel_Rarely,933,Research & Development,9,4,Life Sciences,3,Male,94,3,1,Laboratory Technician,1,Married,2238,6961,2,No,21,4,4,1,7,2,3,5,0,1,4,EMP0149,0.2,0.0,0.4,0.8,Low,Medium,0,45.0,Medium,1,Developing Professional
19,0,Travel_Rarely,1181,Research & Development,3,1,Medical,2,Female,79,3,1,Laboratory Technician,2,Single,1483,16102,1,No,14,3,4,0,1,3,3,1,0,0,0,EMP0150,0.0,0.0,3.0,0.0,Low,Low,0,10.0,Low,0,Early-Career Explorer
40,0,Travel_Frequently,1395,Research & Development,26,3,Medical,2,Female,54,3,2,Research Scientist,2,Divorced,5605,8504,1,No,11,3,1,1,20,2,3,20,7,2,13,EMP0151,0.1,0.35,0.1,0.65,High,Medium,0,44.25,Medium,2,Experienced Professional
35,0,Travel_Rarely,662,Sales,1,5,Marketing,3,Male,94,3,3,Sales Executive,2,Married,7295,11439,1,No,13,3,1,2,10,3,3,10,8,0,6,EMP0152,0.0,0.8,0.3,0.6,High,Low,0,43.0,Medium,1,Developing Professional
53,0,Travel_Rarely,1436,Sales,6,2,Marketing,2,Male,34,3,2,Sales Representative,3,Married,2306,16047,2,Yes,20,4,4,1,13,3,1,7,7,4,5,EMP0153,0.5714285714285714,1.0,0.4285714285714285,0.7142857142857143,High,Low,1,68.57142857142857,High,1,Developing Professional
45,0,Travel_Rarely,194,Research & Development,9,3,Life Sciences,2,Male,60,3,2,Laboratory Technician,2,Divorced,2348,10901,8,No,18,3,3,1,20,2,1,17,9,0,15,EMP0154,0.0,0.5294117647058824,0.1176470588235294,0.8823529411764706,High,Medium,0,49.11764705882353,Medium,2,Experienced Professional
32,0,Travel_Frequently,967,Sales,8,3,Marketing,2,Female,43,3,3,Sales Executive,4,Single,8998,15589,1,No,14,3,4,0,9,2,3,9,8,3,7,EMP0155,0.3333333333333333,0.8888888888888888,0.2222222222222222,0.7777777777777778,High,Medium,1,61.66666666666666,High,2,Experienced Professional
29,0,Non-Travel,1496,Research & Development,1,1,Technical Degree,4,Male,41,3,2,Manufacturing Director,3,Married,4319,26283,1,No,13,3,1,1,10,1,3,10,7,0,9,EMP0156,0.0,0.7,0.1,0.9,High,High,0,59.5,Medium,1,Developing Professional
51,0,Travel_Rarely,1169,Research & Development,7,4,Medical,2,Male,34,2,2,Manufacturing Director,3,Married,6132,13983,2,No,17,3,3,0,10,2,3,1,0,0,0,EMP0157,0.0,0.0,2.0,0.0,Low,Medium,0,15.0,Low,0,Early-Career Explorer
58,0,Travel_Rarely,1145,Research & Development,9,3,Medical,2,Female,75,2,1,Research Scientist,2,Married,3346,11873,4,Yes,20,4,2,1,9,3,2,1,0,0,0,EMP0158,0.0,0.0,3.0,0.0,Low,Low,0,10.0,Low,0,Early-Career Explorer
40,0,Travel_Rarely,630,Sales,4,4,Marketing,3,Male,67,2,3,Sales Executive,4,Married,10855,8552,7,No,11,3,1,1,15,2,2,12,11,2,11,EMP0159,0.1666666666666666,0.9166666666666666,0.1666666666666666,0.9166666666666666,High,Medium,0,57.91666666666666,Medium,2,Experienced Professional
34,0,Travel_Frequently,303,Sales,2,4,Marketing,3,Female,75,3,1,Sales Representative,3,Married,2231,11314,6,No,18,3,4,1,6,3,3,4,3,1,2,EMP0160,0.25,0.75,0.75,0.5,Low,Low,0,45.0,Medium,1,Developing Professional
22,0,Travel_Rarely,1256,Research & Development,19,1,Medical,3,Male,80,3,1,Research Scientist,4,Married,2323,11992,1,No,24,4,1,2,2,6,3,2,2,2,2,EMP0161,1.0,1.0,3.0,1.0,Low,Low,0,85.0,High,1,Developing Professional
27,0,Non-Travel,691,Research & Development,9,3,Medical,4,Male,57,3,1,Research Scientist,2,Divorced,2024,5970,6,No,18,3,4,1,6,1,1,2,2,2,2,EMP0162,1.0,1.0,0.5,1.0,Low,Medium,0,100.0,High,1,Developing Professional
28,0,Travel_Rarely,440,Research & Development,21,3,Medical,3,Male,42,3,1,Research Scientist,4,Married,2713,6672,1,No,11,3,3,1,5,2,1,5,2,0,2,EMP0163,0.0,0.4,0.4,0.4,Low,Medium,0,28.0,Low,1,Developing Professional
57,0,Travel_Rarely,334,Research & Development,24,2,Life Sciences,3,Male,83,4,3,Healthcare Representative,4,Divorced,9439,23402,3,Yes,16,3,2,1,12,2,1,5,3,1,4,EMP0164,0.2,0.6,0.4,0.8,Low,Medium,0,48.0,Medium,1,Developing Professional
27,0,Non-Travel,1450,Research & Development,3,3,Medical,3,Male,79,2,1,Research Scientist,3,Divorced,2566,25326,1,Yes,15,3,4,1,1,2,2,1,1,0,1,EMP0165,0.0,1.0,2.0,1.0,Low,Medium,0,60.0,High,1,Developing Professional
50,0,Travel_Rarely,1452,Research & Development,11,3,Life Sciences,3,Female,53,3,5,Manager,2,Single,19926,17053,3,No,15,3,2,0,21,5,3,5,4,4,4,EMP0166,0.8,0.8,1.0,0.8,Medium,Low,1,78.0,High,2,Experienced Professional
41,0,Travel_Rarely,465,Research & Development,14,3,Life Sciences,1,Male,56,3,1,Research Scientist,3,Divorced,2451,4609,4,No,12,3,1,1,13,2,3,9,8,1,8,EMP0167,0.1111111111111111,0.8888888888888888,0.2222222222222222,0.8888888888888888,High,Medium,0,59.44444444444444,Medium,1,Developing Professional
30,0,Travel_Rarely,1339,Sales,5,3,Life Sciences,2,Female,41,3,3,Sales Executive,4,Married,9419,8053,2,No,12,3,3,1,12,2,3,10,9,7,4,EMP0168,0.7,0.9,0.2,0.4,High,Medium,1,71.0,High,2,Experienced Professional
38,0,Travel_Rarely,702,Sales,1,4,Life Sciences,1,Female,59,2,2,Sales Executive,4,Single,8686,12930,4,No,22,4,3,0,12,2,4,8,3,0,7,EMP0169,0.0,0.375,0.25,0.875,Low,Medium,0,34.375,Medium,1,Developing Professional
32,0,Travel_Rarely,120,Research & Development,6,5,Life Sciences,3,Male,43,3,1,Research Scientist,3,Single,3038,12430,3,No,20,4,1,0,8,2,3,5,4,1,4,EMP0170,0.2,0.8,0.4,0.8,Medium,Medium,0,59.0,Medium,1,Developing Professional
27,0,Travel_Rarely,1157,Research & Development,17,3,Technical Degree,3,Male,51,3,1,Research Scientist,2,Married,3058,13364,0,Yes,16,3,4,1,6,3,2,5,2,1,1,EMP0171,0.2,0.4,0.6,0.2,Low,Low,0,33.0,Medium,1,Developing Professional
19,1,Travel_Frequently,602,Sales,1,1,Technical Degree,3,Female,100,1,1,Sales Representative,1,Single,2325,20989,0,No,21,4,1,0,1,5,4,0,0,0,0,EMP0172,0.0,0.0,5.0,0.0,Low,Low,0,15.0,Low,0,Early-Career Explorer
36,0,Travel_Frequently,1480,Research & Development,3,2,Medical,4,Male,30,3,1,Laboratory Technician,2,Single,2088,15062,4,No,12,3,3,0,13,3,2,8,7,7,2,EMP0173,0.875,0.875,0.375,0.25,High,Low,1,75.0,High,1,Developing Professional
30,0,Non-Travel,111,Research & Development,9,3,Medical,3,Male,66,3,2,Laboratory Technician,1,Divorced,3072,11012,1,No,11,3,3,2,12,4,3,12,9,6,10,EMP0174,0.5,0.75,0.3333333333333333,0.8333333333333334,High,Low,1,70.0,High,2,Experienced Professional
45,0,Travel_Rarely,1268,Sales,4,2,Life Sciences,3,Female,30,3,2,Sales Executive,1,Divorced,5006,6319,4,Yes,11,3,1,1,9,3,4,5,4,0,3,EMP0175,0.0,0.8,0.6,0.6,Medium,Low,0,48.0,Medium,1,Developing Professional
56,0,Travel_Rarely,713,Research & Development,8,3,Life Sciences,3,Female,67,3,1,Research Scientist,1,Divorced,4257,13939,4,Yes,18,3,3,1,19,3,3,2,2,2,2,EMP0176,1.0,1.0,1.5,1.0,Low,Low,0,100.0,High,1,Developing Professional
33,0,Travel_Rarely,134,Research & Development,2,3,Life Sciences,3,Male,90,3,1,Research Scientist,4,Single,2500,10515,0,No,14,3,1,0,4,2,4,3,1,0,2,EMP0177,0.0,0.3333333333333333,0.6666666666666666,0.6666666666666666,Low,Medium,0,30.0,Medium,1,Developing Professional
19,1,Travel_Rarely,303,Research & Development,2,3,Life Sciences,2,Male,47,2,1,Laboratory Technician,4,Single,1102,9241,1,No,22,4,3,0,1,3,2,1,0,1,0,EMP0178,1.0,0.0,3.0,0.0,Low,Low,0,40.0,Medium,0,Early-Career Explorer
46,0,Travel_Rarely,526,Sales,1,2,Marketing,2,Female,92,3,3,Sales Executive,1,Divorced,10453,2137,1,No,25,4,3,3,24,2,3,24,13,15,7,EMP0179,0.625,0.5416666666666666,0.0833333333333333,0.2916666666666667,High,Medium,1,70.625,High,2,Experienced Professional
38,0,Travel_Rarely,1380,Research & Development,9,2,Life Sciences,3,Female,75,3,1,Laboratory Technician,4,Single,2288,6319,1,No,12,3,3,0,2,3,3,2,2,2,1,EMP0180,1.0,1.0,1.5,0.5,Low,Low,0,77.5,High,1,Developing Professional
31,0,Travel_Rarely,140,Research & Development,12,1,Medical,3,Female,95,3,1,Research Scientist,4,Married,3929,6984,8,Yes,23,4,3,1,7,0,3,4,2,0,2,EMP0181,0.0,0.5,0.0,0.5,Low,Medium,0,52.5,Medium,1,Developing Professional
34,0,Travel_Rarely,629,Research & Development,27,2,Medical,4,Female,95,3,1,Research Scientist,2,Single,2311,5711,2,No,15,3,4,0,9,3,3,3,2,1,2,EMP0182,0.3333333333333333,0.6666666666666666,1.0,0.6666666666666666,Low,Low,0,53.33333333333333,Medium,1,Developing Professional
41,1,Travel_Rarely,1356,Sales,20,2,Marketing,2,Female,70,3,1,Sales Representative,2,Single,3140,21728,1,Yes,22,4,4,0,4,5,2,4,3,0,2,EMP0183,0.0,0.75,1.25,0.5,Low,Low,0,40.0,Medium,1,Developing Professional
50,0,Travel_Rarely,328,Research & Development,1,3,Medical,3,Male,86,2,1,Laboratory Technician,3,Married,3690,3425,2,No,15,3,4,1,5,2,2,3,2,0,2,EMP0184,0.0,0.6666666666666666,0.6666666666666666,0.6666666666666666,Low,Medium,0,45.0,Medium,1,Developing Professional
53,0,Travel_Rarely,1084,Research & Development,13,2,Medical,4,Female,57,4,2,Manufacturing Director,1,Divorced,4450,26250,1,No,11,3,3,2,5,3,3,4,2,1,3,EMP0185,0.25,0.5,0.75,0.75,Low,Low,0,51.25,Medium,1,Developing Professional
33,0,Travel_Rarely,931,Research & Development,14,3,Medical,4,Female,72,3,1,Research Scientist,2,Married,2756,4673,1,No,13,3,4,1,8,5,3,8,7,1,6,EMP0186,0.125,0.875,0.625,0.75,High,Low,0,52.5,Medium,1,Developing Professional
40,0,Travel_Rarely,989,Research & Development,4,1,Medical,4,Female,46,3,5,Manager,3,Married,19033,6499,1,No,14,3,2,1,21,2,3,20,8,9,9,EMP0187,0.45,0.4,0.1,0.45,High,Medium,1,51.75,Medium,2,Experienced Professional
55,0,Travel_Rarely,692,Research & Development,14,4,Medical,3,Male,61,4,5,Research Director,2,Single,18722,13339,8,No,11,3,4,0,36,3,3,24,15,2,15,EMP0188,0.0833333333333333,0.625,0.125,0.625,High,Low,0,41.45833333333333,Medium,2,Experienced Professional
34,0,Travel_Frequently,1069,Research & Development,2,1,Life Sciences,4,Male,45,2,2,Manufacturing Director,3,Married,9547,14074,1,No,17,3,3,0,10,2,2,10,9,1,9,EMP0189,0.1,0.9,0.2,0.9,High,Medium,0,59.5,Medium,1,Developing Professional
51,0,Travel_Rarely,313,Research & Development,3,3,Medical,4,Female,98,3,4,Healthcare Representative,2,Single,13734,7192,3,No,18,3,3,0,21,6,3,7,7,1,0,EMP0190,0.1428571428571428,1.0,0.8571428571428571,0.0,High,Low,0,45.71428571428572,Medium,1,Developing Professional
52,0,Travel_Rarely,699,Research & Development,1,4,Life Sciences,3,Male,65,2,5,Manager,3,Married,19999,5678,0,No,14,3,1,1,34,5,3,33,18,11,9,EMP0191,0.3333333333333333,0.5454545454545454,0.1515151515151515,0.2727272727272727,High,Low,1,38.78787878787879,Medium,2,Experienced Professional
27,0,Travel_Rarely,894,Research & Development,9,3,Medical,4,Female,99,3,1,Research Scientist,2,Single,2279,11781,1,No,16,3,4,0,7,2,2,7,7,0,3,EMP0192,0.0,1.0,0.2857142857142857,0.4285714285714285,High,Medium,0,56.42857142857143,Medium,1,Developing Professional
35,1,Travel_Rarely,556,Research & Development,23,2,Life Sciences,2,Male,50,2,2,Manufacturing Director,3,Married,5916,15497,3,Yes,13,3,1,0,8,1,3,1,0,0,1,EMP0193,0.0,0.0,1.0,1.0,Low,Medium,0,40.0,Medium,1,Developing Professional
43,0,Non-Travel,1344,Research & Development,7,3,Medical,4,Male,37,4,1,Research Scientist,4,Divorced,2089,5228,4,No,14,3,4,3,7,3,4,5,4,2,2,EMP0194,0.4,0.8,0.6,0.4,Medium,Low,0,46.0,Medium,1,Developing Professional
45,0,Non-Travel,1195,Research & Development,2,2,Medical,1,Male,65,2,4,Manager,4,Married,16792,20462,9,No,23,4,4,1,22,1,3,20,8,11,8,EMP0195,0.55,0.4,0.05,0.4,High,High,1,60.0,High,2,Experienced Professional
37,0,Travel_Rarely,290,Research & Development,21,3,Life Sciences,2,Male,65,4,1,Research Scientist,1,Married,3564,22977,1,Yes,12,3,1,1,8,3,2,8,7,1,7,EMP0196,0.125,0.875,0.375,0.875,High,Low,0,59.375,Medium,1,Developing Professional
35,0,Travel_Frequently,138,Research & Development,2,3,Medical,2,Female,37,3,2,Laboratory Technician,2,Single,4425,15986,5,No,11,3,4,0,10,5,3,6,2,1,2,EMP0197,0.1666666666666666,0.3333333333333333,0.8333333333333334,0.3333333333333333,Low,Low,0,31.666666666666664,Medium,1,Developing Professional
42,0,Non-Travel,926,Research & Development,21,2,Medical,3,Female,36,3,2,Manufacturing Director,3,Divorced,5265,16439,2,No,16,3,2,1,11,5,3,5,3,0,2,EMP0198,0.0,0.6,1.0,0.4,Low,Low,0,29.0,Low,1,Developing Professional
38,0,Travel_Rarely,1261,Research & Development,2,4,Life Sciences,4,Male,88,3,2,Manufacturing Director,3,Married,6553,7259,9,No,14,3,2,0,14,3,3,1,0,0,0,EMP0199,0.0,0.0,3.0,0.0,Low,Low,0,5.0,Low,0,Early-Career Explorer
38,0,Travel_Rarely,1084,Research & Development,29,3,Technical Degree,4,Male,54,3,2,Manufacturing Director,4,Married,6261,4185,3,No,18,3,1,1,9,3,1,7,7,1,7,EMP0200,0.1428571428571428,1.0,0.4285714285714285,1.0,High,Low,0,50.71428571428572,Medium,1,Developing Professional
27,0,Travel_Frequently,472,Research & Development,1,1,Technical Degree,3,Male,60,2,2,Manufacturing Director,1,Married,4298,9679,5,No,19,3,3,1,6,1,3,2,2,2,0,EMP0201,1.0,1.0,0.5,0.0,Low,Medium,0,100.0,High,1,Developing Professional
49,0,Non-Travel,1002,Research & Development,18,4,Life Sciences,4,Male,92,3,2,Manufacturing Director,4,Divorced,6804,23793,1,Yes,15,3,1,2,7,0,3,7,7,1,7,EMP0202,0.1428571428571428,1.0,0.0,1.0,High,High,0,80.71428571428572,High,1,Developing Professional
34,0,Travel_Frequently,878,Research & Development,10,4,Medical,4,Male,43,3,1,Research Scientist,3,Divorced,3815,5972,1,Yes,17,3,4,1,5,4,4,5,3,2,0,EMP0203,0.4,0.6,0.8,0.0,Low,Low,0,39.0,Medium,1,Developing Professional
40,0,Travel_Rarely,905,Research & Development,19,2,Medical,3,Male,99,3,2,Laboratory Technician,4,Married,2741,16523,8,Yes,15,3,3,1,15,2,4,7,2,3,7,EMP0204,0.4285714285714285,0.2857142857142857,0.2857142857142857,1.0,Medium,Medium,0,50.71428571428572,Medium,1,Developing Professional
38,1,Travel_Rarely,1180,Research & Development,29,1,Medical,2,Male,70,3,2,Healthcare Representative,1,Married,6673,11354,7,Yes,19,3,2,0,17,2,3,1,0,0,0,EMP0205,0.0,0.0,2.0,0.0,Low,Medium,0,25.0,Low,0,Early-Career Explorer
29,1,Travel_Rarely,121,Sales,27,3,Marketing,2,Female,35,3,3,Sales Executive,4,Married,7639,24525,1,No,22,4,4,3,10,3,2,10,4,1,9,EMP0206,0.1,0.4,0.3,0.9,Medium,Low,0,29.5,Low,1,Developing Professional
22,0,Travel_Rarely,1136,Research & Development,5,3,Life Sciences,4,Male,60,4,1,Research Scientist,2,Divorced,2328,12392,1,Yes,16,3,1,1,4,2,2,4,2,2,2,EMP0207,0.5,0.5,0.5,0.5,Low,Medium,0,62.5,High,1,Developing Professional
36,0,Travel_Frequently,635,Research & Development,18,1,Medical,2,Female,73,3,1,Laboratory Technician,4,Single,2153,7703,1,No,13,3,1,0,8,2,3,8,1,1,7,EMP0208,0.125,0.125,0.25,0.875,Low,Medium,0,31.875,Medium,1,Developing Professional
40,0,Non-Travel,1151,Research & Development,9,5,Life Sciences,4,Male,63,2,2,Healthcare Representative,4,Married,4876,14242,9,No,14,3,4,1,5,5,1,3,2,0,2,EMP0209,0.0,0.6666666666666666,1.6666666666666667,0.6666666666666666,Low,Low,0,30.0,Medium,1,Developing Professional
46,0,Travel_Rarely,644,Research & Development,1,4,Medical,4,Male,97,3,3,Healthcare Representative,1,Divorced,9396,12368,7,No,16,3,3,1,17,3,3,4,2,0,3,EMP0210,0.0,0.5,0.75,0.75,Low,Low,0,41.25,Medium,1,Developing Professional
32,1,Travel_Rarely,1045,Sales,4,4,Medical,4,Male,32,1,3,Sales Executive,4,Married,10400,25812,1,No,11,3,3,0,14,2,2,14,8,9,8,EMP0211,0.6428571428571429,0.5714285714285714,0.1428571428571428,0.5714285714285714,High,Medium,1,61.42857142857143,High,2,Experienced Professional
30,0,Non-Travel,829,Research & Development,1,1,Life Sciences,3,Male,88,2,3,Manufacturing Director,3,Single,8474,20925,1,No,22,4,3,0,12,2,3,11,8,5,8,EMP0212,0.4545454545454545,0.7272727272727273,0.1818181818181818,0.7272727272727273,High,Medium,1,65.9090909090909,High,2,Experienced Professional
27,0,Travel_Frequently,1242,Sales,20,3,Life Sciences,4,Female,90,3,2,Sales Executive,3,Single,9981,12916,1,No,14,3,4,0,7,2,3,7,7,0,7,EMP0213,0.0,1.0,0.2857142857142857,1.0,High,Medium,0,60.0,High,1,Developing Professional
51,0,Travel_Rarely,1469,Research & Development,8,4,Life Sciences,2,Male,81,2,3,Research Director,2,Married,12490,15736,5,No,16,3,4,2,16,5,1,10,9,4,7,EMP0214,0.4,0.9,0.5,0.7,High,Low,1,63.5,High,2,Experienced Professional
30,1,Travel_Rarely,1005,Research & Development,3,3,Technical Degree,4,Female,88,3,1,Research Scientist,1,Single,2657,8556,5,Yes,11,3,3,0,8,5,3,5,2,0,4,EMP0215,0.0,0.4,1.0,0.8,Low,Low,0,39.0,Medium,1,Developing Professional
41,0,Travel_Rarely,896,Sales,6,3,Life Sciences,4,Female,75,3,3,Manager,4,Single,13591,14674,3,Yes,18,3,3,0,16,3,3,1,0,0,0,EMP0216,0.0,0.0,3.0,0.0,Low,Low,0,0.0,Low,0,Early-Career Explorer
30,1,Travel_Frequently,334,Sales,26,4,Marketing,3,Female,52,2,2,Sales Executive,1,Single,6696,22967,5,No,15,3,3,0,9,5,2,6,3,0,1,EMP0217,0.0,0.5,0.8333333333333334,0.1666666666666666,Low,Low,0,32.5,Medium,1,Developing Professional
29,1,Travel_Rarely,992,Research & Development,1,3,Technical Degree,3,Male,85,3,1,Research Scientist,3,Single,2058,19757,0,No,14,3,4,0,7,1,2,6,2,1,5,EMP0218,0.1666666666666666,0.3333333333333333,0.1666666666666666,0.8333333333333334,Low,Medium,0,54.16666666666666,Medium,1,Developing Professional
45,0,Non-Travel,1052,Sales,6,3,Medical,4,Female,57,2,3,Sales Executive,4,Single,8865,16840,6,No,12,3,4,0,23,2,3,19,7,12,8,EMP0219,0.631578947368421,0.3684210526315789,0.1052631578947368,0.4210526315789473,High,Medium,1,52.631578947368425,Medium,2,Experienced Professional
54,0,Travel_Rarely,1147,Sales,3,3,Marketing,4,Female,52,3,2,Sales Executive,1,Married,5940,17011,2,No,14,3,4,1,16,4,3,6,2,0,5,EMP0220,0.0,0.3333333333333333,0.6666666666666666,0.8333333333333334,Low,Low,0,37.5,Medium,1,Developing Professional
36,0,Travel_Rarely,1396,Research & Development,5,2,Life Sciences,4,Male,62,3,2,Laboratory Technician,2,Single,5914,9945,8,No,16,3,4,0,16,3,4,13,11,3,7,EMP0221,0.2307692307692307,0.8461538461538461,0.2307692307692307,0.5384615384615384,High,Low,1,52.69230769230769,Medium,2,Experienced Professional
33,0,Travel_Rarely,147,Research & Development,4,4,Medical,3,Female,47,2,1,Research Scientist,2,Married,2622,13248,6,No,21,4,4,0,7,3,3,3,2,1,1,EMP0222,0.3333333333333333,0.6666666666666666,1.0,0.3333333333333333,Low,Low,0,48.33333333333333,Medium,1,Developing Professional
37,0,Travel_Frequently,663,Research & Development,11,3,Other,2,Male,47,3,3,Research Director,4,Divorced,12185,10056,1,Yes,14,3,3,3,10,1,3,10,8,0,7,EMP0223,0.0,0.8,0.1,0.7,High,High,0,54.5,Medium,1,Developing Professional
38,0,Travel_Rarely,119,Sales,3,3,Life Sciences,1,Male,76,3,3,Sales Executive,3,Divorced,10609,9647,0,No,12,3,3,2,17,6,2,16,10,5,13,EMP0224,0.3125,0.625,0.375,0.8125,High,Low,1,48.4375,Medium,2,Experienced Professional
31,0,Non-Travel,979,Research & Development,1,4,Medical,3,Male,90,1,2,Manufacturing Director,3,Married,4345,4381,0,No,12,3,4,1,6,2,3,5,4,1,4,EMP0225,0.2,0.8,0.4,0.8,Medium,Medium,0,59.0,Medium,1,Developing Professional
59,0,Travel_Rarely,142,Research & Development,3,3,Life Sciences,3,Male,70,2,1,Research Scientist,4,Married,2177,8456,3,No,17,3,1,1,7,6,3,1,0,0,0,EMP0226,0.0,0.0,6.0,0.0,Low,Low,0,0.0,Low,0,Early-Career Explorer
37,0,Travel_Frequently,319,Sales,4,4,Marketing,1,Male,41,3,1,Sales Representative,4,Divorced,2793,2539,4,No,17,3,3,1,13,2,3,9,8,5,8,EMP0227,0.5555555555555556,0.8888888888888888,0.2222222222222222,0.8888888888888888,High,Medium,1,72.22222222222221,High,2,Experienced Professional
29,0,Travel_Frequently,1413,Sales,1,1,Medical,2,Female,42,3,3,Sales Executive,4,Married,7918,6599,1,No,14,3,4,1,11,5,3,11,10,4,1,EMP0228,0.3636363636363636,0.9090909090909092,0.4545454545454545,0.0909090909090909,High,Low,1,43.18181818181819,Medium,2,Experienced Professional
35,0,Travel_Frequently,944,Sales,1,3,Marketing,3,Female,92,3,3,Sales Executive,3,Single,8789,9096,1,No,14,3,1,0,10,3,4,10,7,0,8,EMP0229,0.0,0.7,0.3,0.8,High,Low,0,38.0,Medium,1,Developing Professional
29,1,Travel_Rarely,896,Research & Development,18,1,Medical,3,Male,86,2,1,Research Scientist,4,Single,2389,14961,1,Yes,13,3,3,0,4,3,2,4,3,0,1,EMP0230,0.0,0.75,0.75,0.25,Low,Low,0,26.25,Low,1,Developing Professional
52,0,Travel_Rarely,1323,Research & Development,2,3,Life Sciences,3,Female,89,2,1,Laboratory Technician,4,Single,3212,3300,7,No,15,3,2,0,6,3,2,2,2,2,2,EMP0231,1.0,1.0,1.5,1.0,Low,Low,0,85.0,High,1,Developing Professional
42,0,Travel_Rarely,532,Research & Development,4,2,Technical Degree,3,Male,58,3,5,Manager,4,Married,19232,4933,1,No,11,3,4,0,22,3,3,22,17,11,15,EMP0232,0.5,0.7727272727272727,0.1363636363636363,0.6818181818181818,High,Low,1,53.40909090909091,Medium,2,Experienced Professional
59,0,Travel_Rarely,818,Human Resources,6,2,Medical,2,Male,52,3,1,Human Resources,3,Married,2267,25657,8,No,17,3,4,0,7,2,2,2,2,2,2,EMP0233,1.0,1.0,1.0,1.0,Low,Medium,0,100.0,High,1,Developing Professional
50,0,Travel_Rarely,854,Sales,1,4,Medical,4,Female,68,3,5,Manager,4,Divorced,19517,24118,3,No,11,3,3,1,32,3,2,7,0,0,6,EMP0234,0.0,0.0,0.4285714285714285,0.8571428571428571,Low,Low,0,12.857142857142856,Low,1,Developing Professional
33,1,Travel_Rarely,813,Research & Development,14,3,Medical,3,Male,58,3,1,Laboratory Technician,4,Married,2436,22149,5,Yes,13,3,3,1,8,2,1,5,4,0,4,EMP0235,0.0,0.8,0.4,0.8,Medium,Medium,0,46.0,Medium,1,Developing Professional
43,0,Travel_Rarely,1034,Sales,16,3,Marketing,4,Female,80,3,4,Manager,4,Married,16064,7744,5,Yes,22,4,3,1,22,3,3,17,13,1,9,EMP0236,0.0588235294117647,0.7647058823529411,0.1764705882352941,0.5294117647058824,High,Low,0,33.23529411764706,Medium,2,Experienced Professional
33,1,Travel_Rarely,465,Research & Development,2,2,Life Sciences,1,Female,39,3,1,Laboratory Technician,1,Married,2707,21509,7,No,20,4,1,0,13,3,4,9,7,1,7,EMP0237,0.1111111111111111,0.7777777777777778,0.3333333333333333,0.7777777777777778,High,Low,0,54.44444444444444,Medium,1,Developing Professional
52,0,Non-Travel,771,Sales,2,4,Life Sciences,1,Male,79,2,5,Manager,3,Single,19068,21030,1,Yes,18,3,4,0,33,2,4,33,7,15,12,EMP0238,0.4545454545454545,0.2121212121212121,0.0606060606060606,0.3636363636363636,High,Medium,1,45.0,Medium,2,Experienced Professional
32,0,Travel_Rarely,1401,Sales,4,2,Life Sciences,3,Female,56,3,1,Sales Representative,2,Married,3931,20990,2,No,11,3,1,1,6,5,3,4,3,1,2,EMP0239,0.25,0.75,1.25,0.5,Low,Low,0,50.0,Medium,1,Developing Professional
32,1,Travel_Rarely,515,Research & Development,1,3,Life Sciences,4,Male,62,2,1,Laboratory Technician,3,Single,3730,9571,0,Yes,14,3,4,0,4,2,1,3,2,1,2,EMP0240,0.3333333333333333,0.6666666666666666,0.6666666666666666,0.6666666666666666,Low,Medium,0,58.33333333333333,Medium,1,Developing Professional
39,0,Travel_Rarely,1431,Research & Development,1,4,Medical,3,Female,96,3,1,Laboratory Technician,3,Divorced,2232,15417,7,No,14,3,3,3,7,1,3,3,2,1,2,EMP0241,0.3333333333333333,0.6666666666666666,0.3333333333333333,0.6666666666666666,Low,Medium,0,68.33333333333333,High,1,Developing Professional
32,0,Non-Travel,976,Sales,26,4,Marketing,3,Male,100,3,2,Sales Executive,4,Married,4465,12069,0,No,18,3,1,0,4,2,3,3,2,2,2,EMP0242,0.6666666666666666,0.6666666666666666,0.6666666666666666,0.6666666666666666,Low,Medium,0,66.66666666666666,High,1,Developing Professional
41,0,Travel_Rarely,1411,Research & Development,19,2,Life Sciences,3,Male,36,3,2,Research Scientist,1,Divorced,3072,19877,2,No,16,3,1,2,17,2,2,1,0,0,0,EMP0243,0.0,0.0,2.0,0.0,Low,Medium,0,25.0,Low,0,Early-Career Explorer
40,0,Travel_Rarely,1300,Research & Development,24,2,Technical Degree,1,Male,62,3,2,Research Scientist,4,Divorced,3319,24447,1,No,17,3,1,2,9,3,3,9,8,4,7,EMP0244,0.4444444444444444,0.8888888888888888,0.3333333333333333,0.7777777777777778,High,Low,1,56.11111111111111,Medium,2,Experienced Professional
45,0,Travel_Rarely,252,Research & Development,1,3,Other,3,Male,70,4,5,Manager,4,Married,19202,15970,0,No,11,3,3,1,25,2,3,24,0,1,7,EMP0245,0.0416666666666666,0.0,0.0833333333333333,0.2916666666666667,Low,Medium,0,16.041666666666664,Low,2,Experienced Professional
31,0,Travel_Frequently,1327,Research & Development,3,4,Medical,2,Male,73,3,3,Research Director,3,Divorced,13675,13523,9,No,12,3,1,1,9,3,3,2,2,2,2,EMP0246,1.0,1.0,1.5,1.0,Low,Low,0,90.0,High,1,Developing Professional
33,0,Travel_Rarely,832,Research & Development,5,4,Life Sciences,3,Female,63,2,1,Research Scientist,4,Married,2911,14776,1,No,13,3,3,1,2,2,2,2,2,0,2,EMP0247,0.0,1.0,1.0,1.0,Low,Medium,0,55.0,Medium,1,Developing Professional
34,0,Travel_Rarely,470,Research & Development,2,4,Life Sciences,4,Male,84,2,2,Manufacturing Director,1,Married,5957,23687,6,No,13,3,2,1,13,3,3,11,9,5,9,EMP0248,0.4545454545454545,0.8181818181818182,0.2727272727272727,0.8181818181818182,High,Low,1,70.0,High,2,Experienced Professional
37,0,Travel_Rarely,1017,Research & Development,1,2,Medical,3,Female,83,2,1,Research Scientist,1,Married,3920,18697,2,No,14,3,1,1,17,2,2,3,1,0,2,EMP0249,0.0,0.3333333333333333,0.6666666666666666,0.6666666666666666,Low,Medium,0,45.0,Medium,1,Developing Professional
45,0,Travel_Frequently,1199,Research & Development,7,4,Life Sciences,1,Male,77,4,2,Manufacturing Director,3,Married,6434,5118,4,No,17,3,4,1,9,1,3,3,2,0,2,EMP0250,0.0,0.6666666666666666,0.3333333333333333,0.6666666666666666,Low,Medium,0,55.0,Medium,1,Developing Professional
37,1,Travel_Frequently,504,Research & Development,10,3,Medical,1,Male,61,3,3,Manufacturing Director,3,Divorced,10048,22573,6,No,11,3,2,2,17,5,3,1,0,0,0,EMP0251,0.0,0.0,5.0,0.0,Low,Low,0,5.0,Low,0,Early-Career Explorer
39,0,Travel_Frequently,505,Research & Development,2,4,Technical Degree,3,Female,64,3,3,Healthcare Representative,3,Single,10938,6420,0,No,25,4,4,0,20,1,3,19,6,11,8,EMP0252,0.5789473684210527,0.3157894736842105,0.0526315789473684,0.4210526315789473,High,High,1,63.94736842105264,High,2,Experienced Professional
29,0,Travel_Rarely,665,Research & Development,15,3,Life Sciences,3,Male,60,3,1,Research Scientist,4,Single,2340,22673,1,No,19,3,1,0,6,1,3,6,5,1,5,EMP0253,0.1666666666666666,0.8333333333333334,0.1666666666666666,0.8333333333333334,Medium,High,0,64.16666666666666,High,1,Developing Professional
42,0,Travel_Rarely,916,Research & Development,17,2,Life Sciences,4,Female,82,4,2,Research Scientist,1,Single,6545,23016,3,Yes,13,3,3,0,10,1,3,3,2,0,2,EMP0254,0.0,0.6666666666666666,0.3333333333333333,0.6666666666666666,Low,Medium,0,65.0,High,1,Developing Professional
29,0,Travel_Rarely,1247,Sales,20,2,Marketing,4,Male,45,3,2,Sales Executive,4,Divorced,6931,10732,2,No,14,3,4,1,10,2,3,3,2,0,2,EMP0255,0.0,0.6666666666666666,0.6666666666666666,0.6666666666666666,Low,Medium,0,40.0,Medium,1,Developing Professional
25,0,Travel_Rarely,685,Research & Development,1,3,Life Sciences,1,Female,62,3,2,Manufacturing Director,3,Married,4898,7505,0,No,12,3,4,2,5,3,3,4,2,1,2,EMP0256,0.25,0.5,0.75,0.5,Low,Low,0,37.5,Medium,1,Developing Professional
42,0,Travel_Rarely,269,Research & Development,2,3,Medical,4,Female,56,2,1,Laboratory Technician,1,Divorced,2593,8007,0,Yes,11,3,3,1,10,4,3,9,6,7,8,EMP0257,0.7777777777777778,0.6666666666666666,0.4444444444444444,0.8888888888888888,High,Low,1,79.44444444444444,High,2,Experienced Professional
40,0,Travel_Rarely,1416,Research & Development,2,2,Medical,1,Male,49,3,5,Research Director,3,Divorced,19436,5949,0,No,19,3,4,1,22,5,3,21,7,3,9,EMP0258,0.1428571428571428,0.3333333333333333,0.238095238095238,0.4285714285714285,High,Low,1,27.142857142857142,Low,2,Experienced Professional
51,0,Travel_Rarely,833,Research & Development,1,3,Life Sciences,3,Male,96,3,1,Research Scientist,4,Married,2723,23231,1,No,11,3,2,0,1,0,2,1,0,0,0,EMP0259,0.0,0.0,0.0,0.0,Low,Medium,0,30.0,Medium,0,Early-Career Explorer
31,1,Travel_Frequently,307,Research & Development,29,2,Medical,3,Male,71,2,1,Laboratory Technician,2,Single,3479,11652,0,No,11,3,2,0,6,2,4,5,4,1,4,EMP0260,0.2,0.8,0.4,0.8,Medium,Medium,0,64.0,High,1,Developing Professional
32,0,Travel_Frequently,1311,Research & Development,7,3,Life Sciences,2,Male,100,4,1,Laboratory Technician,2,Married,2794,26062,1,No,20,4,3,0,5,3,1,5,1,0,3,EMP0261,0.0,0.2,0.6,0.6,Low,Low,0,25.0,Low,1,Developing Professional
38,0,Non-Travel,1327,Sales,2,2,Life Sciences,4,Male,39,2,2,Sales Executive,4,Married,5249,19682,3,No,18,3,4,1,13,0,3,8,7,7,5,EMP0262,0.875,0.875,0.0,0.625,High,High,1,100.0,High,2,Experienced Professional
32,0,Travel_Rarely,128,Research & Development,2,1,Technical Degree,4,Male,84,2,2,Laboratory Technician,1,Single,2176,19737,4,No,13,3,4,0,9,5,3,6,2,0,4,EMP0263,0.0,0.3333333333333333,0.8333333333333334,0.6666666666666666,Low,Low,0,35.0,Medium,1,Developing Professional
46,0,Travel_Rarely,488,Sales,2,3,Technical Degree,3,Female,75,1,4,Manager,2,Married,16872,14977,3,Yes,12,3,2,1,28,2,2,7,7,7,7,EMP0264,1.0,1.0,0.2857142857142857,1.0,High,Medium,1,100.0,High,2,Experienced Professional
28,1,Travel_Rarely,529,Research & Development,2,4,Life Sciences,1,Male,79,3,1,Laboratory Technician,3,Single,3485,14935,2,No,11,3,3,0,5,5,1,0,0,0,0,EMP0265,0.0,0.0,5.0,0.0,Low,Low,0,5.0,Low,0,Early-Career Explorer
29,0,Travel_Rarely,1210,Sales,2,3,Medical,1,Male,78,2,2,Sales Executive,2,Married,6644,3687,2,No,19,3,2,2,10,2,3,0,0,0,0,EMP0266,0.0,0.0,2.0,0.0,Low,Medium,0,20.0,Low,0,Early-Career Explorer
31,0,Travel_Rarely,1463,Research & Development,23,3,Medical,2,Male,64,2,2,Healthcare Representative,4,Married,5582,14408,0,No,21,4,2,1,10,2,3,9,0,7,8,EMP0267,0.7777777777777778,0.0,0.2222222222222222,0.8888888888888888,High,Medium,0,54.44444444444444,Medium,1,Developing Professional
25,0,Non-Travel,675,Research & Development,5,2,Life Sciences,2,Male,85,4,2,Healthcare Representative,1,Divorced,4000,18384,1,No,12,3,4,2,6,2,3,6,3,1,5,EMP0268,0.1666666666666666,0.5,0.3333333333333333,0.8333333333333334,Low,Medium,0,59.16666666666666,Medium,1,Developing Professional
45,0,Travel_Rarely,1385,Research & Development,20,2,Medical,3,Male,79,3,4,Healthcare Representative,4,Married,13496,7501,0,Yes,14,3,2,0,21,2,3,20,7,4,10,EMP0269,0.2,0.35,0.1,0.5,High,Medium,1,36.0,Medium,2,Experienced Professional
36,0,Travel_Rarely,1403,Research & Development,6,3,Life Sciences,4,Male,47,3,1,Laboratory Technician,4,Married,3210,20251,0,No,11,3,3,1,16,4,3,15,13,10,11,EMP0270,0.6666666666666666,0.8666666666666667,0.2666666666666666,0.7333333333333333,High,Low,1,63.66666666666666,High,2,Experienced Professional
55,0,Travel_Rarely,452,Research & Development,1,3,Medical,4,Male,81,3,5,Manager,1,Single,19045,18938,0,Yes,14,3,3,0,37,2,3,36,10,4,13,EMP0271,0.1111111111111111,0.2777777777777778,0.0555555555555555,0.3611111111111111,High,Medium,1,43.19444444444444,Medium,2,Experienced Professional
47,1,Non-Travel,666,Research & Development,29,4,Life Sciences,1,Male,88,3,3,Manager,2,Married,11849,10268,1,Yes,12,3,4,1,10,2,2,10,7,9,9,EMP0272,0.9,0.7,0.2,0.9,High,Medium,1,90.5,High,2,Experienced Professional
28,0,Travel_Rarely,1158,Research & Development,9,3,Medical,4,Male,94,3,1,Research Scientist,4,Married,2070,2613,1,No,23,4,4,1,5,3,2,5,2,0,4,EMP0273,0.0,0.4,0.6,0.8,Low,Low,0,24.0,Low,1,Developing Professional
37,0,Travel_Rarely,228,Sales,6,4,Medical,3,Male,98,3,2,Sales Executive,4,Married,6502,22825,4,No,14,3,2,1,7,5,4,5,4,0,1,EMP0274,0.0,0.8,1.0,0.2,Medium,Low,0,27.0,Low,1,Developing Professional
21,0,Travel_Rarely,996,Research & Development,3,2,Medical,4,Male,100,2,1,Research Scientist,3,Single,3230,10531,1,No,17,3,1,0,3,4,4,3,2,1,0,EMP0275,0.3333333333333333,0.6666666666666666,1.3333333333333333,0.0,Low,Low,0,38.33333333333333,Medium,0,Early-Career Explorer
37,0,Non-Travel,728,Research & Development,1,4,Medical,1,Female,80,3,3,Research Director,4,Divorced,13603,11677,2,Yes,18,3,1,2,15,2,3,5,2,0,2,EMP0276,0.0,0.4,0.4,0.4,Low,Medium,0,28.0,Low,1,Developing Professional
35,0,Travel_Rarely,1315,Research & Development,22,3,Life Sciences,2,Female,71,4,3,Manager,2,Divorced,11996,19100,7,No,18,3,2,1,10,6,2,7,7,6,2,EMP0277,0.8571428571428571,1.0,0.8571428571428571,0.2857142857142857,High,Low,1,78.57142857142857,High,2,Experienced Professional
38,0,Travel_Rarely,322,Sales,7,2,Medical,1,Female,44,4,2,Sales Executive,1,Divorced,5605,19191,1,Yes,24,4,3,1,8,3,3,8,0,7,7,EMP0278,0.875,0.0,0.375,0.875,High,Low,0,63.125,High,1,Developing Professional
26,0,Travel_Frequently,1479,Research & Development,1,3,Life Sciences,3,Female,84,3,2,Manufacturing Director,2,Divorced,6397,26767,1,No,20,4,1,1,6,6,1,6,5,1,4,EMP0279,0.1666666666666666,0.8333333333333334,1.0,0.6666666666666666,Medium,Low,0,51.66666666666666,Medium,1,Developing Professional
50,0,Travel_Rarely,797,Research & Development,4,1,Life Sciences,1,Male,96,3,5,Research Director,2,Divorced,19144,15815,3,No,14,3,1,2,28,4,2,10,4,1,6,EMP0280,0.1,0.4,0.4,0.6,Medium,Low,0,35.0,Medium,2,Experienced Professional
53,0,Travel_Rarely,1070,Research & Development,3,4,Medical,3,Male,45,3,4,Research Director,3,Married,17584,21016,3,Yes,16,3,4,3,21,5,2,5,3,1,3,EMP0281,0.2,0.6,1.0,0.6,Low,Low,0,40.0,Medium,1,Developing Professional
42,0,Travel_Rarely,635,Sales,1,1,Life Sciences,2,Male,99,3,2,Sales Executive,3,Married,4907,24532,1,No,25,4,3,0,20,3,3,20,16,11,6,EMP0282,0.55,0.8,0.15,0.3,High,Low,1,55.5,Medium,2,Experienced Professional
29,0,Travel_Frequently,442,Sales,2,2,Life Sciences,2,Male,44,3,2,Sales Executive,4,Single,4554,20260,1,No,18,3,1,0,10,3,2,10,7,0,9,EMP0283,0.0,0.7,0.3,0.9,High,Low,0,34.5,Medium,1,Developing Professional
55,0,Travel_Rarely,147,Research & Development,20,2,Technical Degree,2,Male,37,3,2,Laboratory Technician,4,Married,5415,15972,3,Yes,19,3,4,1,12,4,3,10,7,0,8,EMP0284,0.0,0.7,0.4,0.8,High,Low,0,33.0,Medium,1,Developing Professional
26,0,Travel_Frequently,496,Research & Development,11,2,Medical,1,Male,60,3,2,Healthcare Representative,1,Married,4741,22722,1,Yes,13,3,3,1,5,3,3,5,3,3,3,EMP0285,0.6,0.6,0.6,0.6,Medium,Low,1,66.0,High,1,Developing Professional
37,0,Travel_Rarely,1372,Research & Development,1,3,Life Sciences,4,Female,42,3,1,Research Scientist,4,Single,2115,15881,1,No,12,3,2,0,17,3,3,17,12,5,7,EMP0286,0.2941176470588235,0.7058823529411765,0.1764705882352941,0.4117647058823529,High,Low,1,39.117647058823536,Medium,2,Experienced Professional
44,1,Travel_Frequently,920,Research & Development,24,3,Life Sciences,4,Male,43,3,1,Laboratory Technician,3,Divorced,3161,19920,3,Yes,22,4,4,1,19,0,1,1,0,0,0,EMP0287,0.0,0.0,0.0,0.0,Low,Medium,0,35.0,Medium,0,Early-Career Explorer
38,0,Travel_Rarely,688,Research & Development,23,4,Life Sciences,4,Male,82,3,2,Healthcare Representative,4,Divorced,5745,18899,9,No,14,3,2,1,10,2,3,2,2,1,2,EMP0288,0.5,1.0,1.0,1.0,Low,Medium,0,75.0,High,1,Developing Professional
26,1,Travel_Rarely,1449,Research & Development,16,4,Medical,1,Male,45,3,1,Laboratory Technician,2,Divorced,2373,14180,2,Yes,13,3,4,1,5,2,3,3,2,0,2,EMP0289,0.0,0.6666666666666666,0.6666666666666666,0.6666666666666666,Low,Medium,0,50.0,Medium,1,Developing Professional
28,0,Travel_Rarely,1117,Research & Development,8,2,Life Sciences,4,Female,66,3,1,Research Scientist,4,Single,3310,4488,1,No,21,4,4,0,5,3,3,5,3,0,2,EMP0290,0.0,0.6,0.6,0.4,Low,Low,0,24.0,Low,1,Developing Professional
49,0,Travel_Frequently,636,Research & Development,10,4,Life Sciences,3,Female,35,3,5,Research Director,1,Single,18665,25594,9,Yes,11,3,4,0,22,4,3,3,2,1,2,EMP0291,0.3333333333333333,0.6666666666666666,1.3333333333333333,0.6666666666666666,Low,Low,0,58.33333333333333,Medium,1,Developing Professional
36,0,Travel_Rarely,506,Research & Development,3,3,Technical Degree,3,Male,30,3,2,Research Scientist,2,Single,4485,26285,4,No,12,3,4,0,10,2,3,8,0,7,7,EMP0292,0.875,0.0,0.25,0.875,High,Medium,0,68.125,High,1,Developing Professional
31,0,Travel_Frequently,444,Sales,5,3,Marketing,4,Female,84,3,1,Sales Representative,2,Divorced,2789,3909,1,No,11,3,3,1,2,5,2,2,2,2,2,EMP0293,1.0,1.0,2.5,1.0,Low,Low,0,95.0,High,1,Developing Professional
26,1,Travel_Rarely,950,Sales,4,4,Marketing,4,Male,48,2,2,Sales Executive,4,Single,5828,8450,1,Yes,12,3,2,0,8,0,3,8,7,7,4,EMP0294,0.875,0.875,0.0,0.5,High,High,1,98.75,High,2,Experienced Professional
37,0,Travel_Frequently,889,Research & Development,9,3,Medical,2,Male,53,3,1,Research Scientist,4,Married,2326,11411,1,Yes,12,3,3,3,4,3,2,4,2,1,2,EMP0295,0.25,0.5,0.75,0.5,Low,Low,0,32.5,Medium,1,Developing Professional
42,0,Travel_Frequently,555,Sales,26,3,Marketing,3,Female,77,3,4,Sales Executive,2,Married,13525,14864,5,No,14,3,4,1,23,2,4,20,4,4,8,EMP0296,0.2,0.2,0.1,0.4,Medium,Medium,1,40.0,Medium,2,Experienced Professional
18,1,Travel_Rarely,230,Research & Development,3,3,Life Sciences,3,Male,54,3,1,Laboratory Technician,3,Single,1420,25233,1,No,13,3,3,0,0,2,3,0,0,0,0,EMP0297,0.0,0.0,2.0,0.0,Low,Medium,0,15.0,Low,0,Early-Career Explorer
35,0,Travel_Rarely,1232,Sales,16,3,Marketing,3,Male,96,3,3,Sales Executive,2,Married,8020,5100,0,No,15,3,3,2,12,3,2,11,9,6,9,EMP0298,0.5454545454545454,0.8181818181818182,0.2727272727272727,0.8181818181818182,High,Low,1,68.63636363636363,High,2,Experienced Professional
36,0,Travel_Frequently,566,Research & Development,18,4,Life Sciences,3,Male,81,4,1,Laboratory Technician,4,Married,3688,7122,4,No,18,3,4,2,4,2,3,1,0,0,0,EMP0299,0.0,0.0,2.0,0.0,Low,Medium,0,10.0,Low,0,Early-Career Explorer
51,0,Travel_Rarely,1302,Research & Development,2,3,Medical,4,Male,84,1,2,Manufacturing Director,2,Divorced,5482,16321,5,No,18,3,4,1,13,3,3,4,1,1,2,EMP0300,0.25,0.25,0.75,0.5,Low,Low,0,35.0,Medium,1,Developing Professional
41,0,Travel_Rarely,334,Sales,2,4,Life Sciences,4,Male,88,3,4,Manager,2,Single,16015,15896,1,No,19,3,2,0,22,2,3,22,10,0,4,EMP0301,0.0,0.4545454545454545,0.0909090909090909,0.1818181818181818,High,Medium,0,36.36363636363636,Medium,2,Experienced Professional
18,0,Travel_Rarely,812,Sales,10,3,Medical,4,Female,69,2,1,Sales Representative,3,Single,1200,9724,1,No,12,3,1,0,0,2,3,0,0,0,0,EMP0302,0.0,0.0,2.0,0.0,Low,Medium,0,15.0,Low,0,Early-Career Explorer
28,0,Travel_Rarely,1476,Research & Development,16,2,Medical,2,Male,68,4,2,Healthcare Representative,1,Single,5661,4824,0,No,19,3,3,0,9,2,3,8,3,0,7,EMP0303,0.0,0.375,0.25,0.875,Low,Medium,0,49.375,Medium,1,Developing Professional
31,0,Travel_Rarely,218,Sales,7,3,Technical Degree,2,Male,100,4,2,Sales Executive,4,Married,6929,12241,4,No,11,3,2,1,10,3,2,8,7,7,7,EMP0304,0.875,0.875,0.375,0.875,High,Low,1,74.375,High,2,Experienced Professional
39,0,Travel_Rarely,1132,Research & Development,1,3,Medical,3,Male,48,4,3,Healthcare Representative,4,Divorced,9613,10942,0,No,17,3,1,3,19,5,2,18,10,3,7,EMP0305,0.1666666666666666,0.5555555555555556,0.2777777777777778,0.3888888888888889,High,Low,1,29.166666666666668,Low,2,Experienced Professional
36,0,Non-Travel,1105,Research & Development,24,4,Life Sciences,2,Female,47,3,2,Laboratory Technician,2,Married,5674,6927,7,No,15,3,3,1,11,3,3,9,8,0,8,EMP0306,0.0,0.8888888888888888,0.3333333333333333,0.8888888888888888,High,Low,0,50.0,Medium,1,Developing Professional
32,0,Travel_Rarely,906,Sales,7,3,Life Sciences,4,Male,91,2,2,Sales Executive,3,Married,5484,16985,1,No,14,3,3,1,13,3,2,13,8,4,8,EMP0307,0.3076923076923077,0.6153846153846154,0.2307692307692307,0.6153846153846154,High,Low,1,45.00000000000001,Medium,2,Experienced Professional
38,0,Travel_Rarely,849,Research & Development,25,2,Life Sciences,1,Female,81,2,3,Research Director,2,Married,12061,26707,3,No,17,3,3,1,19,2,3,10,8,0,1,EMP0308,0.0,0.8,0.2,0.1,High,Medium,0,45.5,Medium,1,Developing Professional
58,0,Non-Travel,390,Research & Development,1,4,Life Sciences,4,Male,32,1,2,Healthcare Representative,3,Divorced,5660,17056,2,Yes,13,3,4,1,12,2,3,5,3,1,2,EMP0309,0.2,0.6,0.4,0.4,Low,Medium,0,47.0,Medium,1,Developing Professional
31,0,Travel_Rarely,691,Research & Development,5,4,Technical Degree,3,Male,86,3,1,Research Scientist,4,Married,4821,10077,0,Yes,12,3,3,1,6,4,3,5,2,0,3,EMP0310,0.0,0.4,0.8,0.6,Low,Low,0,21.0,Low,1,Developing Professional
31,0,Travel_Rarely,106,Human Resources,2,3,Human Resources,1,Male,62,2,2,Human Resources,1,Married,6410,17822,3,No,12,3,4,0,9,1,3,2,2,1,0,EMP0311,0.5,1.0,0.5,0.0,Low,Medium,0,85.0,High,1,Developing Professional
45,0,Travel_Frequently,1249,Research & Development,7,3,Life Sciences,1,Male,97,3,3,Laboratory Technician,1,Divorced,5210,20308,1,No,18,3,1,1,24,2,3,24,9,9,11,EMP0312,0.375,0.375,0.0833333333333333,0.4583333333333333,High,Medium,1,58.125,Medium,2,Experienced Professional
31,0,Travel_Rarely,192,Research & Development,2,4,Life Sciences,3,Male,32,3,1,Research Scientist,4,Divorced,2695,7747,0,Yes,18,3,2,1,3,2,1,2,2,2,2,EMP0313,1.0,1.0,1.0,1.0,Low,Medium,0,95.0,High,1,Developing Professional
33,0,Travel_Frequently,553,Research & Development,5,4,Life Sciences,4,Female,74,3,3,Manager,2,Married,11878,23364,6,No,11,3,2,2,12,2,3,10,6,8,8,EMP0314,0.8,0.6,0.2,0.8,High,Medium,1,82.0,High,2,Experienced Professional
39,0,Travel_Rarely,117,Research & Development,10,1,Medical,3,Male,99,3,4,Manager,1,Married,17068,5355,1,Yes,14,3,4,0,21,3,3,21,9,11,10,EMP0315,0.5238095238095238,0.4285714285714285,0.1428571428571428,0.4761904761904761,High,Low,1,55.95238095238095,Medium,2,Experienced Professional
43,0,Travel_Frequently,185,Research & Development,10,4,Life Sciences,3,Female,33,3,1,Laboratory Technician,4,Single,2455,10675,0,No,19,3,1,0,9,5,3,8,7,1,7,EMP0316,0.125,0.875,0.625,0.875,High,Low,0,44.375,Medium,1,Developing Professional
49,0,Travel_Rarely,1091,Research & Development,1,2,Technical Degree,3,Female,90,2,4,Healthcare Representative,3,Single,13964,17810,7,Yes,12,3,4,0,25,2,3,7,1,0,7,EMP0317,0.0,0.1428571428571428,0.2857142857142857,1.0,Low,Medium,0,34.285714285714285,Medium,1,Developing Professional
52,1,Travel_Rarely,723,Research & Development,8,4,Medical,3,Male,85,2,2,Research Scientist,2,Married,4941,17747,2,No,15,3,1,0,11,3,2,8,2,7,7,EMP0318,0.875,0.25,0.375,0.875,High,Low,0,65.625,High,2,Experienced Professional
27,0,Travel_Rarely,1220,Research & Development,5,3,Life Sciences,3,Female,85,3,1,Research Scientist,2,Single,2478,20938,1,Yes,12,3,2,0,4,2,2,4,3,1,2,EMP0319,0.25,0.75,0.5,0.5,Low,Medium,0,60.0,High,1,Developing Professional
32,0,Travel_Rarely,588,Sales,8,2,Technical Degree,3,Female,65,2,2,Sales Executive,2,Married,5228,24624,1,Yes,11,3,4,0,13,2,3,13,12,11,9,EMP0320,0.8461538461538461,0.9230769230769232,0.1538461538461538,0.6923076923076923,High,Medium,1,91.92307692307692,High,2,Experienced Professional
27,0,Travel_Rarely,1377,Sales,2,3,Life Sciences,4,Male,74,3,2,Sales Executive,3,Single,4478,5242,1,Yes,11,3,1,0,5,3,3,5,4,0,4,EMP0321,0.0,0.8,0.6,0.8,Medium,Low,0,41.0,Medium,1,Developing Professional
31,0,Travel_Rarely,691,Sales,7,3,Marketing,4,Male,73,3,2,Sales Executive,4,Divorced,7547,7143,4,No,12,3,4,3,13,3,3,7,7,1,7,EMP0322,0.1428571428571428,1.0,0.4285714285714285,1.0,High,Low,0,50.71428571428572,Medium,1,Developing Professional
32,0,Travel_Rarely,1018,Research & Development,2,4,Medical,1,Female,74,4,2,Research Scientist,4,Single,5055,10557,7,No,16,3,3,0,10,0,2,7,7,0,7,EMP0323,0.0,1.0,0.0,1.0,High,High,0,75.0,High,1,Developing Professional
28,1,Travel_Rarely,1157,Research & Development,2,4,Medical,1,Male,84,1,1,Research Scientist,4,Married,3464,24737,5,Yes,13,3,4,0,5,4,2,3,2,2,2,EMP0324,0.6666666666666666,0.6666666666666666,1.3333333333333333,0.6666666666666666,Low,Low,0,56.66666666666666,Medium,1,Developing Professional
30,0,Travel_Rarely,1275,Research & Development,28,2,Medical,4,Female,64,3,2,Research Scientist,4,Married,5775,11934,1,No,13,3,4,2,11,2,3,10,8,1,9,EMP0325,0.1,0.8,0.2,0.9,High,Medium,0,51.5,Medium,1,Developing Professional
31,0,Travel_Frequently,798,Research & Development,7,2,Life Sciences,3,Female,48,2,3,Manufacturing Director,3,Married,8943,14034,1,No,24,4,1,1,10,2,3,10,9,8,9,EMP0326,0.8,0.9,0.2,0.9,High,Medium,1,87.5,High,2,Experienced Professional
39,0,Travel_Frequently,672,Research & Development,7,2,Medical,3,Male,54,2,5,Manager,4,Married,19272,21141,1,No,15,3,1,1,21,2,3,21,9,13,3,EMP0327,0.6190476190476191,0.4285714285714285,0.0952380952380952,0.1428571428571428,High,Medium,1,49.761904761904766,Medium,2,Experienced Professional
39,1,Travel_Rarely,1162,Sales,3,2,Medical,4,Female,41,3,2,Sales Executive,3,Married,5238,17778,4,Yes,18,3,1,0,12,3,2,1,0,0,0,EMP0328,0.0,0.0,3.0,0.0,Low,Low,0,5.0,Low,0,Early-Career Explorer
33,0,Travel_Frequently,508,Sales,10,3,Marketing,2,Male,46,2,2,Sales Executive,4,Single,4682,4317,3,No,14,3,3,0,9,6,2,7,7,0,1,EMP0329,0.0,1.0,0.8571428571428571,0.1428571428571428,High,Low,0,32.142857142857146,Medium,1,Developing Professional
47,0,Travel_Rarely,1482,Research & Development,5,5,Life Sciences,4,Male,42,3,5,Research Director,3,Married,18300,16375,4,No,11,3,2,1,21,2,3,3,2,1,1,EMP0330,0.3333333333333333,0.6666666666666666,0.6666666666666666,0.3333333333333333,Low,Medium,0,53.33333333333333,Medium,1,Developing Professional
43,0,Travel_Frequently,559,Research & Development,10,4,Life Sciences,3,Female,82,2,2,Laboratory Technician,3,Divorced,5257,6227,1,No,11,3,2,1,9,3,4,9,7,0,0,EMP0331,0.0,0.7777777777777778,0.3333333333333333,0.0,High,Low,0,28.33333333333333,Low,1,Developing Professional
27,0,Non-Travel,210,Sales,1,1,Marketing,3,Male,73,3,2,Sales Executive,2,Married,6349,22107,0,Yes,13,3,4,1,6,0,3,5,4,1,4,EMP0332,0.2,0.8,0.0,0.8,Medium,High,0,84.0,High,1,Developing Professional
54,0,Travel_Frequently,928,Research & Development,20,4,Life Sciences,4,Female,31,3,2,Research Scientist,3,Single,4869,16885,3,No,12,3,4,0,20,4,2,4,3,0,3,EMP0333,0.0,0.75,1.0,0.75,Low,Low,0,38.75,Medium,1,Developing Professional
43,0,Travel_Rarely,1001,Research & Development,7,3,Life Sciences,3,Female,43,3,3,Healthcare Representative,1,Married,9985,9262,8,No,16,3,1,1,10,1,2,1,0,0,0,EMP0334,0.0,0.0,1.0,0.0,Low,Medium,0,35.0,Medium,0,Early-Career Explorer
45,0,Travel_Rarely,549,Research & Development,8,4,Other,4,Male,75,3,2,Research Scientist,4,Married,3697,9278,9,No,14,3,1,2,12,3,3,10,9,9,8,EMP0335,0.9,0.9,0.3,0.8,High,Low,1,75.0,High,2,Experienced Professional
40,0,Travel_Rarely,1124,Sales,1,2,Medical,2,Male,57,1,2,Sales Executive,4,Married,7457,13273,2,Yes,22,4,3,3,6,2,2,4,3,0,2,EMP0336,0.0,0.75,0.5,0.5,Low,Medium,0,40.0,Medium,1,Developing Professional
29,1,Travel_Rarely,318,Research & Development,8,4,Other,2,Male,77,1,1,Laboratory Technician,1,Married,2119,4759,1,Yes,11,3,4,0,7,4,2,7,7,0,7,EMP0337,0.0,1.0,0.5714285714285714,1.0,High,Low,0,60.0,High,1,Developing Professional
29,0,Travel_Rarely,738,Research & Development,9,5,Other,2,Male,30,2,1,Laboratory Technician,4,Single,3983,7621,0,No,17,3,3,0,4,2,3,3,2,2,2,EMP0338,0.6666666666666666,0.6666666666666666,0.6666666666666666,0.6666666666666666,Low,Medium,0,66.66666666666666,High,1,Developing Professional
30,0,Travel_Rarely,570,Sales,5,3,Marketing,4,Female,30,2,2,Sales Executive,3,Divorced,6118,5431,1,No,13,3,3,3,10,2,3,10,9,1,2,EMP0339,0.1,0.9,0.2,0.2,High,Medium,0,49.0,Medium,1,Developing Professional
27,0,Travel_Rarely,1130,Sales,8,4,Marketing,2,Female,56,3,2,Sales Executive,2,Married,6214,3415,1,No,18,3,1,1,8,3,3,8,7,0,7,EMP0340,0.0,0.875,0.375,0.875,High,Low,0,49.375,Medium,1,Developing Professional
37,0,Travel_Rarely,1192,Research & Development,5,2,Medical,4,Male,61,3,2,Manufacturing Director,4,Divorced,6347,23177,7,No,16,3,3,2,8,2,2,6,2,0,4,EMP0341,0.0,0.3333333333333333,0.3333333333333333,0.6666666666666666,Low,Medium,0,30.0,Medium,1,Developing Professional
38,0,Travel_Rarely,343,Research & Development,15,2,Life Sciences,3,Male,92,2,3,Research Director,4,Divorced,11510,15682,0,Yes,14,3,2,1,12,3,3,11,10,2,9,EMP0342,0.1818181818181818,0.9090909090909092,0.2727272727272727,0.8181818181818182,High,Low,0,46.81818181818182,Medium,2,Experienced Professional
31,0,Travel_Rarely,1232,Research & Development,7,4,Medical,3,Female,39,3,3,Manufacturing Director,4,Single,7143,25713,1,Yes,14,3,3,0,11,2,2,11,9,4,10,EMP0343,0.3636363636363636,0.8181818181818182,0.1818181818181818,0.9090909090909092,High,Medium,1,62.727272727272734,High,2,Experienced Professional
29,0,Travel_Rarely,144,Sales,10,1,Marketing,4,Female,39,2,2,Sales Executive,2,Divorced,8268,11866,1,Yes,14,3,1,2,7,2,3,7,7,1,7,EMP0344,0.1428571428571428,1.0,0.2857142857142857,1.0,High,Medium,0,70.71428571428572,High,1,Developing Professional
35,0,Travel_Rarely,1296,Research & Development,5,4,Technical Degree,3,Male,62,3,3,Manufacturing Director,2,Single,8095,18264,0,No,13,3,4,0,17,5,3,16,6,0,13,EMP0345,0.0,0.375,0.3125,0.8125,Medium,Low,0,33.4375,Medium,2,Experienced Professional
23,0,Travel_Rarely,1309,Research & Development,26,1,Life Sciences,3,Male,83,3,1,Research Scientist,4,Divorced,2904,16092,1,No,12,3,3,2,4,2,2,4,2,0,2,EMP0346,0.0,0.5,0.5,0.5,Low,Medium,0,32.5,Medium,1,Developing Professional
41,0,Travel_Rarely,483,Research & Development,6,3,Medical,4,Male,95,2,2,Manufacturing Director,2,Single,6032,10110,6,Yes,15,3,4,0,8,3,3,5,4,1,2,EMP0347,0.2,0.8,0.6,0.4,Medium,Low,0,48.0,Medium,1,Developing Professional
47,0,Travel_Frequently,1309,Sales,4,1,Medical,2,Male,99,3,2,Sales Representative,3,Single,2976,25751,3,No,19,3,1,0,5,3,3,0,0,0,0,EMP0348,0.0,0.0,3.0,0.0,Low,Low,0,5.0,Low,0,Early-Career Explorer
42,0,Travel_Rarely,810,Research & Development,23,5,Life Sciences,1,Female,44,3,4,Research Director,4,Single,15992,15901,2,No,14,3,2,0,16,2,3,1,0,0,0,EMP0349,0.0,0.0,2.0,0.0,Low,Medium,0,10.0,Low,0,Early-Career Explorer
29,0,Non-Travel,746,Sales,2,3,Life Sciences,4,Male,61,3,2,Sales Executive,3,Married,4649,16928,1,No,14,3,1,1,4,3,2,4,3,0,2,EMP0350,0.0,0.75,0.75,0.5,Low,Low,0,35.0,Medium,1,Developing Professional
42,0,Travel_Rarely,544,Human Resources,2,1,Technical Degree,3,Male,52,3,1,Human Resources,3,Divorced,2696,24017,0,Yes,11,3,3,1,4,5,3,3,2,1,0,EMP0351,0.3333333333333333,0.6666666666666666,1.6666666666666667,0.0,Low,Low,0,38.33333333333333,Medium,0,Early-Career Explorer
32,0,Travel_Rarely,1062,Research & Development,2,3,Medical,3,Female,75,3,1,Laboratory Technician,2,Married,2370,3956,1,No,13,3,3,1,8,4,3,8,0,0,7,EMP0352,0.0,0.0,0.5,0.875,Low,Low,0,23.125,Low,1,Developing Professional
48,0,Travel_Rarely,530,Sales,29,1,Medical,1,Female,91,3,3,Manager,3,Married,12504,23978,3,No,21,4,2,1,15,3,1,0,0,0,0,EMP0353,0.0,0.0,3.0,0.0,Low,Low,0,5.0,Low,0,Early-Career Explorer
37,0,Travel_Rarely,1319,Research & Development,6,3,Medical,3,Male,51,4,2,Research Scientist,1,Divorced,5974,17001,4,Yes,13,3,1,2,13,2,3,7,7,6,7,EMP0354,0.8571428571428571,1.0,0.2857142857142857,1.0,High,Medium,1,100.0,High,2,Experienced Professional
30,0,Non-Travel,641,Sales,25,2,Technical Degree,4,Female,85,3,2,Sales Executive,3,Married,4736,6069,7,Yes,12,3,2,1,4,2,4,2,2,2,2,EMP0355,1.0,1.0,1.0,1.0,Low,Medium,0,100.0,High,1,Developing Professional
26,0,Travel_Rarely,933,Sales,1,3,Life Sciences,3,Male,57,3,2,Sales Executive,3,Married,5296,20156,1,No,17,3,2,1,8,3,3,8,7,7,7,EMP0356,0.875,0.875,0.375,0.875,High,Low,1,79.375,High,2,Experienced Professional
42,0,Travel_Rarely,1332,Research & Development,2,4,Other,1,Male,98,2,2,Healthcare Representative,4,Single,6781,17078,3,No,23,4,2,0,14,6,3,1,0,0,0,EMP0357,0.0,0.0,6.0,0.0,Low,Low,0,0.0,Low,0,Early-Career Explorer
21,1,Travel_Frequently,756,Sales,1,1,Technical Degree,1,Female,99,2,1,Sales Representative,2,Single,2174,9150,1,Yes,11,3,3,0,3,3,3,3,2,1,2,EMP0358,0.3333333333333333,0.6666666666666666,1.0,0.6666666666666666,Low,Low,0,53.33333333333333,Medium,1,Developing Professional
36,0,Non-Travel,845,Sales,1,5,Medical,4,Female,45,3,2,Sales Executive,4,Single,6653,15276,4,No,15,3,2,0,7,6,3,1,0,0,0,EMP0359,0.0,0.0,6.0,0.0,Low,Low,0,0.0,Low,0,Early-Career Explorer
36,0,Travel_Frequently,541,Sales,3,4,Medical,1,Male,48,2,3,Sales Executive,4,Married,9699,7246,4,No,11,3,1,1,16,2,3,13,9,1,12,EMP0360,0.0769230769230769,0.6923076923076923,0.1538461538461538,0.9230769230769232,High,Medium,0,47.69230769230769,Medium,2,Experienced Professional
57,0,Travel_Rarely,593,Research & Development,1,4,Medical,4,Male,88,3,2,Healthcare Representative,3,Married,6755,2967,2,No,11,3,3,0,15,2,3,3,2,1,2,EMP0361,0.3333333333333333,0.6666666666666666,0.6666666666666666,0.6666666666666666,Low,Medium,0,58.33333333333333,Medium,1,Developing Professional
40,0,Travel_Rarely,1171,Research & Development,10,4,Life Sciences,4,Female,46,4,1,Laboratory Technician,3,Married,2213,22495,3,Yes,13,3,3,1,10,3,3,7,7,1,7,EMP0362,0.1428571428571428,1.0,0.4285714285714285,1.0,High,Low,0,55.71428571428572,Medium,1,Developing Professional
21,0,Non-Travel,895,Sales,9,2,Medical,1,Male,39,3,1,Sales Representative,4,Single,2610,2851,1,No,24,4,3,0,3,3,2,3,2,2,2,EMP0363,0.6666666666666666,0.6666666666666666,1.0,0.6666666666666666,Low,Low,0,56.66666666666666,Medium,1,Developing Professional
33,1,Travel_Rarely,350,Sales,5,3,Marketing,4,Female,34,3,1,Sales Representative,3,Single,2851,9150,1,Yes,13,3,2,0,1,2,3,1,0,0,0,EMP0364,0.0,0.0,2.0,0.0,Low,Medium,0,15.0,Low,0,Early-Career Explorer
37,0,Travel_Rarely,921,Research & Development,10,3,Medical,3,Female,98,3,1,Laboratory Technician,1,Married,3452,17663,6,No,20,4,2,1,17,3,3,5,4,0,3,EMP0365,0.0,0.8,0.6,0.6,Medium,Low,0,48.0,Medium,1,Developing Professional
46,0,Non-Travel,1144,Research & Development,7,4,Medical,3,Female,30,3,2,Manufacturing Director,3,Married,5258,16044,2,No,14,3,3,0,7,2,4,1,0,0,0,EMP0366,0.0,0.0,2.0,0.0,Low,Medium,0,15.0,Low,0,Early-Career Explorer
41,1,Travel_Frequently,143,Sales,4,3,Marketing,1,Male,56,3,2,Sales Executive,2,Single,9355,9558,1,No,18,3,3,0,8,5,3,8,7,7,7,EMP0367,0.875,0.875,0.625,0.875,High,Low,1,84.375,High,2,Experienced Professional
50,0,Travel_Rarely,1046,Research & Development,10,3,Technical Degree,4,Male,100,2,3,Healthcare Representative,4,Single,10496,2755,6,No,15,3,4,0,20,2,3,4,3,1,3,EMP0368,0.25,0.75,0.5,0.75,Low,Medium,0,53.75,Medium,1,Developing Professional
40,1,Travel_Rarely,575,Sales,22,2,Marketing,3,Male,68,2,2,Sales Executive,3,Married,6380,6110,2,Yes,12,3,1,2,8,6,3,6,4,1,0,EMP0369,0.1666666666666666,0.6666666666666666,1.0,0.0,Medium,Low,0,31.666666666666664,Medium,1,Developing Professional
31,0,Travel_Rarely,408,Research & Development,9,4,Life Sciences,3,Male,42,2,1,Research Scientist,2,Single,2657,7551,0,Yes,16,3,4,0,3,5,3,2,2,2,2,EMP0370,1.0,1.0,2.5,1.0,Low,Low,0,95.0,High,1,Developing Professional
21,1,Travel_Rarely,156,Sales,12,3,Life Sciences,3,Female,90,4,1,Sales Representative,2,Single,2716,25422,1,No,15,3,4,0,1,0,3,1,0,0,0,EMP0371,0.0,0.0,0.0,0.0,Low,Medium,0,40.0,Medium,0,Early-Career Explorer
29,0,Travel_Rarely,1283,Research & Development,23,3,Life Sciences,4,Male,54,3,1,Research Scientist,4,Single,2201,18168,9,No,16,3,4,0,6,4,3,3,2,1,2,EMP0372,0.3333333333333333,0.6666666666666666,1.3333333333333333,0.6666666666666666,Low,Low,0,43.33333333333333,Medium,1,Developing Professional
35,0,Travel_Rarely,755,Research & Development,9,4,Life Sciences,3,Male,97,2,2,Healthcare Representative,2,Single,6540,19394,9,No,19,3,3,0,10,5,3,1,1,0,0,EMP0373,0.0,1.0,5.0,0.0,Low,Low,0,40.0,Medium,0,Early-Career Explorer
27,0,Travel_Rarely,1469,Research & Development,1,2,Medical,4,Male,82,3,1,Laboratory Technician,2,Divorced,3816,17881,1,No,11,3,2,1,5,2,3,5,2,0,4,EMP0374,0.0,0.4,0.4,0.8,Low,Medium,0,44.0,Medium,1,Developing Professional
28,0,Travel_Rarely,304,Sales,9,4,Life Sciences,2,Male,92,3,2,Sales Executive,4,Single,5253,20750,1,No,16,3,4,0,7,1,3,7,5,0,7,EMP0375,0.0,0.7142857142857143,0.1428571428571428,1.0,Medium,High,0,56.42857142857143,Medium,1,Developing Professional
49,0,Travel_Rarely,1261,Research & Development,7,3,Other,2,Male,31,2,3,Healthcare Representative,3,Single,10965,12066,8,No,24,4,3,0,26,2,3,5,2,0,0,EMP0376,0.0,0.4,0.4,0.0,Low,Medium,0,27.0,Low,1,Developing Professional
51,0,Travel_Rarely,1178,Sales,14,2,Life Sciences,3,Female,87,3,2,Sales Executive,4,Married,4936,14862,4,No,11,3,3,1,18,2,2,7,7,0,7,EMP0377,0.0,1.0,0.2857142857142857,1.0,High,Medium,0,55.0,Medium,1,Developing Professional
36,0,Travel_Rarely,329,Research & Development,2,3,Life Sciences,4,Female,96,3,1,Research Scientist,3,Married,2543,11868,4,No,13,3,2,1,6,3,3,2,2,2,2,EMP0378,1.0,1.0,1.5,1.0,Low,Low,0,90.0,High,1,Developing Professional
34,1,Non-Travel,1362,Sales,19,3,Marketing,1,Male,67,4,2,Sales Executive,4,Single,5304,4652,8,Yes,13,3,2,0,9,3,2,5,2,0,4,EMP0379,0.0,0.4,0.6,0.8,Low,Low,0,24.0,Low,1,Developing Professional
55,0,Travel_Rarely,1311,Research & Development,2,3,Life Sciences,3,Female,97,3,4,Manager,4,Single,16659,23258,2,Yes,13,3,3,0,30,2,3,5,4,1,2,EMP0380,0.2,0.8,0.4,0.4,Medium,Medium,0,48.0,Medium,1,Developing Professional
24,0,Travel_Rarely,1371,Sales,10,4,Marketing,4,Female,77,3,2,Sales Executive,3,Divorced,4260,5915,1,Yes,12,3,4,1,5,2,4,5,2,0,3,EMP0381,0.0,0.4,0.4,0.6,Low,Medium,0,36.0,Medium,1,Developing Professional
30,0,Travel_Rarely,202,Sales,2,1,Technical Degree,3,Male,72,3,1,Sales Representative,2,Married,2476,17434,1,No,18,3,1,1,1,3,3,1,0,0,0,EMP0382,0.0,0.0,3.0,0.0,Low,Low,0,10.0,Low,0,Early-Career Explorer
26,1,Travel_Frequently,575,Research & Development,3,1,Technical Degree,3,Male,73,3,1,Research Scientist,1,Single,3102,6582,0,No,22,4,3,0,7,2,3,6,4,0,4,EMP0383,0.0,0.6666666666666666,0.3333333333333333,0.6666666666666666,Medium,Medium,0,55.0,Medium,1,Developing Professional
22,0,Travel_Rarely,253,Research & Development,11,3,Medical,1,Female,43,3,1,Research Scientist,2,Married,2244,24440,1,No,13,3,4,1,2,1,3,2,1,1,2,EMP0384,0.5,0.5,0.5,1.0,Low,Medium,0,80.0,High,1,Developing Professional
36,0,Travel_Rarely,164,Sales,2,2,Medical,2,Male,61,2,3,Sales Executive,3,Married,7596,3809,1,No,13,3,2,2,10,2,3,10,9,9,0,EMP0385,0.9,0.9,0.2,0.0,High,Medium,1,78.0,High,2,Experienced Professional
30,1,Travel_Frequently,464,Research & Development,4,3,Technical Degree,3,Male,40,3,1,Research Scientist,4,Single,2285,3427,9,Yes,23,4,3,0,3,4,3,1,0,0,0,EMP0386,0.0,0.0,4.0,0.0,Low,Low,0,0.0,Low,0,Early-Career Explorer
37,0,Travel_Rarely,1107,Research & Development,14,3,Life Sciences,4,Female,95,3,1,Laboratory Technician,1,Divorced,3034,26914,1,No,12,3,3,1,18,2,2,18,7,12,17,EMP0387,0.6666666666666666,0.3888888888888889,0.1111111111111111,0.9444444444444444,High,Medium,1,77.5,High,2,Experienced Professional
40,0,Travel_Rarely,759,Sales,2,2,Marketing,4,Female,46,3,2,Sales Executive,2,Divorced,5715,22553,7,No,12,3,3,2,8,5,3,5,4,1,3,EMP0388,0.2,0.8,1.0,0.6,Medium,Low,0,51.0,Medium,1,Developing Professional
42,0,Travel_Rarely,201,Research & Development,1,4,Life Sciences,2,Female,95,3,1,Laboratory Technician,1,Divorced,2576,20490,3,No,16,3,2,1,8,5,3,5,2,1,2,EMP0389,0.2,0.4,1.0,0.4,Low,Low,0,41.0,Medium,1,Developing Professional
37,0,Travel_Rarely,1305,Research & Development,10,4,Life Sciences,3,Male,49,3,2,Manufacturing Director,2,Single,4197,21123,2,Yes,12,3,4,0,18,2,2,1,0,0,1,EMP0390,0.0,0.0,2.0,1.0,Low,Medium,0,35.0,Medium,1,Developing Professional
43,0,Travel_Rarely,982,Research & Development,12,3,Life Sciences,1,Male,59,2,4,Research Director,2,Divorced,14336,4345,1,No,11,3,3,1,25,3,3,25,10,3,9,EMP0391,0.12,0.4,0.12,0.36,High,Low,1,32.2,Medium,2,Experienced Professional
40,0,Travel_Rarely,555,Research & Development,2,3,Medical,2,Female,78,2,2,Laboratory Technician,3,Married,3448,13436,6,No,22,4,2,1,20,3,3,1,0,0,0,EMP0392,0.0,0.0,3.0,0.0,Low,Low,0,5.0,Low,0,Early-Career Explorer
54,0,Travel_Rarely,821,Research & Development,5,2,Medical,1,Male,86,3,5,Research Director,1,Married,19406,8509,4,No,11,3,3,1,24,4,2,4,2,1,2,EMP0393,0.25,0.5,1.0,0.5,Low,Low,0,47.5,Medium,1,Developing Professional
34,0,Non-Travel,1381,Sales,4,4,Marketing,3,Female,72,3,2,Sales Executive,3,Married,6538,12740,9,No,15,3,1,1,6,3,3,3,2,1,2,EMP0394,0.3333333333333333,0.6666666666666666,1.0,0.6666666666666666,Low,Low,0,48.33333333333333,Medium,1,Developing Professional
31,0,Travel_Rarely,480,Research & Development,7,2,Medical,2,Female,31,3,2,Manufacturing Director,1,Married,4306,4156,1,No,12,3,2,1,13,5,1,13,10,3,12,EMP0395,0.2307692307692307,0.7692307692307693,0.3846153846153846,0.9230769230769232,High,Low,1,61.15384615384615,High,2,Experienced Professional
43,0,Travel_Frequently,313,Research & Development,21,3,Medical,4,Male,61,3,1,Laboratory Technician,4,Married,2258,15238,7,No,20,4,1,1,8,1,3,3,2,1,2,EMP0396,0.3333333333333333,0.6666666666666666,0.3333333333333333,0.6666666666666666,Low,Medium,0,63.33333333333333,High,1,Developing Professional
43,0,Travel_Rarely,1473,Research & Development,8,4,Other,3,Female,74,3,2,Healthcare Representative,3,Divorced,4522,2227,4,Yes,14,3,4,0,8,3,3,5,2,0,2,EMP0397,0.0,0.4,0.6,0.4,Low,Low,0,23.0,Low,1,Developing Professional
25,0,Travel_Rarely,891,Sales,4,2,Life Sciences,2,Female,99,2,2,Sales Executive,4,Single,4487,12090,1,Yes,11,3,2,0,5,3,3,5,4,1,3,EMP0398,0.2,0.8,0.6,0.6,Medium,Low,0,41.0,Medium,1,Developing Professional
37,0,Non-Travel,1063,Research & Development,25,5,Medical,2,Female,72,3,2,Research Scientist,3,Married,4449,23866,3,Yes,15,3,1,2,15,2,3,13,11,10,7,EMP0399,0.7692307692307693,0.8461538461538461,0.1538461538461538,0.5384615384615384,High,Medium,1,79.23076923076923,High,2,Experienced Professional
31,0,Travel_Rarely,329,Research & Development,1,2,Life Sciences,4,Male,98,2,1,Laboratory Technician,1,Married,2218,16193,1,No,12,3,3,1,4,3,3,4,2,3,2,EMP0400,0.75,0.5,0.75,0.5,Medium,Low,0,67.5,High,1,Developing Professional
39,0,Travel_Frequently,1218,Research & Development,1,1,Life Sciences,2,Male,52,3,5,Manager,3,Divorced,19197,8213,1,Yes,14,3,3,1,21,3,3,21,8,1,6,EMP0401,0.0476190476190476,0.3809523809523809,0.1428571428571428,0.2857142857142857,High,Low,0,22.619047619047617,Low,2,Experienced Professional
56,0,Travel_Frequently,906,Sales,6,3,Life Sciences,3,Female,86,4,4,Sales Executive,1,Married,13212,18256,9,No,11,3,4,3,36,0,2,7,7,7,7,EMP0402,1.0,1.0,0.0,1.0,High,High,1,100.0,High,2,Experienced Professional
30,0,Travel_Rarely,1082,Sales,12,3,Technical Degree,2,Female,83,3,2,Sales Executive,3,Single,6577,19558,0,No,11,3,2,0,6,6,3,5,4,4,4,EMP0403,0.8,0.8,1.2,0.8,Medium,Low,1,73.0,High,1,Developing Professional
41,0,Travel_Rarely,645,Sales,1,3,Marketing,2,Male,49,4,3,Sales Executive,1,Married,8392,19566,1,No,16,3,3,1,10,2,3,10,7,0,7,EMP0404,0.0,0.7,0.2,0.7,High,Medium,0,56.5,Medium,1,Developing Professional
28,0,Travel_Rarely,1300,Research & Development,17,2,Medical,3,Male,79,3,2,Laboratory Technician,1,Divorced,4558,13535,1,No,12,3,4,1,10,2,3,10,0,1,8,EMP0405,0.1,0.0,0.2,0.8,Low,Medium,0,41.0,Medium,1,Developing Professional
25,1,Travel_Rarely,688,Research & Development,3,3,Medical,1,Male,91,3,1,Laboratory Technician,1,Married,4031,9396,5,No,13,3,3,1,6,5,3,2,2,0,2,EMP0406,0.0,1.0,2.5,1.0,Low,Low,0,60.0,High,1,Developing Professional
52,0,Travel_Rarely,319,Research & Development,3,3,Medical,4,Male,39,2,3,Manufacturing Director,3,Married,7969,19609,2,Yes,14,3,3,0,28,4,3,5,4,0,4,EMP0407,0.0,0.8,0.8,0.8,Medium,Low,0,41.0,Medium,1,Developing Professional
45,0,Travel_Rarely,192,Research & Development,10,2,Life Sciences,1,Male,69,3,1,Research Scientist,4,Married,2654,9655,3,No,21,4,4,2,8,3,2,2,2,0,2,EMP0408,0.0,1.0,1.5,1.0,Low,Low,0,45.0,Medium,1,Developing Professional
52,0,Travel_Rarely,1490,Research & Development,4,2,Life Sciences,4,Female,30,3,4,Manager,4,Married,16555,10310,2,No,13,3,4,0,31,2,1,5,2,1,4,EMP0409,0.2,0.4,0.4,0.8,Low,Medium,0,42.0,Medium,1,Developing Professional
42,0,Travel_Frequently,532,Research & Development,29,2,Life Sciences,1,Female,92,3,2,Research Scientist,3,Divorced,4556,12932,2,No,11,3,2,1,19,3,3,5,4,0,2,EMP0410,0.0,0.8,0.6,0.4,Medium,Low,0,35.0,Medium,1,Developing Professional
30,0,Travel_Rarely,317,Research & Development,2,3,Life Sciences,3,Female,43,1,2,Manufacturing Director,4,Single,6091,24793,2,No,20,4,3,0,11,2,3,5,4,0,2,EMP0411,0.0,0.8,0.4,0.4,Medium,Medium,0,40.0,Medium,1,Developing Professional
60,0,Travel_Rarely,422,Research & Development,7,3,Life Sciences,1,Female,41,3,5,Manager,1,Married,19566,3854,5,No,11,3,4,0,33,5,1,29,8,11,10,EMP0412,0.3793103448275862,0.2758620689655172,0.1724137931034483,0.3448275862068966,High,Low,1,43.62068965517241,Medium,2,Experienced Professional
46,0,Travel_Rarely,1485,Research & Development,18,3,Medical,3,Female,87,3,2,Manufacturing Director,3,Divorced,4810,26314,2,No,14,3,3,1,19,5,2,10,7,0,8,EMP0413,0.0,0.7,0.5,0.8,High,Low,0,38.0,Medium,1,Developing Professional
42,0,Travel_Frequently,1368,Research & Development,28,4,Technical Degree,4,Female,88,2,2,Healthcare Representative,4,Married,4523,4386,0,No,11,3,4,3,7,4,4,6,5,0,4,EMP0414,0.0,0.8333333333333334,0.6666666666666666,0.6666666666666666,Medium,Low,0,35.0,Medium,1,Developing Professional
24,1,Travel_Rarely,1448,Sales,1,1,Technical Degree,1,Female,62,3,1,Sales Representative,2,Single,3202,21972,1,Yes,16,3,2,0,6,4,3,5,3,1,4,EMP0415,0.2,0.6,0.8,0.8,Low,Low,0,48.0,Medium,1,Developing Professional
34,1,Travel_Frequently,296,Sales,6,2,Marketing,4,Female,33,1,1,Sales Representative,3,Divorced,2351,12253,0,No,16,3,4,1,3,3,2,2,2,1,0,EMP0416,0.5,1.0,1.5,0.0,Low,Low,0,55.0,Medium,1,Developing Professional
38,0,Travel_Frequently,1490,Research & Development,2,2,Life Sciences,4,Male,42,3,1,Laboratory Technician,4,Married,1702,12106,1,Yes,23,4,3,1,1,3,3,1,0,0,0,EMP0417,0.0,0.0,3.0,0.0,Low,Low,0,0.0,Low,0,Early-Career Explorer
40,0,Travel_Rarely,1398,Sales,2,4,Life Sciences,3,Female,79,3,5,Manager,3,Married,18041,13022,0,No,14,3,4,0,21,2,3,20,15,1,12,EMP0418,0.05,0.75,0.1,0.6,High,Medium,0,48.5,Medium,2,Experienced Professional
26,0,Travel_Rarely,1349,Research & Development,23,3,Life Sciences,1,Female,90,3,1,Research Scientist,4,Divorced,2886,3032,1,No,22,4,2,2,3,3,1,3,2,0,2,EMP0419,0.0,0.6666666666666666,1.0,0.6666666666666666,Low,Low,0,30.0,Medium,1,Developing Professional
30,0,Non-Travel,1400,Research & Development,3,3,Life Sciences,3,Male,53,3,1,Laboratory Technician,4,Married,2097,16734,4,No,15,3,3,1,9,3,1,5,3,1,4,EMP0420,0.2,0.6,0.6,0.8,Low,Low,0,38.0,Medium,1,Developing Professional
29,0,Travel_Rarely,986,Research & Development,3,4,Medical,2,Male,93,2,3,Research Director,3,Married,11935,21526,1,No,18,3,3,0,10,2,3,10,2,0,7,EMP0421,0.0,0.2,0.2,0.7,Low,Medium,0,31.5,Medium,1,Developing Professional
29,1,Travel_Rarely,408,Research & Development,25,5,Technical Degree,3,Female,71,2,1,Research Scientist,2,Married,2546,18300,5,No,16,3,2,0,6,2,4,2,2,1,1,EMP0422,0.5,1.0,1.0,0.5,Low,Medium,0,77.5,High,1,Developing Professional
19,1,Travel_Rarely,489,Human Resources,2,2,Technical Degree,1,Male,52,2,1,Human Resources,4,Single,2564,18437,1,No,12,3,3,0,1,3,4,1,0,0,0,EMP0423,0.0,0.0,3.0,0.0,Low,Low,0,0.0,Low,0,Early-Career Explorer
30,0,Non-Travel,1398,Sales,22,4,Other,3,Female,69,3,3,Sales Executive,1,Married,8412,2890,0,No,11,3,3,0,10,3,3,9,8,7,8,EMP0424,0.7777777777777778,0.8888888888888888,0.3333333333333333,0.8888888888888888,High,Low,1,86.1111111111111,High,2,Experienced Professional
57,0,Travel_Rarely,210,Sales,29,3,Marketing,1,Male,56,2,4,Manager,4,Divorced,14118,22102,3,No,12,3,3,1,32,3,2,1,0,0,0,EMP0425,0.0,0.0,3.0,0.0,Low,Low,0,0.0,Low,0,Early-Career Explorer
50,0,Travel_Rarely,1099,Research & Development,29,4,Life Sciences,2,Male,88,2,4,Manager,3,Married,17046,9314,0,No,15,3,2,1,28,2,3,27,10,15,7,EMP0426,0.5555555555555556,0.3703703703703703,0.074074074074074,0.2592592592592592,High,Medium,1,52.22222222222221,Medium,2,Experienced Professional
30,0,Non-Travel,1116,Research & Development,2,3,Medical,3,Female,49,3,1,Laboratory Technician,4,Single,2564,7181,0,No,14,3,3,0,12,2,2,11,7,6,7,EMP0427,0.5454545454545454,0.6363636363636364,0.1818181818181818,0.6363636363636364,High,Medium,1,60.45454545454545,High,2,Experienced Professional
60,0,Travel_Frequently,1499,Sales,28,3,Marketing,3,Female,80,2,3,Sales Executive,1,Married,10266,2845,4,No,19,3,4,0,22,5,4,18,13,13,11,EMP0428,0.7222222222222222,0.7222222222222222,0.2777777777777778,0.6111111111111112,High,Low,1,74.72222222222223,High,2,Experienced Professional
47,0,Travel_Rarely,983,Research & Development,2,2,Medical,1,Female,65,3,2,Manufacturing Director,4,Divorced,5070,7389,5,No,13,3,3,3,20,2,3,5,0,0,4,EMP0429,0.0,0.0,0.4,0.8,Low,Medium,0,22.0,Low,1,Developing Professional
46,0,Travel_Rarely,1009,Research & Development,2,3,Life Sciences,1,Male,51,3,4,Research Director,3,Married,17861,2288,6,No,13,3,3,0,26,2,1,3,2,0,1,EMP0430,0.0,0.6666666666666666,0.6666666666666666,0.3333333333333333,Low,Medium,0,40.0,Medium,1,Developing Professional
35,0,Travel_Rarely,144,Research & Development,22,3,Life Sciences,4,Male,46,1,1,Laboratory Technician,3,Single,4230,19225,0,No,15,3,3,0,6,2,3,5,4,4,3,EMP0431,0.8,0.8,0.4,0.6,Medium,Medium,1,80.0,High,1,Developing Professional
54,0,Travel_Rarely,548,Research & Development,8,4,Life Sciences,3,Female,42,3,2,Laboratory Technician,3,Single,3780,23428,7,No,11,3,3,0,19,3,3,1,0,0,0,EMP0432,0.0,0.0,3.0,0.0,Low,Low,0,5.0,Low,0,Early-Career Explorer
34,0,Travel_Rarely,1303,Research & Development,2,4,Life Sciences,4,Male,62,2,1,Research Scientist,3,Divorced,2768,8416,3,No,12,3,3,1,14,3,3,7,3,5,7,EMP0433,0.7142857142857143,0.4285714285714285,0.4285714285714285,1.0,High,Low,1,61.42857142857143,High,1,Developing Professional
46,0,Travel_Rarely,1125,Sales,10,3,Marketing,3,Female,94,2,3,Sales Executive,4,Married,9071,11563,2,Yes,19,3,3,1,15,3,3,3,2,1,2,EMP0434,0.3333333333333333,0.6666666666666666,1.0,0.6666666666666666,Low,Low,0,43.33333333333333,Medium,1,Developing Professional
31,0,Travel_Rarely,1274,Research & Development,9,1,Life Sciences,3,Male,33,3,3,Manufacturing Director,2,Divorced,10648,14394,1,No,25,4,4,1,13,6,4,13,8,0,8,EMP0435,0.0,0.6153846153846154,0.4615384615384615,0.6153846153846154,High,Low,0,37.69230769230769,Medium,2,Experienced Professional
33,1,Travel_Rarely,1277,Research & Development,15,1,Medical,2,Male,56,3,3,Manager,3,Married,13610,24619,7,Yes,12,3,4,0,15,2,4,7,6,7,7,EMP0436,1.0,0.8571428571428571,0.2857142857142857,1.0,High,Medium,1,95.71428571428572,High,2,Experienced Professional
33,1,Travel_Rarely,587,Research & Development,10,1,Medical,1,Male,38,1,1,Laboratory Technician,4,Divorced,3408,6705,7,No,13,3,1,3,8,2,3,4,3,1,3,EMP0437,0.25,0.75,0.5,0.75,Low,Medium,0,53.75,Medium,1,Developing Professional
30,0,Travel_Rarely,413,Sales,7,1,Marketing,4,Male,57,3,1,Sales Representative,2,Single,2983,18398,0,No,14,3,1,0,4,3,3,3,2,1,2,EMP0438,0.3333333333333333,0.6666666666666666,1.0,0.6666666666666666,Low,Low,0,53.33333333333333,Medium,1,Developing Professional
35,0,Travel_Rarely,1276,Research & Development,16,3,Life Sciences,4,Male,72,3,3,Healthcare Representative,3,Married,7632,14295,4,Yes,12,3,3,0,10,2,3,8,7,0,0,EMP0439,0.0,0.875,0.25,0.0,High,Medium,0,41.25,Medium,1,Developing Professional
31,1,Travel_Frequently,534,Research & Development,20,3,Life Sciences,1,Male,66,3,3,Healthcare Representative,3,Married,9824,22908,3,No,12,3,1,0,12,2,3,1,0,0,0,EMP0440,0.0,0.0,2.0,0.0,Low,Medium,0,15.0,Low,0,Early-Career Explorer
34,1,Travel_Frequently,988,Human Resources,23,3,Human Resources,2,Female,43,3,3,Human Resources,1,Divorced,9950,11533,9,Yes,15,3,3,3,11,2,3,3,2,0,2,EMP0441,0.0,0.6666666666666666,0.6666666666666666,0.6666666666666666,Low,Medium,0,55.0,Medium,1,Developing Professional
42,0,Travel_Frequently,1474,Research & Development,5,2,Other,2,Male,97,3,1,Laboratory Technician,3,Married,2093,9260,4,No,17,3,4,1,8,4,3,2,2,2,0,EMP0442,1.0,1.0,2.0,0.0,Low,Low,0,75.0,High,1,Developing Professional
36,0,Non-Travel,635,Sales,10,4,Medical,2,Male,32,3,3,Sales Executive,4,Single,9980,15318,1,No,14,3,4,0,10,3,2,10,3,9,7,EMP0443,0.9,0.3,0.3,0.7,High,Low,1,55.5,Medium,2,Experienced Professional
22,1,Travel_Frequently,1368,Research & Development,4,1,Technical Degree,3,Male,99,2,1,Laboratory Technician,3,Single,3894,9129,5,No,16,3,3,0,4,3,3,2,2,1,2,EMP0444,0.5,1.0,1.5,1.0,Low,Low,0,70.0,High,1,Developing Professional
48,0,Travel_Rarely,163,Sales,2,5,Marketing,2,Female,37,3,2,Sales Executive,4,Married,4051,19658,2,No,14,3,1,1,14,2,3,9,7,6,7,EMP0445,0.6666666666666666,0.7777777777777778,0.2222222222222222,0.7777777777777778,High,Medium,1,71.66666666666666,High,2,Experienced Professional
55,0,Travel_Rarely,1117,Sales,18,5,Life Sciences,1,Female,83,3,4,Manager,2,Single,16835,9873,3,No,23,4,4,0,37,2,3,10,9,7,7,EMP0446,0.7,0.9,0.2,0.7,High,Medium,1,85.5,High,2,Experienced Professional
41,0,Non-Travel,267,Sales,10,2,Life Sciences,4,Male,56,3,2,Sales Executive,4,Single,6230,13430,7,No,14,3,4,0,16,3,3,14,3,1,10,EMP0447,0.0714285714285714,0.2142857142857142,0.2142857142857142,0.7142857142857143,Low,Low,0,20.0,Low,1,Developing Professional
35,0,Travel_Rarely,619,Sales,1,3,Marketing,2,Male,85,3,2,Sales Executive,3,Married,4717,18659,9,No,11,3,3,0,15,2,3,11,9,6,9,EMP0448,0.5454545454545454,0.8181818181818182,0.1818181818181818,0.8181818181818182,High,Medium,1,73.63636363636363,High,2,Experienced Professional
40,0,Travel_Rarely,302,Research & Development,6,3,Life Sciences,2,Female,75,3,4,Manufacturing Director,3,Single,13237,20364,7,No,15,3,3,0,22,3,3,20,6,5,13,EMP0449,0.25,0.3,0.15,0.65,High,Low,1,33.75,Medium,2,Experienced Professional
39,0,Travel_Frequently,443,Research & Development,8,1,Life Sciences,3,Female,48,3,1,Laboratory Technician,3,Married,3755,17872,1,No,11,3,1,1,8,3,3,8,3,0,7,EMP0450,0.0,0.375,0.375,0.875,Low,Low,0,29.375,Low,1,Developing Professional
31,0,Travel_Rarely,828,Sales,2,1,Life Sciences,2,Male,77,3,2,Sales Executive,4,Single,6582,8346,4,Yes,13,3,3,0,10,2,4,6,5,0,5,EMP0451,0.0,0.8333333333333334,0.3333333333333333,0.8333333333333334,Medium,Medium,0,47.5,Medium,1,Developing Professional
42,0,Travel_Rarely,319,Research & Development,24,3,Medical,4,Male,56,3,3,Manufacturing Director,1,Married,7406,6950,1,Yes,21,4,4,1,10,5,2,10,9,5,8,EMP0452,0.5,0.9,0.5,0.8,High,Low,1,74.0,High,2,Experienced Professional
45,0,Travel_Rarely,561,Sales,2,3,Other,4,Male,61,3,2,Sales Executive,2,Married,4805,16177,0,No,19,3,2,1,9,3,4,8,7,3,7,EMP0453,0.375,0.875,0.375,0.875,High,Low,1,64.375,High,1,Developing Professional
26,1,Travel_Frequently,426,Human Resources,17,4,Life Sciences,2,Female,58,3,1,Human Resources,3,Divorced,2741,22808,0,Yes,11,3,2,1,8,2,2,7,7,1,0,EMP0454,0.1428571428571428,1.0,0.2857142857142857,0.0,High,Medium,0,50.71428571428572,Medium,1,Developing Professional
29,0,Travel_Rarely,232,Research & Development,19,3,Technical Degree,4,Male,34,3,2,Manufacturing Director,4,Divorced,4262,22645,4,No,12,3,2,2,8,2,4,3,2,1,2,EMP0455,0.3333333333333333,0.6666666666666666,0.6666666666666666,0.6666666666666666,Low,Medium,0,53.33333333333333,Medium,1,Developing Professional
33,0,Travel_Rarely,922,Research & Development,1,5,Medical,1,Female,95,4,4,Research Director,3,Divorced,16184,22578,4,No,19,3,3,1,10,2,3,6,1,0,5,EMP0456,0.0,0.1666666666666666,0.3333333333333333,0.8333333333333334,Low,Medium,0,32.5,Medium,1,Developing Professional
31,0,Travel_Rarely,688,Sales,7,3,Life Sciences,3,Male,44,2,3,Manager,4,Divorced,11557,25291,9,No,21,4,3,1,10,3,2,5,4,0,1,EMP0457,0.0,0.8,0.6,0.2,Medium,Low,0,27.0,Low,1,Developing Professional
18,1,Travel_Frequently,1306,Sales,5,3,Marketing,2,Male,69,3,1,Sales Representative,2,Single,1878,8059,1,Yes,14,3,4,0,0,3,3,0,0,0,0,EMP0458,0.0,0.0,3.0,0.0,Low,Low,0,10.0,Low,0,Early-Career Explorer
40,0,Non-Travel,1094,Sales,28,3,Other,3,Male,58,1,3,Sales Executive,1,Divorced,10932,11373,3,No,15,3,3,1,20,2,3,1,0,0,1,EMP0459,0.0,0.0,2.0,1.0,Low,Medium,0,40.0,Medium,1,Developing Professional
41,0,Non-Travel,509,Research & Development,2,4,Other,1,Female,62,2,2,Healthcare Representative,3,Single,6811,2112,2,Yes,17,3,1,0,10,3,3,8,7,0,7,EMP0460,0.0,0.875,0.375,0.875,High,Low,0,44.375,Medium,1,Developing Professional
26,0,Travel_Rarely,775,Sales,29,2,Medical,1,Male,45,3,2,Sales Executive,3,Divorced,4306,4267,5,No,12,3,1,2,8,5,3,0,0,0,0,EMP0461,0.0,0.0,5.0,0.0,Low,Low,0,5.0,Low,0,Early-Career Explorer
35,0,Travel_Rarely,195,Sales,1,3,Medical,1,Female,80,3,2,Sales Executive,3,Single,4859,6698,1,No,16,3,4,0,5,3,3,5,4,0,3,EMP0462,0.0,0.8,0.6,0.6,Medium,Low,0,38.0,Medium,1,Developing Professional
34,0,Travel_Rarely,258,Sales,21,4,Life Sciences,4,Male,74,4,2,Sales Executive,4,Single,5337,19921,1,No,12,3,4,0,10,3,3,10,7,5,7,EMP0463,0.5,0.7,0.3,0.7,High,Low,1,51.5,Medium,2,Experienced Professional
26,1,Travel_Rarely,471,Research & Development,24,3,Technical Degree,3,Male,66,1,1,Laboratory Technician,4,Single,2340,23213,1,Yes,18,3,2,0,1,3,1,1,0,0,0,EMP0464,0.0,0.0,3.0,0.0,Low,Low,0,0.0,Low,0,Early-Career Explorer
37,0,Travel_Rarely,799,Research & Development,1,3,Technical Degree,2,Female,59,3,3,Manufacturing Director,4,Single,7491,23848,4,No,17,3,4,0,12,3,4,6,5,1,2,EMP0465,0.1666666666666666,0.8333333333333334,0.5,0.3333333333333333,Medium,Low,0,36.66666666666666,Medium,1,Developing Professional
46,0,Travel_Frequently,1034,Research & Development,18,1,Medical,1,Female,86,3,3,Healthcare Representative,3,Married,10527,8984,5,No,11,3,4,0,28,3,2,2,2,1,2,EMP0466,0.5,1.0,1.5,1.0,Low,Low,0,70.0,High,1,Developing Professional
41,0,Travel_Rarely,1276,Sales,2,5,Life Sciences,2,Female,91,3,4,Manager,1,Married,16595,5626,7,No,16,3,2,1,22,2,3,18,16,11,8,EMP0467,0.6111111111111112,0.8888888888888888,0.1111111111111111,0.4444444444444444,High,Medium,1,82.77777777777777,High,2,Experienced Professional
37,0,Non-Travel,142,Sales,9,4,Medical,1,Male,69,3,3,Sales Executive,2,Divorced,8834,24666,1,No,13,3,4,1,9,6,3,9,5,7,7,EMP0468,0.7777777777777778,0.5555555555555556,0.6666666666666666,0.7777777777777778,High,Low,1,69.44444444444444,High,2,Experienced Professional
52,0,Travel_Rarely,956,Research & Development,6,2,Technical Degree,4,Male,78,3,2,Research Scientist,1,Divorced,5577,22087,3,Yes,12,3,2,2,18,3,3,10,9,6,9,EMP0469,0.6,0.9,0.3,0.9,High,Low,1,79.5,High,2,Experienced Professional
32,1,Non-Travel,1474,Sales,11,4,Other,4,Male,60,4,2,Sales Executive,3,Married,4707,23914,8,No,12,3,4,0,6,2,3,4,2,1,2,EMP0470,0.25,0.5,0.5,0.5,Low,Medium,0,47.5,Medium,1,Developing Professional
24,0,Travel_Frequently,535,Sales,24,3,Medical,4,Male,38,3,1,Sales Representative,4,Married,2400,5530,0,No,13,3,3,2,3,3,3,2,2,2,1,EMP0471,1.0,1.0,1.5,0.5,Low,Low,0,77.5,High,1,Developing Professional
38,0,Travel_Rarely,1495,Research & Development,10,3,Medical,3,Female,76,3,2,Healthcare Representative,3,Married,9824,22174,3,No,19,3,3,1,18,4,3,1,0,0,0,EMP0472,0.0,0.0,4.0,0.0,Low,Low,0,5.0,Low,0,Early-Career Explorer
37,0,Travel_Rarely,446,Research & Development,1,4,Life Sciences,2,Female,65,3,2,Manufacturing Director,2,Married,6447,15701,6,No,12,3,2,1,8,2,2,6,5,4,3,EMP0473,0.6666666666666666,0.8333333333333334,0.3333333333333333,0.5,Medium,Medium,1,79.16666666666666,High,1,Developing Professional
49,0,Travel_Rarely,1245,Research & Development,18,4,Life Sciences,4,Male,58,2,5,Research Director,3,Divorced,19502,2125,1,Yes,17,3,3,1,31,5,3,31,9,0,9,EMP0474,0.0,0.2903225806451613,0.1612903225806451,0.2903225806451613,High,Low,0,18.06451612903226,Low,2,Experienced Professional
24,0,Travel_Rarely,691,Research & Development,23,3,Medical,2,Male,89,4,1,Research Scientist,4,Married,2725,21630,1,Yes,11,3,2,2,6,3,3,6,5,1,4,EMP0475,0.1666666666666666,0.8333333333333334,0.5,0.6666666666666666,Medium,Low,0,41.66666666666666,Medium,1,Developing Professional
26,0,Travel_Rarely,703,Sales,28,2,Marketing,1,Male,66,3,2,Sales Executive,2,Married,6272,7428,1,No,20,4,4,2,6,5,4,5,3,1,4,EMP0476,0.2,0.6,1.0,0.8,Low,Low,0,48.0,Medium,1,Developing Professional
24,0,Travel_Rarely,823,Research & Development,17,2,Other,4,Male,94,2,1,Laboratory Technician,2,Married,2127,9100,1,No,21,4,4,1,1,2,3,1,0,0,0,EMP0477,0.0,0.0,2.0,0.0,Low,Medium,0,20.0,Low,0,Early-Career Explorer
50,0,Travel_Frequently,1246,Human Resources,3,3,Medical,1,Male,99,3,5,Manager,2,Married,18200,7999,1,No,11,3,3,1,32,2,3,32,5,10,7,EMP0478,0.3125,0.15625,0.0625,0.21875,High,Medium,1,40.46875,Medium,2,Experienced Professional
25,0,Travel_Rarely,622,Sales,13,1,Medical,2,Male,40,3,1,Sales Representative,3,Married,2096,26376,1,No,11,3,3,0,7,1,3,7,4,0,6,EMP0479,0.0,0.5714285714285714,0.1428571428571428,0.8571428571428571,Medium,High,0,55.0,Medium,1,Developing Professional
24,1,Travel_Frequently,1287,Research & Development,7,3,Life Sciences,1,Female,55,3,1,Laboratory Technician,3,Married,2886,14168,1,Yes,16,3,4,1,6,4,3,6,3,1,2,EMP0480,0.1666666666666666,0.5,0.6666666666666666,0.3333333333333333,Low,Low,0,31.666666666666664,Medium,1,Developing Professional
30,1,Travel_Frequently,448,Sales,12,4,Life Sciences,2,Male,74,2,1,Sales Representative,1,Married,2033,14470,1,No,18,3,3,1,1,2,4,1,0,0,0,EMP0481,0.0,0.0,2.0,0.0,Low,Medium,0,25.0,Low,0,Early-Career Explorer
34,0,Travel_Rarely,254,Research & Development,1,2,Life Sciences,2,Male,83,2,1,Research Scientist,4,Married,3622,22794,1,Yes,13,3,4,1,6,3,3,6,5,1,3,EMP0482,0.1666666666666666,0.8333333333333334,0.5,0.5,Medium,Low,0,39.16666666666666,Medium,1,Developing Professional
31,1,Travel_Rarely,1365,Sales,13,4,Medical,2,Male,46,3,2,Sales Executive,1,Divorced,4233,11512,2,No,17,3,3,0,9,2,1,3,1,1,2,EMP0483,0.3333333333333333,0.3333333333333333,0.6666666666666666,0.6666666666666666,Low,Medium,0,58.33333333333333,Medium,1,Developing Professional
35,0,Travel_Rarely,538,Research & Development,25,2,Other,1,Male,54,2,2,Laboratory Technician,4,Single,3681,14004,4,No,14,3,4,0,9,3,3,3,2,0,2,EMP0484,0.0,0.6666666666666666,1.0,0.6666666666666666,Low,Low,0,30.0,Medium,1,Developing Professional
31,0,Travel_Rarely,525,Sales,6,4,Medical,1,Male,66,4,2,Sales Executive,4,Divorced,5460,6219,4,No,22,4,4,2,13,4,4,7,7,5,7,EMP0485,0.7142857142857143,1.0,0.5714285714285714,1.0,High,Low,1,73.57142857142857,High,2,Experienced Professional
27,0,Travel_Rarely,798,Research & Development,6,4,Medical,1,Female,66,2,1,Research Scientist,3,Divorced,2187,5013,0,No,12,3,3,2,6,5,2,5,3,0,3,EMP0486,0.0,0.6,1.0,0.6,Low,Low,0,32.0,Medium,1,Developing Professional
37,0,Travel_Rarely,558,Sales,2,3,Marketing,4,Male,75,3,2,Sales Executive,3,Married,9602,3010,4,Yes,11,3,3,1,17,3,2,3,0,1,0,EMP0487,0.3333333333333333,0.0,1.0,0.0,Low,Low,0,18.33333333333333,Low,0,Early-Career Explorer
20,0,Travel_Rarely,959,Research & Development,1,3,Life Sciences,4,Female,83,2,1,Research Scientist,2,Single,2836,11757,1,No,13,3,4,0,1,0,4,1,0,0,0,EMP0488,0.0,0.0,0.0,0.0,Low,Medium,0,40.0,Medium,0,Early-Career Explorer
42,0,Travel_Rarely,622,Research & Development,2,4,Life Sciences,3,Female,81,3,2,Healthcare Representative,4,Married,4089,5718,1,No,13,3,2,2,10,4,3,10,2,2,2,EMP0489,0.2,0.2,0.4,0.2,Low,Low,0,17.0,Low,1,Developing Professional
43,0,Travel_Rarely,782,Research & Development,6,4,Other,2,Male,50,2,4,Research Director,4,Divorced,16627,2671,4,Yes,14,3,3,1,21,3,2,1,0,0,0,EMP0490,0.0,0.0,3.0,0.0,Low,Low,0,0.0,Low,0,Early-Career Explorer
38,0,Travel_Rarely,362,Research & Development,1,1,Life Sciences,3,Female,43,3,1,Research Scientist,1,Single,2619,14561,3,No,17,3,4,0,8,3,2,0,0,0,0,EMP0491,0.0,0.0,3.0,0.0,Low,Low,0,15.0,Low,0,Early-Career Explorer
43,0,Travel_Frequently,1001,Research & Development,9,5,Medical,4,Male,72,3,2,Laboratory Technician,3,Divorced,5679,19627,3,Yes,13,3,2,1,10,3,3,8,7,4,7,EMP0492,0.5,0.875,0.375,0.875,High,Low,1,64.375,High,1,Developing Professional
48,0,Travel_Rarely,1236,Research & Development,1,4,Life Sciences,4,Female,40,2,4,Manager,1,Married,15402,17997,7,No,11,3,1,1,21,3,1,3,2,0,2,EMP0493,0.0,0.6666666666666666,1.0,0.6666666666666666,Low,Low,0,45.0,Medium,1,Developing Professional
44,0,Travel_Rarely,1112,Human Resources,1,4,Life Sciences,1,Female,50,2,2,Human Resources,3,Single,5985,26894,4,No,11,3,2,0,10,1,4,2,2,0,2,EMP0494,0.0,1.0,0.5,1.0,Low,Medium,0,70.0,High,1,Developing Professional
34,0,Travel_Rarely,204,Sales,14,3,Technical Degree,3,Female,31,3,1,Sales Representative,3,Divorced,2579,2912,1,Yes,18,3,4,2,8,3,3,8,2,0,6,EMP0495,0.0,0.25,0.375,0.75,Low,Low,0,23.75,Low,1,Developing Professional
27,1,Travel_Rarely,1420,Sales,2,1,Marketing,3,Male,85,3,1,Sales Representative,1,Divorced,3041,16346,0,No,11,3,2,1,5,3,3,4,3,0,2,EMP0496,0.0,0.75,0.75,0.5,Low,Low,0,45.0,Medium,1,Developing Professional
21,0,Travel_Rarely,1343,Sales,22,1,Technical Degree,3,Male,49,3,1,Sales Representative,3,Single,3447,24444,1,No,11,3,3,0,3,2,3,3,2,1,2,EMP0497,0.3333333333333333,0.6666666666666666,0.6666666666666666,0.6666666666666666,Low,Medium,0,58.33333333333333,Medium,1,Developing Professional
44,0,Travel_Rarely,1315,Research & Development,3,4,Other,4,Male,35,3,5,Manager,4,Married,19513,9358,4,Yes,12,3,1,1,26,2,4,2,2,0,1,EMP0498,0.0,1.0,1.0,0.5,Low,Medium,0,47.5,Medium,1,Developing Professional
22,0,Travel_Rarely,604,Research & Development,6,1,Medical,1,Male,69,3,1,Research Scientist,3,Married,2773,12145,0,No,20,4,4,0,3,3,3,2,2,2,2,EMP0499,1.0,1.0,1.5,1.0,Low,Low,0,90.0,High,1,Developing Professional
33,0,Travel_Rarely,1216,Sales,8,4,Marketing,3,Male,39,3,2,Sales Executive,3,Divorced,7104,20431,0,No,12,3,4,0,6,3,3,5,0,1,2,EMP0500,0.2,0.0,0.6,0.4,Low,Low,0,19.0,Low,1,Developing Professional
32,0,Travel_Rarely,646,Research & Development,9,4,Life Sciences,1,Female,92,3,2,Research Scientist,4,Married,6322,18089,1,Yes,12,3,4,1,6,2,2,6,4,0,5,EMP0501,0.0,0.6666666666666666,0.3333333333333333,0.8333333333333334,Medium,Medium,0,42.5,Medium,1,Developing Professional
30,0,Travel_Frequently,160,Research & Development,3,3,Medical,3,Female,71,3,1,Research Scientist,3,Divorced,2083,22653,1,No,20,4,3,1,1,2,3,1,0,0,0,EMP0502,0.0,0.0,2.0,0.0,Low,Medium,0,15.0,Low,0,Early-Career Explorer
53,0,Travel_Rarely,238,Sales,1,1,Medical,4,Female,34,3,2,Sales Executive,1,Single,8381,7507,7,No,20,4,4,0,18,2,4,14,7,8,10,EMP0503,0.5714285714285714,0.5,0.1428571428571428,0.7142857142857143,High,Medium,1,73.57142857142857,High,2,Experienced Professional
34,0,Travel_Rarely,1397,Research & Development,1,5,Life Sciences,2,Male,42,3,1,Research Scientist,4,Married,2691,7660,1,No,12,3,4,1,10,4,2,10,9,8,8,EMP0504,0.8,0.9,0.4,0.8,High,Low,1,71.0,High,2,Experienced Professional
45,1,Travel_Frequently,306,Sales,26,4,Life Sciences,1,Female,100,3,2,Sales Executive,1,Married,4286,5630,2,No,14,3,4,2,5,4,3,1,1,0,0,EMP0505,0.0,1.0,4.0,0.0,Low,Low,0,45.0,Medium,0,Early-Career Explorer
26,0,Travel_Rarely,991,Research & Development,6,3,Life Sciences,3,Female,71,3,1,Laboratory Technician,4,Married,2659,17759,1,Yes,13,3,3,1,3,2,3,3,2,0,2,EMP0506,0.0,0.6666666666666666,0.6666666666666666,0.6666666666666666,Low,Medium,0,40.0,Medium,1,Developing Professional
37,0,Travel_Rarely,482,Research & Development,3,3,Other,3,Male,36,3,3,Manufacturing Director,3,Married,9434,9606,1,No,15,3,3,1,10,2,3,10,7,7,8,EMP0507,0.7,0.7,0.2,0.8,High,Medium,1,76.0,High,2,Experienced Professional
29,0,Travel_Rarely,1176,Sales,3,2,Medical,2,Female,62,3,2,Sales Executive,3,Married,5561,3487,1,No,14,3,1,1,6,5,2,6,0,1,2,EMP0508,0.1666666666666666,0.0,0.8333333333333334,0.3333333333333333,Low,Low,0,16.666666666666664,Low,0,Early-Career Explorer
35,0,Travel_Rarely,1017,Research & Development,6,4,Life Sciences,2,Male,82,1,2,Research Scientist,4,Single,6646,19368,1,No,13,3,2,0,17,3,3,17,11,11,8,EMP0509,0.6470588235294118,0.6470588235294118,0.1764705882352941,0.4705882352941176,High,Low,1,52.352941176470594,Medium,2,Experienced Professional
33,0,Travel_Frequently,1296,Research & Development,6,3,Life Sciences,3,Male,30,3,2,Healthcare Representative,4,Divorced,7725,5335,3,No,23,4,3,1,15,2,1,13,11,4,7,EMP0510,0.3076923076923077,0.8461538461538461,0.1538461538461538,0.5384615384615384,High,Medium,1,55.76923076923077,Medium,2,Experienced Professional
54,0,Travel_Rarely,397,Human Resources,19,4,Medical,3,Male,88,3,3,Human Resources,2,Married,10725,6729,2,No,15,3,3,1,16,1,4,9,7,7,1,EMP0511,0.7777777777777778,0.7777777777777778,0.1111111111111111,0.1111111111111111,High,High,1,86.11111111111111,High,2,Experienced Professional
36,0,Travel_Rarely,913,Research & Development,9,2,Medical,2,Male,48,2,2,Manufacturing Director,2,Divorced,8847,13934,2,Yes,11,3,3,1,13,2,3,3,2,0,2,EMP0512,0.0,0.6666666666666666,0.6666666666666666,0.6666666666666666,Low,Medium,0,50.0,Medium,1,Developing Professional
27,0,Travel_Rarely,1115,Research & Development,3,4,Medical,1,Male,54,2,1,Research Scientist,4,Single,2045,15174,0,No,13,3,4,0,5,0,3,4,2,1,1,EMP0513,0.25,0.5,0.0,0.25,Low,Medium,0,58.75,Medium,1,Developing Professional
20,1,Travel_Rarely,1362,Research & Development,10,1,Medical,4,Male,32,3,1,Research Scientist,3,Single,1009,26999,1,Yes,11,3,4,0,1,5,3,1,0,1,1,EMP0514,1.0,0.0,5.0,1.0,Low,Low,0,60.0,High,0,Early-Career Explorer
33,1,Travel_Frequently,1076,Research & Development,3,3,Life Sciences,1,Male,70,3,1,Research Scientist,1,Single,3348,3164,1,Yes,11,3,1,0,10,3,3,10,8,9,7,EMP0515,0.9,0.8,0.3,0.7,High,Low,1,85.5,High,2,Experienced Professional
35,0,Non-Travel,727,Research & Development,3,3,Life Sciences,3,Male,41,2,1,Laboratory Technician,3,Married,1281,16900,1,No,18,3,3,2,1,3,3,1,0,0,0,EMP0516,0.0,0.0,3.0,0.0,Low,Low,0,5.0,Low,0,Early-Career Explorer
23,0,Travel_Rarely,885,Research & Development,4,3,Medical,1,Male,58,4,1,Research Scientist,1,Married,2819,8544,2,No,16,3,1,1,5,3,4,3,2,0,2,EMP0517,0.0,0.6666666666666666,1.0,0.6666666666666666,Low,Low,0,45.0,Medium,1,Developing Professional
25,0,Travel_Rarely,810,Sales,8,3,Life Sciences,4,Male,57,4,2,Sales Executive,2,Married,4851,15678,0,No,22,4,3,1,4,4,3,3,2,1,2,EMP0518,0.3333333333333333,0.6666666666666666,1.3333333333333333,0.6666666666666666,Low,Low,0,53.33333333333333,Medium,1,Developing Professional
38,0,Travel_Rarely,243,Sales,7,4,Marketing,4,Female,46,2,2,Sales Executive,4,Single,4028,7791,0,No,20,4,1,0,8,2,3,7,7,0,5,EMP0519,0.0,1.0,0.2857142857142857,0.7142857142857143,High,Medium,0,50.71428571428572,Medium,1,Developing Professional
29,0,Travel_Frequently,806,Research & Development,1,4,Life Sciences,2,Male,76,1,1,Research Scientist,4,Divorced,2720,18959,1,No,18,3,4,1,10,5,3,10,7,2,8,EMP0520,0.2,0.7,0.5,0.8,High,Low,0,41.0,Medium,1,Developing Professional
48,0,Travel_Rarely,817,Sales,2,1,Marketing,2,Male,56,4,2,Sales Executive,2,Married,8120,18597,3,No,12,3,4,0,12,3,3,2,2,2,2,EMP0521,1.0,1.0,1.5,1.0,Low,Low,0,95.0,High,1,Developing Professional
27,0,Travel_Frequently,1410,Sales,3,1,Medical,4,Female,71,4,2,Sales Executive,4,Divorced,4647,16673,1,Yes,20,4,2,2,6,3,3,6,5,0,4,EMP0522,0.0,0.8333333333333334,0.5,0.6666666666666666,Medium,Low,0,35.0,Medium,1,Developing Professional
37,0,Travel_Rarely,1225,Research & Development,10,2,Life Sciences,4,Male,80,4,1,Research Scientist,4,Single,4680,15232,3,No,17,3,1,0,4,2,3,1,0,0,0,EMP0523,0.0,0.0,2.0,0.0,Low,Medium,0,10.0,Low,0,Early-Career Explorer
50,0,Travel_Rarely,1207,Research & Development,28,1,Medical,4,Male,74,4,1,Laboratory Technician,3,Married,3221,3297,1,Yes,11,3,3,3,20,3,3,20,8,3,8,EMP0524,0.15,0.4,0.15,0.4,High,Low,1,29.0,Low,2,Experienced Professional
34,0,Travel_Rarely,1442,Research & Development,9,3,Medical,4,Female,46,2,3,Healthcare Representative,2,Single,8621,17654,1,No,14,3,2,0,9,3,4,8,7,7,7,EMP0525,0.875,0.875,0.375,0.875,High,Low,1,84.375,High,2,Experienced Professional
24,1,Travel_Rarely,693,Sales,3,2,Life Sciences,1,Female,65,3,2,Sales Executive,3,Single,4577,24785,9,No,14,3,1,0,4,3,3,2,2,2,0,EMP0526,1.0,1.0,1.5,0.0,Low,Low,0,75.0,High,1,Developing Professional
39,0,Travel_Rarely,408,Research & Development,2,4,Technical Degree,4,Female,80,2,2,Healthcare Representative,3,Single,4553,20978,1,No,11,3,1,0,20,4,3,20,7,11,10,EMP0527,0.55,0.35,0.2,0.5,High,Low,1,45.0,Medium,2,Experienced Professional
32,0,Travel_Rarely,929,Sales,10,3,Marketing,4,Male,55,3,2,Sales Executive,4,Single,5396,21703,1,No,12,3,4,0,10,2,2,10,7,0,8,EMP0528,0.0,0.7,0.2,0.8,High,Medium,0,43.0,Medium,1,Developing Professional
50,1,Travel_Frequently,562,Sales,8,2,Technical Degree,2,Male,50,3,2,Sales Executive,3,Married,6796,23452,3,Yes,14,3,1,1,18,4,3,4,3,1,3,EMP0529,0.25,0.75,1.0,0.75,Low,Low,0,48.75,Medium,1,Developing Professional
38,0,Travel_Rarely,827,Research & Development,1,4,Life Sciences,2,Female,33,4,2,Healthcare Representative,4,Single,7625,19383,0,No,13,3,3,0,10,4,2,9,7,1,8,EMP0530,0.1111111111111111,0.7777777777777778,0.4444444444444444,0.8888888888888888,High,Low,0,41.11111111111112,Medium,1,Developing Professional
27,0,Travel_Rarely,608,Research & Development,1,2,Life Sciences,3,Female,68,3,3,Manufacturing Director,1,Married,7412,6009,1,No,11,3,4,0,9,3,3,9,7,0,7,EMP0531,0.0,0.7777777777777778,0.3333333333333333,0.7777777777777778,High,Low,0,50.0,Medium,1,Developing Professional
32,0,Travel_Rarely,1018,Research & Development,3,2,Life Sciences,3,Female,39,3,3,Research Director,4,Single,11159,19373,3,No,15,3,4,0,10,6,3,7,7,7,7,EMP0532,1.0,1.0,0.8571428571428571,1.0,High,Low,1,85.0,High,2,Experienced Professional
47,0,Travel_Rarely,703,Sales,14,4,Marketing,4,Male,42,3,2,Sales Executive,1,Single,4960,11825,2,No,12,3,4,0,20,2,3,7,7,1,7,EMP0533,0.1428571428571428,1.0,0.2857142857142857,1.0,High,Medium,0,75.71428571428572,High,1,Developing Professional
40,0,Travel_Frequently,580,Sales,5,4,Life Sciences,4,Male,48,2,3,Sales Executive,1,Married,10475,23772,5,Yes,21,4,3,1,20,2,3,18,13,1,12,EMP0534,0.0555555555555555,0.7222222222222222,0.1111111111111111,0.6666666666666666,High,Medium,0,58.888888888888886,Medium,2,Experienced Professional
53,0,Travel_Rarely,970,Research & Development,7,3,Life Sciences,3,Male,59,4,4,Research Director,3,Married,14814,13514,3,No,19,3,3,0,32,3,3,5,1,1,3,EMP0535,0.2,0.2,0.6,0.6,Low,Low,0,28.0,Low,1,Developing Professional
41,0,Travel_Rarely,427,Human Resources,10,4,Human Resources,2,Male,73,2,5,Manager,4,Divorced,19141,8861,3,No,15,3,2,3,23,2,2,21,6,12,6,EMP0536,0.5714285714285714,0.2857142857142857,0.0952380952380952,0.2857142857142857,High,Medium,1,45.71428571428571,Medium,2,Experienced Professional
60,0,Travel_Rarely,1179,Sales,16,4,Marketing,1,Male,84,3,2,Sales Executive,1,Single,5405,11924,8,No,14,3,4,0,10,1,3,2,2,2,2,EMP0537,1.0,1.0,0.5,1.0,Low,Medium,0,100.0,High,1,Developing Professional
27,0,Travel_Frequently,294,Research & Development,10,2,Life Sciences,4,Male,32,3,3,Manufacturing Director,1,Divorced,8793,4809,1,No,21,4,3,2,9,4,2,9,7,1,7,EMP0538,0.1111111111111111,0.7777777777777778,0.4444444444444444,0.7777777777777778,High,Low,0,54.44444444444444,Medium,1,Developing Professional
41,0,Travel_Rarely,314,Human Resources,1,3,Human Resources,4,Male,59,2,5,Manager,3,Married,19189,19562,1,No,12,3,2,1,22,3,3,22,7,2,10,EMP0539,0.0909090909090909,0.3181818181818182,0.1363636363636363,0.4545454545454545,High,Low,0,25.0,Low,2,Experienced Professional
50,0,Travel_Rarely,316,Sales,8,4,Marketing,4,Male,54,3,1,Sales Representative,2,Married,3875,9983,7,No,15,3,4,1,4,2,3,2,2,2,2,EMP0540,1.0,1.0,1.0,1.0,Low,Medium,0,100.0,High,1,Developing Professional
28,1,Travel_Rarely,654,Research & Development,1,2,Life Sciences,1,Female,67,1,1,Research Scientist,2,Single,2216,3872,7,Yes,13,3,4,0,10,4,3,7,7,3,7,EMP0541,0.4285714285714285,1.0,0.5714285714285714,1.0,High,Low,1,72.14285714285714,High,1,Developing Professional
36,0,Non-Travel,427,Research & Development,8,3,Life Sciences,1,Female,63,4,3,Research Director,1,Married,11713,20335,9,No,14,3,1,1,10,2,3,8,7,0,5,EMP0542,0.0,0.875,0.25,0.625,High,Medium,0,60.625,High,1,Developing Professional
38,0,Travel_Rarely,168,Research & Development,1,3,Life Sciences,3,Female,81,3,3,Manufacturing Director,3,Single,7861,15397,4,Yes,14,3,4,0,10,4,4,1,0,0,0,EMP0543,0.0,0.0,4.0,0.0,Low,Low,0,5.0,Low,0,Early-Career Explorer
44,0,Non-Travel,381,Research & Development,24,3,Medical,1,Male,49,1,1,Laboratory Technician,3,Single,3708,2104,2,No,14,3,3,0,9,5,3,5,2,1,4,EMP0544,0.2,0.4,1.0,0.8,Low,Low,0,37.0,Medium,1,Developing Professional
47,0,Travel_Frequently,217,Sales,3,3,Medical,4,Female,49,3,4,Sales Executive,3,Divorced,13770,10225,9,Yes,12,3,4,2,28,2,2,22,2,11,13,EMP0545,0.5,0.0909090909090909,0.0909090909090909,0.5909090909090909,High,Medium,0,46.59090909090909,Medium,2,Experienced Professional
30,0,Travel_Rarely,501,Sales,27,5,Marketing,3,Male,99,3,2,Sales Executive,4,Divorced,5304,25275,7,No,23,4,4,1,10,2,2,8,7,7,7,EMP0546,0.875,0.875,0.25,0.875,High,Medium,1,84.375,High,2,Experienced Professional
29,0,Travel_Rarely,1396,Sales,10,3,Life Sciences,3,Male,99,3,1,Sales Representative,3,Single,2642,2755,1,No,11,3,3,0,1,6,3,1,0,0,0,EMP0547,0.0,0.0,6.0,0.0,Low,Low,0,5.0,Low,0,Early-Career Explorer
42,1,Travel_Frequently,933,Research & Development,19,3,Medical,3,Male,57,4,1,Research Scientist,3,Divorced,2759,20366,6,Yes,12,3,4,0,7,2,3,2,2,2,2,EMP0548,1.0,1.0,1.0,1.0,Low,Medium,0,100.0,High,1,Developing Professional
43,0,Travel_Frequently,775,Sales,15,3,Life Sciences,4,Male,47,2,2,Sales Executive,4,Married,6804,23683,3,No,18,3,3,1,7,5,3,2,2,2,2,EMP0549,1.0,1.0,2.5,1.0,Low,Low,0,85.0,High,1,Developing Professional
34,0,Travel_Rarely,970,Research & Development,8,2,Medical,2,Female,96,3,2,Healthcare Representative,3,Single,6142,7360,3,No,11,3,4,0,10,2,3,5,1,4,3,EMP0550,0.8,0.2,0.4,0.6,Medium,Medium,0,62.0,High,1,Developing Professional
23,0,Travel_Rarely,650,Research & Development,9,1,Medical,2,Male,37,3,1,Laboratory Technician,1,Married,2500,4344,1,No,14,3,4,1,5,2,4,4,3,0,2,EMP0551,0.0,0.75,0.5,0.5,Low,Medium,0,55.0,Medium,1,Developing Professional
39,0,Travel_Rarely,141,Human Resources,3,3,Human Resources,3,Female,44,4,2,Human Resources,2,Married,6389,18767,9,No,15,3,3,1,12,3,1,8,3,3,6,EMP0552,0.375,0.375,0.375,0.75,Medium,Low,1,47.5,Medium,1,Developing Professional
56,0,Travel_Rarely,832,Research & Development,9,3,Medical,3,Male,81,3,4,Healthcare Representative,4,Married,11103,20420,7,No,11,3,3,0,30,1,2,10,7,1,1,EMP0553,0.1,0.7,0.1,0.1,High,High,0,46.5,Medium,2,Experienced Professional
40,0,Travel_Rarely,804,Research & Development,2,1,Medical,4,Female,86,2,1,Research Scientist,4,Single,2342,22929,0,Yes,20,4,4,0,5,2,2,4,2,2,3,EMP0554,0.5,0.5,0.5,0.75,Low,Medium,0,56.25,Medium,1,Developing Professional
27,0,Travel_Rarely,975,Research & Development,7,3,Medical,4,Female,55,2,2,Healthcare Representative,1,Single,6811,23398,8,No,19,3,1,0,9,2,1,7,6,0,7,EMP0555,0.0,0.8571428571428571,0.2857142857142857,1.0,Medium,Medium,0,65.71428571428571,High,1,Developing Professional
29,0,Travel_Rarely,1090,Sales,10,3,Marketing,4,Male,83,3,1,Sales Representative,2,Divorced,2297,17967,1,No,14,3,4,2,2,2,3,2,2,2,2,EMP0556,1.0,1.0,1.0,1.0,Low,Medium,0,100.0,High,1,Developing Professional
53,0,Travel_Rarely,346,Research & Development,6,3,Life Sciences,4,Male,86,3,2,Laboratory Technician,4,Single,2450,10919,2,No,17,3,4,0,19,4,3,2,2,2,2,EMP0557,1.0,1.0,2.0,1.0,Low,Low,0,85.0,High,1,Developing Professional
35,0,Non-Travel,1225,Research & Development,2,4,Life Sciences,4,Female,61,3,2,Healthcare Representative,1,Divorced,5093,4761,2,No,11,3,1,1,16,2,4,1,0,0,0,EMP0558,0.0,0.0,2.0,0.0,Low,Medium,0,25.0,Low,0,Early-Career Explorer
32,0,Travel_Frequently,430,Research & Development,24,4,Life Sciences,1,Male,80,3,2,Laboratory Technician,4,Married,5309,21146,1,No,15,3,4,2,10,2,3,10,8,4,7,EMP0559,0.4,0.8,0.2,0.7,High,Medium,1,60.5,High,2,Experienced Professional
38,0,Travel_Rarely,268,Research & Development,2,5,Medical,4,Male,92,3,1,Research Scientist,3,Married,3057,20471,6,Yes,13,3,2,1,6,0,1,1,0,0,1,EMP0560,0.0,0.0,0.0,1.0,Low,Medium,0,50.0,Medium,1,Developing Professional
34,0,Travel_Rarely,167,Research & Development,8,5,Life Sciences,2,Female,32,3,2,Manufacturing Director,1,Divorced,5121,4187,3,No,14,3,3,1,7,3,3,0,0,0,0,EMP0561,0.0,0.0,3.0,0.0,Low,Low,0,15.0,Low,0,Early-Career Explorer
52,0,Travel_Rarely,621,Sales,3,4,Marketing,3,Male,31,2,4,Manager,1,Married,16856,10084,1,No,11,3,1,0,34,3,4,34,6,1,16,EMP0562,0.0294117647058823,0.1764705882352941,0.088235294117647,0.4705882352941176,Medium,Low,0,28.529411764705884,Low,2,Experienced Professional
33,1,Travel_Rarely,527,Research & Development,1,4,Other,4,Male,63,3,1,Research Scientist,4,Single,2686,5207,1,Yes,13,3,3,0,10,2,2,10,9,7,8,EMP0563,0.7,0.9,0.2,0.8,High,Medium,1,77.0,High,2,Experienced Professional
25,0,Travel_Rarely,883,Sales,26,1,Medical,3,Female,32,3,2,Sales Executive,4,Single,6180,22807,1,No,23,4,2,0,6,5,2,6,5,1,4,EMP0564,0.1666666666666666,0.8333333333333334,0.8333333333333334,0.6666666666666666,Medium,Low,0,41.66666666666666,Medium,1,Developing Professional
45,0,Travel_Rarely,954,Sales,2,2,Technical Degree,2,Male,46,1,2,Sales Representative,3,Single,6632,12388,0,No,13,3,1,0,9,3,3,8,7,3,1,EMP0565,0.375,0.875,0.375,0.125,High,Low,1,48.125,Medium,1,Developing Professional
23,0,Travel_Rarely,310,Research & Development,10,1,Medical,1,Male,79,4,1,Research Scientist,3,Single,3505,19630,1,No,18,3,4,0,2,3,3,2,2,0,2,EMP0566,0.0,1.0,1.5,1.0,Low,Low,0,50.0,Medium,1,Developing Professional
47,1,Travel_Frequently,719,Sales,27,2,Life Sciences,2,Female,77,4,2,Sales Executive,3,Single,6397,10339,4,Yes,12,3,4,0,8,2,3,5,4,1,3,EMP0567,0.2,0.8,0.4,0.6,Medium,Medium,0,56.0,Medium,1,Developing Professional
34,0,Travel_Rarely,304,Sales,2,3,Other,4,Male,60,3,2,Sales Executive,4,Single,6274,18686,1,No,22,4,3,0,6,5,3,6,5,1,4,EMP0568,0.1666666666666666,0.8333333333333334,0.8333333333333334,0.6666666666666666,Medium,Low,0,41.66666666666666,Medium,1,Developing Professional
55,1,Travel_Rarely,725,Research & Development,2,3,Medical,4,Male,78,3,5,Manager,1,Married,19859,21199,5,Yes,13,3,4,1,24,2,3,5,2,1,4,EMP0569,0.2,0.4,0.4,0.8,Low,Medium,0,57.0,Medium,1,Developing Professional
36,0,Non-Travel,1434,Sales,8,4,Life Sciences,1,Male,76,2,3,Sales Executive,1,Single,7587,14229,1,No,15,3,2,0,10,1,3,10,7,0,9,EMP0570,0.0,0.7,0.1,0.9,High,High,0,69.5,High,1,Developing Professional
52,0,Non-Travel,715,Research & Development,19,4,Medical,4,Male,41,3,1,Research Scientist,4,Married,4258,26589,0,No,18,3,1,1,5,3,3,4,3,1,2,EMP0571,0.25,0.75,0.75,0.5,Low,Low,0,40.0,Medium,1,Developing Professional
26,0,Travel_Frequently,575,Research & Development,1,2,Life Sciences,1,Female,71,1,1,Laboratory Technician,4,Divorced,4364,5288,3,No,14,3,1,1,5,2,3,2,2,2,0,EMP0572,1.0,1.0,1.0,0.0,Low,Medium,0,80.0,High,1,Developing Professional
29,0,Travel_Rarely,657,Research & Development,27,3,Medical,2,Female,66,3,2,Healthcare Representative,3,Married,4335,25549,4,No,12,3,1,1,11,3,2,8,7,1,1,EMP0573,0.125,0.875,0.375,0.125,High,Low,0,38.125,Medium,1,Developing Professional
26,1,Travel_Rarely,1146,Sales,8,3,Technical Degree,4,Male,38,2,2,Sales Executive,1,Single,5326,3064,6,No,17,3,3,0,6,2,2,4,3,1,2,EMP0574,0.25,0.75,0.5,0.5,Low,Medium,0,65.0,High,1,Developing Professional
34,0,Travel_Rarely,182,Research & Development,1,4,Life Sciences,2,Female,72,4,1,Research Scientist,4,Single,3280,13551,2,No,16,3,3,0,10,2,3,4,2,1,3,EMP0575,0.25,0.5,0.5,0.75,Low,Medium,0,46.25,Medium,1,Developing Professional
54,0,Travel_Rarely,376,Research & Development,19,4,Medical,4,Female,95,3,2,Manufacturing Director,1,Divorced,5485,22670,9,Yes,11,3,2,2,9,4,3,5,3,1,4,EMP0576,0.2,0.6,0.8,0.8,Low,Low,0,53.0,Medium,1,Developing Professional
27,0,Travel_Frequently,829,Sales,8,1,Marketing,3,Male,84,3,2,Sales Executive,4,Married,4342,24008,0,No,19,3,2,1,5,3,3,4,2,1,1,EMP0577,0.25,0.5,0.75,0.25,Low,Low,0,28.75,Low,1,Developing Professional
37,0,Travel_Rarely,571,Research & Development,10,1,Life Sciences,4,Female,82,3,1,Research Scientist,1,Divorced,2782,19905,0,Yes,13,3,2,2,6,3,2,5,3,4,3,EMP0578,0.8,0.6,0.6,0.6,Medium,Low,1,74.0,High,1,Developing Professional
38,0,Travel_Frequently,240,Research & Development,2,4,Life Sciences,1,Female,75,4,2,Manufacturing Director,1,Single,5980,26085,6,Yes,12,3,4,0,17,2,3,15,7,4,12,EMP0579,0.2666666666666666,0.4666666666666667,0.1333333333333333,0.8,High,Medium,1,61.66666666666666,High,2,Experienced Professional
34,0,Travel_Rarely,121,Research & Development,2,4,Medical,3,Female,86,2,1,Research Scientist,1,Single,4381,7530,1,No,11,3,3,0,6,3,3,6,5,1,3,EMP0580,0.1666666666666666,0.8333333333333334,0.5,0.5,Medium,Low,0,54.16666666666666,Medium,1,Developing Professional
35,0,Travel_Rarely,384,Sales,8,4,Life Sciences,1,Female,72,3,1,Sales Representative,4,Married,2572,20317,1,No,16,3,2,1,3,1,2,3,2,0,2,EMP0581,0.0,0.6666666666666666,0.3333333333333333,0.6666666666666666,Low,Medium,0,50.0,Medium,1,Developing Professional
30,0,Travel_Rarely,921,Research & Development,1,3,Life Sciences,4,Male,38,1,1,Laboratory Technician,3,Married,3833,24375,3,No,21,4,3,2,7,2,3,2,2,0,2,EMP0582,0.0,1.0,1.0,1.0,Low,Medium,0,60.0,High,1,Developing Professional
40,0,Travel_Frequently,791,Research & Development,2,2,Medical,3,Female,38,4,2,Healthcare Representative,2,Married,4244,9931,1,No,24,4,4,1,8,2,3,8,7,3,7,EMP0583,0.375,0.875,0.25,0.875,High,Medium,1,74.375,High,1,Developing Professional
34,0,Travel_Rarely,1111,Sales,8,2,Life Sciences,3,Female,93,3,2,Sales Executive,1,Married,6500,13305,5,No,17,3,2,1,6,1,3,3,2,1,2,EMP0584,0.3333333333333333,0.6666666666666666,0.3333333333333333,0.6666666666666666,Low,Medium,0,78.33333333333333,High,1,Developing Professional
42,0,Travel_Frequently,570,Research & Development,8,3,Life Sciences,2,Male,66,3,5,Manager,4,Divorced,18430,16225,1,No,13,3,2,1,24,4,2,24,7,14,9,EMP0585,0.5833333333333334,0.2916666666666667,0.1666666666666666,0.375,High,Low,1,37.708333333333336,Medium,2,Experienced Professional
23,1,Travel_Rarely,1243,Research & Development,6,3,Life Sciences,3,Male,63,4,1,Laboratory Technician,1,Married,1601,3445,1,Yes,21,4,3,2,1,2,3,0,0,0,0,EMP0586,0.0,0.0,2.0,0.0,Low,Medium,0,25.0,Low,0,Early-Career Explorer
24,0,Non-Travel,1092,Research & Development,9,3,Life Sciences,3,Male,60,2,1,Laboratory Technician,2,Divorced,2694,26551,1,No,11,3,3,3,1,4,3,1,0,0,0,EMP0587,0.0,0.0,4.0,0.0,Low,Low,0,10.0,Low,0,Early-Career Explorer
52,0,Travel_Rarely,1325,Research & Development,11,4,Life Sciences,4,Female,82,3,2,Laboratory Technician,3,Married,3149,21821,8,No,20,4,2,1,9,3,3,5,2,1,4,EMP0588,0.2,0.4,0.6,0.8,Low,Low,0,37.0,Medium,1,Developing Professional
50,0,Travel_Rarely,691,Research & Development,2,3,Medical,3,Male,64,3,4,Research Director,3,Married,17639,6881,5,No,16,3,4,0,30,3,3,4,3,0,3,EMP0589,0.0,0.75,0.75,0.75,Low,Low,0,38.75,Medium,1,Developing Professional
29,1,Travel_Rarely,805,Research & Development,1,2,Life Sciences,2,Female,36,2,1,Laboratory Technician,1,Married,2319,6689,1,Yes,11,3,4,1,1,1,3,1,0,0,0,EMP0590,0.0,0.0,1.0,0.0,Low,Medium,0,35.0,Medium,0,Early-Career Explorer
33,0,Travel_Rarely,213,Research & Development,7,3,Medical,3,Male,49,3,3,Research Director,3,Married,11691,25995,0,No,11,3,4,0,14,3,4,13,9,3,7,EMP0591,0.2307692307692307,0.6923076923076923,0.2307692307692307,0.5384615384615384,High,Low,1,43.07692307692308,Medium,2,Experienced Professional
33,1,Travel_Rarely,118,Sales,16,3,Marketing,1,Female,69,3,2,Sales Executive,1,Single,5324,26507,5,No,15,3,3,0,6,3,3,3,2,0,2,EMP0592,0.0,0.6666666666666666,1.0,0.6666666666666666,Low,Low,0,45.0,Medium,1,Developing Professional
47,0,Travel_Rarely,202,Research & Development,2,2,Other,3,Female,33,3,4,Manager,4,Married,16752,12982,1,Yes,11,3,3,1,26,3,2,26,14,3,0,EMP0593,0.1153846153846153,0.5384615384615384,0.1153846153846153,0.0,High,Low,1,20.76923076923077,Low,2,Experienced Professional
36,0,Travel_Rarely,676,Research & Development,1,3,Other,3,Female,35,3,2,Manufacturing Director,2,Married,5228,23361,0,No,15,3,1,1,10,2,3,9,7,0,5,EMP0594,0.0,0.7777777777777778,0.2222222222222222,0.5555555555555556,High,Medium,0,51.66666666666666,Medium,1,Developing Professional
29,0,Travel_Rarely,1252,Research & Development,23,2,Life Sciences,3,Male,81,4,1,Research Scientist,3,Married,2700,23779,1,No,24,4,3,1,10,3,3,10,7,0,7,EMP0595,0.0,0.7,0.3,0.7,High,Low,0,36.5,Medium,1,Developing Professional
58,1,Travel_Rarely,286,Research & Development,2,4,Life Sciences,4,Male,31,3,5,Research Director,2,Single,19246,25761,7,Yes,12,3,4,0,40,2,3,31,15,13,8,EMP0596,0.4193548387096774,0.4838709677419355,0.064516129032258,0.2580645161290322,High,Medium,1,55.16129032258064,Medium,2,Experienced Professional
35,0,Travel_Rarely,1258,Research & Development,1,4,Life Sciences,4,Female,40,4,1,Research Scientist,3,Single,2506,13301,3,No,13,3,3,0,7,0,3,2,2,2,2,EMP0597,1.0,1.0,0.0,1.0,Low,Medium,0,100.0,High,1,Developing Professional
42,0,Travel_Rarely,932,Research & Development,1,2,Life Sciences,4,Female,43,2,2,Manufacturing Director,4,Married,6062,4051,9,Yes,13,3,4,1,8,4,3,4,3,0,2,EMP0598,0.0,0.75,1.0,0.5,Low,Low,0,30.0,Medium,1,Developing Professional
28,1,Travel_Rarely,890,Research & Development,2,4,Medical,3,Male,46,3,1,Research Scientist,3,Single,4382,16374,6,No,17,3,4,0,5,3,2,2,2,2,1,EMP0599,1.0,1.0,1.5,0.5,Low,Low,0,82.5,High,1,Developing Professional
36,0,Travel_Rarely,1041,Human Resources,13,3,Human Resources,3,Male,36,3,1,Human Resources,2,Married,2143,25527,4,No,13,3,2,1,8,2,3,5,2,0,4,EMP0600,0.0,0.4,0.4,0.8,Low,Medium,0,44.0,Medium,1,Developing Professional
32,0,Travel_Rarely,859,Research & Development,4,3,Life Sciences,3,Female,98,2,2,Manufacturing Director,3,Married,6162,19124,1,No,12,3,3,1,14,3,3,14,13,6,8,EMP0601,0.4285714285714285,0.9285714285714286,0.2142857142857142,0.5714285714285714,High,Low,1,58.57142857142857,Medium,2,Experienced Professional
40,0,Travel_Frequently,720,Research & Development,16,4,Medical,1,Male,51,2,2,Laboratory Technician,3,Single,5094,11983,6,No,14,3,4,0,10,6,3,1,0,0,0,EMP0602,0.0,0.0,6.0,0.0,Low,Low,0,5.0,Low,0,Early-Career Explorer
30,0,Travel_Rarely,946,Research & Development,2,3,Medical,3,Female,52,2,2,Manufacturing Director,4,Single,6877,20234,5,Yes,24,4,2,0,12,4,2,0,0,0,0,EMP0603,0.0,0.0,4.0,0.0,Low,Low,0,0.0,Low,0,Early-Career Explorer
45,0,Travel_Rarely,252,Research & Development,2,3,Life Sciences,2,Female,95,2,1,Research Scientist,3,Single,2274,6153,1,No,14,3,4,0,1,3,3,1,0,0,0,EMP0604,0.0,0.0,3.0,0.0,Low,Low,0,5.0,Low,0,Early-Career Explorer
42,0,Travel_Rarely,933,Research & Development,29,3,Life Sciences,2,Male,98,3,2,Manufacturing Director,2,Married,4434,11806,1,No,13,3,4,1,10,3,2,9,8,7,8,EMP0605,0.7777777777777778,0.8888888888888888,0.3333333333333333,0.8888888888888888,High,Low,1,81.1111111111111,High,2,Experienced Professional
38,0,Travel_Frequently,471,Research & Development,12,3,Life Sciences,1,Male,45,2,2,Healthcare Representative,1,Divorced,6288,4284,2,No,15,3,3,1,13,3,2,4,3,1,2,EMP0606,0.25,0.75,0.75,0.5,Low,Low,0,55.0,Medium,1,Developing Professional
34,0,Travel_Frequently,702,Research & Development,16,4,Life Sciences,3,Female,100,2,1,Research Scientist,4,Single,2553,8306,1,No,16,3,3,0,6,3,3,5,2,1,3,EMP0607,0.2,0.4,0.6,0.6,Low,Low,0,29.0,Low,1,Developing Professional
49,1,Travel_Rarely,1184,Sales,11,3,Marketing,3,Female,43,3,3,Sales Executive,4,Married,7654,5860,1,No,18,3,1,2,9,3,4,9,8,7,7,EMP0608,0.7777777777777778,0.8888888888888888,0.3333333333333333,0.7777777777777778,High,Low,1,69.44444444444444,High,2,Experienced Professional
55,1,Travel_Rarely,436,Sales,2,1,Medical,3,Male,37,3,2,Sales Executive,4,Single,5160,21519,4,No,16,3,3,0,12,3,2,9,7,7,3,EMP0609,0.7777777777777778,0.7777777777777778,0.3333333333333333,0.3333333333333333,High,Low,1,59.44444444444444,Medium,2,Experienced Professional
43,0,Travel_Rarely,589,Research & Development,14,2,Life Sciences,2,Male,94,3,4,Research Director,1,Married,17159,5200,6,No,24,4,3,1,22,3,3,4,1,1,0,EMP0610,0.25,0.25,0.75,0.0,Low,Low,0,32.5,Medium,0,Early-Career Explorer
27,0,Travel_Rarely,269,Research & Development,5,1,Technical Degree,3,Male,42,2,3,Research Director,4,Divorced,12808,8842,1,Yes,16,3,2,1,9,3,3,9,8,0,8,EMP0611,0.0,0.8888888888888888,0.3333333333333333,0.8888888888888888,High,Low,0,40.0,Medium,1,Developing Professional
35,0,Travel_Rarely,950,Research & Development,7,3,Other,3,Male,59,3,3,Manufacturing Director,3,Single,10221,18869,3,No,21,4,2,0,17,3,4,8,5,1,6,EMP0612,0.125,0.625,0.375,0.75,Medium,Low,0,40.0,Medium,1,Developing Professional
28,0,Travel_Rarely,760,Sales,2,4,Marketing,2,Female,81,3,2,Sales Executive,2,Married,4779,3698,1,Yes,20,4,1,0,8,2,3,8,7,7,5,EMP0613,0.875,0.875,0.25,0.625,High,Medium,1,90.625,High,2,Experienced Professional
34,0,Travel_Rarely,829,Human Resources,3,2,Human Resources,3,Male,88,3,1,Human Resources,4,Married,3737,2243,0,No,19,3,3,1,4,1,1,3,2,0,2,EMP0614,0.0,0.6666666666666666,0.3333333333333333,0.6666666666666666,Low,Medium,0,50.0,Medium,1,Developing Professional
26,1,Travel_Frequently,887,Research & Development,5,2,Medical,3,Female,88,2,1,Research Scientist,3,Married,2366,20898,1,Yes,14,3,1,1,8,2,3,8,7,1,7,EMP0615,0.125,0.875,0.25,0.875,High,Medium,0,59.375,Medium,1,Developing Professional
27,0,Non-Travel,443,Research & Development,3,3,Medical,4,Male,50,3,1,Research Scientist,4,Married,1706,16571,1,No,11,3,3,3,0,6,2,0,0,0,0,EMP0616,0.0,0.0,6.0,0.0,Low,Low,0,0.0,Low,0,Early-Career Explorer
51,0,Travel_Rarely,1318,Sales,26,4,Marketing,1,Female,66,3,4,Manager,3,Married,16307,5594,2,No,14,3,3,1,29,2,2,20,6,4,17,EMP0617,0.2,0.3,0.1,0.85,Medium,Medium,1,44.75,Medium,2,Experienced Professional
44,0,Travel_Rarely,625,Research & Development,4,3,Medical,4,Male,50,3,2,Healthcare Representative,2,Single,5933,5197,9,No,12,3,4,0,10,2,2,5,2,2,3,EMP0618,0.4,0.4,0.4,0.6,Low,Medium,0,57.0,Medium,1,Developing Professional
25,0,Travel_Rarely,180,Research & Development,2,1,Medical,1,Male,65,4,1,Research Scientist,1,Single,3424,21632,7,No,13,3,3,0,6,3,2,4,3,0,1,EMP0619,0.0,0.75,0.75,0.25,Low,Low,0,41.25,Medium,1,Developing Professional
33,0,Travel_Rarely,586,Sales,1,3,Medical,1,Male,48,4,2,Sales Executive,1,Divorced,4037,21816,1,No,22,4,1,1,9,5,3,9,8,0,8,EMP0620,0.0,0.8888888888888888,0.5555555555555556,0.8888888888888888,High,Low,0,55.0,Medium,1,Developing Professional
35,0,Travel_Rarely,1343,Research & Development,27,1,Medical,3,Female,53,2,1,Research Scientist,1,Single,2559,17852,1,No,11,3,4,0,6,3,2,6,5,1,1,EMP0621,0.1666666666666666,0.8333333333333334,0.5,0.1666666666666666,Medium,Low,0,49.16666666666666,Medium,1,Developing Professional
36,0,Travel_Rarely,928,Sales,1,2,Life Sciences,2,Male,56,3,2,Sales Executive,4,Married,6201,2823,1,Yes,14,3,4,1,18,1,2,18,14,4,11,EMP0622,0.2222222222222222,0.7777777777777778,0.0555555555555555,0.6111111111111112,High,High,1,61.388888888888886,High,2,Experienced Professional
32,0,Travel_Rarely,117,Sales,13,4,Life Sciences,2,Male,73,3,2,Sales Executive,4,Divorced,4403,9250,2,No,11,3,3,1,8,3,2,5,2,0,3,EMP0623,0.0,0.4,0.6,0.6,Low,Low,0,21.0,Low,1,Developing Professional
30,0,Travel_Frequently,1012,Research & Development,5,4,Life Sciences,2,Male,75,2,1,Research Scientist,4,Divorced,3761,2373,9,No,12,3,2,1,10,3,2,5,4,0,3,EMP0624,0.0,0.8,0.6,0.6,Medium,Low,0,33.0,Medium,1,Developing Professional
53,0,Travel_Rarely,661,Sales,7,2,Marketing,1,Female,78,2,3,Sales Executive,4,Married,10934,20715,7,Yes,18,3,4,1,35,3,3,5,2,0,4,EMP0625,0.0,0.4,0.6,0.8,Low,Low,0,24.0,Low,1,Developing Professional
45,0,Travel_Rarely,930,Sales,9,3,Marketing,4,Male,74,3,3,Sales Executive,1,Divorced,10761,19239,4,Yes,12,3,3,1,18,2,3,5,4,0,2,EMP0626,0.0,0.8,0.4,0.4,Medium,Medium,0,55.0,Medium,1,Developing Professional
32,0,Travel_Rarely,638,Research & Development,8,2,Medical,3,Female,91,4,2,Research Scientist,3,Married,5175,22162,5,No,12,3,3,1,9,3,2,5,3,1,3,EMP0627,0.2,0.6,0.6,0.6,Low,Low,0,40.0,Medium,1,Developing Professional
52,0,Travel_Frequently,890,Research & Development,25,4,Medical,3,Female,81,2,4,Manufacturing Director,4,Married,13826,19028,3,No,22,4,3,0,31,3,3,9,8,0,0,EMP0628,0.0,0.8888888888888888,0.3333333333333333,0.0,High,Low,0,26.666666666666664,Low,2,Experienced Professional
37,0,Travel_Rarely,342,Sales,16,4,Marketing,4,Male,66,2,2,Sales Executive,3,Divorced,6334,24558,4,No,19,3,4,2,9,2,3,1,0,0,0,EMP0629,0.0,0.0,2.0,0.0,Low,Medium,0,15.0,Low,0,Early-Career Explorer
28,0,Travel_Rarely,1169,Human Resources,8,2,Medical,2,Male,63,2,1,Human Resources,4,Divorced,4936,23965,1,No,13,3,4,1,6,6,3,5,1,0,4,EMP0630,0.0,0.2,1.2,0.8,Low,Low,0,18.0,Low,1,Developing Professional
22,0,Travel_Rarely,1230,Research & Development,1,2,Life Sciences,4,Male,33,2,2,Manufacturing Director,4,Married,4775,19146,6,No,22,4,1,2,4,2,1,2,2,2,2,EMP0631,1.0,1.0,1.0,1.0,Low,Medium,0,95.0,High,1,Developing Professional
44,0,Travel_Rarely,986,Research & Development,8,4,Life Sciences,1,Male,62,4,1,Laboratory Technician,4,Married,2818,5044,2,Yes,24,4,3,1,10,2,2,3,2,0,2,EMP0632,0.0,0.6666666666666666,0.6666666666666666,0.6666666666666666,Low,Medium,0,40.0,Medium,1,Developing Professional
42,0,Travel_Frequently,1271,Research & Development,2,1,Medical,2,Male,35,3,1,Research Scientist,4,Single,2515,9068,5,Yes,14,3,4,0,8,2,3,2,1,2,2,EMP0633,1.0,0.5,1.0,1.0,Low,Medium,0,80.0,High,1,Developing Professional
36,0,Travel_Rarely,1278,Human Resources,8,3,Life Sciences,1,Male,77,2,1,Human Resources,1,Married,2342,8635,0,No,21,4,3,0,6,3,3,5,4,0,3,EMP0634,0.0,0.8,0.6,0.6,Medium,Low,0,48.0,Medium,1,Developing Professional
25,0,Travel_Rarely,141,Sales,3,1,Other,3,Male,98,3,2,Sales Executive,1,Married,4194,14363,1,Yes,18,3,4,0,5,3,3,5,3,0,3,EMP0635,0.0,0.6,0.6,0.6,Low,Low,0,42.0,Medium,1,Developing Professional
35,0,Travel_Rarely,607,Research & Development,9,3,Life Sciences,4,Female,66,2,3,Manufacturing Director,3,Married,10685,23457,1,Yes,20,4,2,1,17,2,3,17,14,5,15,EMP0636,0.2941176470588235,0.8235294117647058,0.1176470588235294,0.8823529411764706,High,Medium,1,64.70588235294117,High,2,Experienced Professional
35,1,Travel_Frequently,130,Research & Development,25,4,Life Sciences,4,Female,96,3,1,Research Scientist,2,Divorced,2022,16612,1,Yes,19,3,1,1,10,3,2,10,2,7,8,EMP0637,0.7,0.2,0.3,0.8,High,Low,0,56.0,Medium,1,Developing Professional
32,0,Non-Travel,300,Research & Development,1,3,Life Sciences,4,Male,61,3,1,Laboratory Technician,4,Divorced,2314,9148,0,No,12,3,2,1,4,2,3,3,0,0,2,EMP0638,0.0,0.0,0.6666666666666666,0.6666666666666666,Low,Medium,0,20.0,Low,1,Developing Professional
25,0,Travel_Rarely,583,Sales,4,1,Marketing,3,Male,87,2,2,Sales Executive,1,Married,4256,18154,1,No,12,3,1,0,5,1,4,5,2,0,3,EMP0639,0.0,0.4,0.2,0.6,Low,Medium,0,56.0,Medium,1,Developing Professional
49,0,Travel_Rarely,1418,Research & Development,1,3,Technical Degree,3,Female,36,3,1,Research Scientist,1,Married,3580,10554,2,No,16,3,2,1,7,2,3,4,2,0,2,EMP0640,0.0,0.5,0.5,0.5,Low,Medium,0,47.5,Medium,1,Developing Professional
24,0,Non-Travel,1269,Research & Development,4,1,Life Sciences,1,Male,46,2,1,Laboratory Technician,4,Married,3162,10778,0,No,17,3,4,0,6,2,2,5,2,3,4,EMP0641,0.6,0.4,0.4,0.8,Medium,Medium,0,58.0,Medium,1,Developing Professional
32,0,Travel_Frequently,379,Sales,5,2,Life Sciences,2,Male,48,3,2,Sales Executive,2,Married,6524,8891,1,No,14,3,4,1,10,3,3,10,8,5,3,EMP0642,0.5,0.8,0.3,0.3,High,Low,1,58.5,Medium,1,Developing Professional
38,0,Travel_Rarely,395,Sales,9,3,Marketing,2,Male,98,2,1,Sales Representative,2,Married,2899,12102,0,No,19,3,4,1,3,3,3,2,2,1,2,EMP0643,0.5,1.0,1.5,1.0,Low,Low,0,75.0,High,1,Developing Professional
42,0,Travel_Rarely,1265,Research & Development,3,3,Life Sciences,3,Female,95,4,2,Laboratory Technician,4,Married,5231,23726,2,Yes,13,3,2,1,17,1,2,5,3,1,3,EMP0644,0.2,0.6,0.2,0.6,Low,High,0,55.0,Medium,1,Developing Professional
31,0,Travel_Rarely,1222,Research & Development,11,4,Life Sciences,4,Male,48,3,1,Research Scientist,4,Married,2356,14871,3,Yes,19,3,2,1,8,2,3,6,4,0,2,EMP0645,0.0,0.6666666666666666,0.3333333333333333,0.3333333333333333,Medium,Medium,0,35.0,Medium,1,Developing Professional
29,1,Travel_Rarely,341,Sales,1,3,Medical,2,Female,48,2,1,Sales Representative,3,Divorced,2800,23522,6,Yes,19,3,3,3,5,3,3,3,2,0,2,EMP0646,0.0,0.6666666666666666,1.0,0.6666666666666666,Low,Low,0,35.0,Medium,1,Developing Professional
53,0,Travel_Rarely,868,Sales,8,3,Marketing,1,Male,73,3,4,Sales Executive,4,Married,11836,22789,5,No,14,3,3,1,28,3,3,2,0,2,2,EMP0647,1.0,0.0,1.5,1.0,Low,Low,0,55.0,Medium,1,Developing Professional
35,0,Travel_Rarely,672,Research & Development,25,3,Technical Degree,4,Male,78,2,3,Manufacturing Director,2,Married,10903,9129,3,No,16,3,1,0,16,2,3,13,10,4,8,EMP0648,0.3076923076923077,0.7692307692307693,0.1538461538461538,0.6153846153846154,High,Medium,1,64.61538461538461,High,2,Experienced Professional
37,0,Travel_Frequently,1231,Sales,21,2,Medical,3,Female,54,3,1,Sales Representative,4,Married,2973,21222,5,No,15,3,2,1,10,3,3,5,4,0,0,EMP0649,0.0,0.8,0.6,0.0,Medium,Low,0,24.0,Low,1,Developing Professional
53,0,Travel_Rarely,102,Research & Development,23,4,Life Sciences,4,Female,72,3,4,Research Director,4,Single,14275,20206,6,No,18,3,3,0,33,0,3,12,9,3,8,EMP0650,0.25,0.75,0.0,0.6666666666666666,High,High,1,72.5,High,2,Experienced Professional
43,0,Travel_Frequently,422,Research & Development,1,3,Life Sciences,4,Female,33,3,2,Healthcare Representative,4,Married,5562,21782,4,No,13,3,2,1,12,2,2,5,2,2,2,EMP0651,0.4,0.4,0.4,0.4,Low,Medium,0,44.0,Medium,1,Developing Professional
47,0,Travel_Rarely,249,Sales,2,2,Marketing,3,Female,35,3,2,Sales Executive,4,Married,4537,17783,0,Yes,22,4,1,1,8,2,3,7,6,7,7,EMP0652,1.0,0.8571428571428571,0.2857142857142857,1.0,High,Medium,1,90.71428571428572,High,2,Experienced Professional
37,0,Non-Travel,1252,Sales,19,2,Medical,1,Male,32,3,3,Sales Executive,2,Single,7642,4814,1,Yes,13,3,4,0,10,2,3,10,0,0,9,EMP0653,0.0,0.0,0.2,0.9,Low,Medium,0,33.5,Medium,1,Developing Professional
50,0,Non-Travel,881,Research & Development,2,4,Life Sciences,1,Male,98,3,4,Manager,1,Divorced,17924,4544,1,No,11,3,4,1,31,3,3,31,6,14,7,EMP0654,0.4516129032258064,0.1935483870967742,0.0967741935483871,0.2258064516129032,High,Low,1,42.25806451612903,Medium,2,Experienced Professional
39,0,Travel_Rarely,1383,Human Resources,2,3,Life Sciences,4,Female,42,2,2,Human Resources,4,Married,5204,7790,8,No,11,3,3,2,13,2,3,5,4,0,4,EMP0655,0.0,0.8,0.4,0.8,Medium,Medium,0,46.0,Medium,1,Developing Professional
33,0,Travel_Rarely,1075,Human Resources,3,2,Human Resources,4,Male,57,3,1,Human Resources,2,Divorced,2277,22650,3,Yes,11,3,3,1,7,4,4,4,3,0,3,EMP0656,0.0,0.75,1.0,0.75,Low,Low,0,43.75,Medium,1,Developing Professional
32,1,Travel_Rarely,374,Research & Development,25,4,Life Sciences,1,Male,87,3,1,Laboratory Technician,4,Single,2795,18016,1,Yes,24,4,3,0,1,2,1,1,0,0,1,EMP0657,0.0,0.0,2.0,1.0,Low,Medium,0,25.0,Low,0,Early-Career Explorer
29,0,Travel_Rarely,1086,Research & Development,7,1,Medical,1,Female,62,2,1,Laboratory Technician,4,Divorced,2532,6054,6,No,14,3,3,3,8,5,3,4,3,0,3,EMP0658,0.0,0.75,1.25,0.75,Low,Low,0,33.75,Medium,1,Developing Professional
44,0,Travel_Rarely,661,Research & Development,9,2,Life Sciences,2,Male,61,3,1,Research Scientist,1,Married,2559,7508,1,Yes,13,3,4,0,8,0,3,8,7,7,1,EMP0659,0.875,0.875,0.0,0.125,High,High,1,100.0,High,1,Developing Professional
28,0,Travel_Rarely,821,Sales,5,4,Medical,1,Male,98,3,2,Sales Executive,4,Single,4908,24252,1,No,14,3,2,0,4,3,3,4,2,0,2,EMP0660,0.0,0.5,0.75,0.5,Low,Low,0,22.5,Low,1,Developing Professional
58,1,Travel_Frequently,781,Research & Development,2,1,Life Sciences,4,Male,57,2,1,Laboratory Technician,4,Divorced,2380,13384,9,Yes,14,3,4,1,3,3,2,1,0,0,0,EMP0661,0.0,0.0,3.0,0.0,Low,Low,0,0.0,Low,0,Early-Career Explorer
43,0,Travel_Rarely,177,Research & Development,8,3,Life Sciences,1,Female,55,3,2,Manufacturing Director,2,Divorced,4765,23814,4,No,21,4,3,1,4,2,4,1,0,0,0,EMP0662,0.0,0.0,2.0,0.0,Low,Medium,0,20.0,Low,0,Early-Career Explorer
20,1,Travel_Rarely,500,Sales,2,3,Medical,3,Female,49,2,1,Sales Representative,3,Single,2044,22052,1,No,13,3,4,0,2,3,2,2,2,0,2,EMP0663,0.0,1.0,1.5,1.0,Low,Low,0,50.0,Medium,1,Developing Professional
21,1,Travel_Rarely,1427,Research & Development,18,1,Other,4,Female,65,3,1,Research Scientist,4,Single,2693,8870,1,No,19,3,1,0,1,3,2,1,0,0,0,EMP0664,0.0,0.0,3.0,0.0,Low,Low,0,0.0,Low,0,Early-Career Explorer
36,0,Travel_Rarely,1425,Research & Development,14,1,Life Sciences,3,Male,68,3,2,Healthcare Representative,4,Married,6586,4821,0,Yes,17,3,1,1,17,2,2,16,8,4,11,EMP0665,0.25,0.5,0.125,0.6875,High,Medium,1,45.3125,Medium,2,Experienced Professional
47,0,Travel_Rarely,1454,Sales,2,4,Life Sciences,4,Female,65,2,1,Sales Representative,4,Single,3294,13137,1,Yes,18,3,1,0,3,3,2,3,2,1,2,EMP0666,0.3333333333333333,0.6666666666666666,1.0,0.6666666666666666,Low,Low,0,43.33333333333333,Medium,1,Developing Professional
22,1,Travel_Rarely,617,Research & Development,3,1,Life Sciences,2,Female,34,3,2,Manufacturing Director,3,Married,4171,10022,0,Yes,19,3,1,1,4,3,4,3,2,0,2,EMP0667,0.0,0.6666666666666666,1.0,0.6666666666666666,Low,Low,0,35.0,Medium,1,Developing Professional
41,1,Travel_Rarely,1085,Research & Development,2,4,Life Sciences,2,Female,57,1,1,Laboratory Technician,4,Divorced,2778,17725,4,Yes,13,3,3,1,10,1,2,7,7,1,0,EMP0668,0.1428571428571428,1.0,0.1428571428571428,0.0,High,High,0,55.71428571428572,Medium,1,Developing Professional
28,0,Travel_Rarely,995,Research & Development,9,3,Medical,3,Female,77,3,1,Research Scientist,3,Divorced,2377,9834,5,No,18,3,2,1,6,2,3,2,2,2,2,EMP0669,1.0,1.0,1.0,1.0,Low,Medium,0,100.0,High,1,Developing Professional
39,1,Travel_Rarely,1122,Research & Development,6,3,Medical,4,Male,70,3,1,Laboratory Technician,1,Married,2404,4303,7,Yes,21,4,4,0,8,2,1,2,2,2,2,EMP0670,1.0,1.0,1.0,1.0,Low,Medium,0,100.0,High,1,Developing Professional
27,0,Travel_Rarely,618,Research & Development,4,3,Life Sciences,2,Female,76,3,1,Research Scientist,3,Single,2318,17808,1,No,19,3,3,0,1,2,3,1,1,0,0,EMP0671,0.0,1.0,2.0,0.0,Low,Medium,0,45.0,Medium,0,Early-Career Explorer
34,0,Travel_Rarely,546,Research & Development,10,3,Life Sciences,2,Male,83,3,1,Laboratory Technician,2,Divorced,2008,6896,1,No,14,3,2,2,1,3,3,1,0,1,0,EMP0672,1.0,0.0,3.0,0.0,Low,Low,0,50.0,Medium,0,Early-Career Explorer
42,0,Travel_Rarely,462,Sales,14,2,Medical,3,Female,68,2,2,Sales Executive,3,Single,6244,7824,7,No,17,3,1,0,10,6,3,5,4,0,3,EMP0673,0.0,0.8,1.2,0.6,Medium,Low,0,38.0,Medium,1,Developing Professional
33,0,Travel_Rarely,1198,Research & Development,1,4,Other,3,Male,100,2,1,Research Scientist,1,Single,2799,3339,3,Yes,11,3,2,0,6,1,3,3,2,0,2,EMP0674,0.0,0.6666666666666666,0.3333333333333333,0.6666666666666666,Low,Medium,0,65.0,High,1,Developing Professional
58,0,Travel_Rarely,1272,Research & Development,5,3,Technical Degree,3,Female,37,2,3,Healthcare Representative,2,Divorced,10552,9255,2,Yes,13,3,4,1,24,3,3,6,0,0,4,EMP0675,0.0,0.0,0.5,0.6666666666666666,Low,Low,0,20.0,Low,1,Developing Professional
31,0,Travel_Rarely,154,Sales,7,4,Life Sciences,2,Male,41,2,1,Sales Representative,3,Married,2329,11737,3,No,15,3,2,0,13,2,4,7,7,5,2,EMP0676,0.7142857142857143,1.0,0.2857142857142857,0.2857142857142857,High,Medium,1,77.85714285714286,High,1,Developing Professional
35,0,Travel_Rarely,1137,Research & Development,21,1,Life Sciences,4,Female,51,3,2,Healthcare Representative,4,Married,4014,19170,1,Yes,25,4,4,1,10,2,1,10,6,0,7,EMP0677,0.0,0.6,0.2,0.7,Medium,Medium,0,38.5,Medium,1,Developing Professional
49,0,Travel_Rarely,527,Research & Development,8,2,Other,1,Female,51,3,3,Laboratory Technician,2,Married,7403,22477,4,No,11,3,3,1,29,3,2,26,9,1,7,EMP0678,0.0384615384615384,0.3461538461538461,0.1153846153846153,0.2692307692307692,High,Low,0,25.96153846153846,Low,2,Experienced Professional
48,0,Travel_Rarely,1469,Research & Development,20,4,Medical,4,Male,51,3,1,Research Scientist,3,Married,2259,5543,4,No,17,3,1,2,13,2,2,0,0,0,0,EMP0679,0.0,0.0,2.0,0.0,Low,Medium,0,15.0,Low,0,Early-Career Explorer
31,0,Non-Travel,1188,Sales,20,2,Marketing,4,Female,45,3,2,Sales Executive,3,Married,6932,24406,1,No,13,3,4,1,9,2,2,9,8,0,0,EMP0680,0.0,0.8888888888888888,0.2222222222222222,0.0,High,Medium,0,41.66666666666666,Medium,1,Developing Professional
36,0,Travel_Rarely,188,Research & Development,7,4,Other,2,Male,65,3,1,Research Scientist,4,Single,4678,23293,2,No,18,3,3,0,8,6,3,6,2,0,1,EMP0681,0.0,0.3333333333333333,1.0,0.1666666666666666,Low,Low,0,12.5,Low,0,Early-Career Explorer
38,0,Travel_Rarely,1333,Research & Development,1,3,Technical Degree,4,Female,80,3,3,Research Director,1,Married,13582,16292,1,No,13,3,2,1,15,3,3,15,12,5,11,EMP0682,0.3333333333333333,0.8,0.2,0.7333333333333333,High,Low,1,63.33333333333333,High,2,Experienced Professional
32,0,Non-Travel,1184,Research & Development,1,3,Life Sciences,3,Female,70,2,1,Laboratory Technician,2,Married,2332,3974,6,No,20,4,3,0,5,3,3,3,0,0,2,EMP0683,0.0,0.0,1.0,0.6666666666666666,Low,Low,0,20.0,Low,1,Developing Professional
25,1,Travel_Rarely,867,Sales,19,2,Marketing,3,Male,36,2,1,Sales Representative,2,Married,2413,18798,1,Yes,18,3,3,3,1,2,3,1,0,0,0,EMP0684,0.0,0.0,2.0,0.0,Low,Medium,0,20.0,Low,0,Early-Career Explorer
40,0,Travel_Rarely,658,Sales,10,4,Marketing,1,Male,67,2,3,Sales Executive,2,Divorced,9705,20652,2,No,12,3,2,1,11,2,2,1,0,0,0,EMP0685,0.0,0.0,2.0,0.0,Low,Medium,0,20.0,Low,0,Early-Career Explorer
26,0,Travel_Frequently,1283,Sales,1,3,Medical,3,Male,52,2,2,Sales Executive,1,Single,4294,11148,1,No,12,3,2,0,7,2,3,7,7,0,7,EMP0686,0.0,1.0,0.2857142857142857,1.0,High,Medium,0,70.0,High,1,Developing Professional
41,0,Travel_Rarely,263,Research & Development,6,3,Medical,4,Male,59,3,1,Laboratory Technician,1,Single,4721,3119,2,Yes,13,3,3,0,20,3,3,18,13,2,17,EMP0687,0.1111111111111111,0.7222222222222222,0.1666666666666666,0.9444444444444444,High,Low,0,55.27777777777778,Medium,2,Experienced Professional
36,0,Travel_Rarely,938,Research & Development,2,4,Medical,3,Male,79,3,1,Laboratory Technician,3,Single,2519,12287,4,No,21,4,3,0,16,6,3,11,8,3,9,EMP0688,0.2727272727272727,0.7272727272727273,0.5454545454545454,0.8181818181818182,High,Low,1,50.0,Medium,2,Experienced Professional
19,1,Travel_Rarely,419,Sales,21,3,Other,4,Male,37,2,1,Sales Representative,2,Single,2121,9947,1,Yes,13,3,2,0,1,3,4,1,0,0,0,EMP0689,0.0,0.0,3.0,0.0,Low,Low,0,10.0,Low,0,Early-Career Explorer
20,1,Travel_Rarely,129,Research & Development,4,3,Technical Degree,1,Male,84,3,1,Laboratory Technician,1,Single,2973,13008,1,No,19,3,2,0,1,2,3,1,0,0,0,EMP0690,0.0,0.0,2.0,0.0,Low,Medium,0,25.0,Low,0,Early-Career Explorer
31,0,Travel_Rarely,616,Research & Development,12,3,Medical,4,Female,41,3,2,Healthcare Representative,4,Married,5855,17369,0,Yes,11,3,3,2,10,2,1,9,7,8,5,EMP0691,0.8888888888888888,0.7777777777777778,0.2222222222222222,0.5555555555555556,High,Medium,1,77.22222222222221,High,2,Experienced Professional
40,0,Travel_Frequently,1469,Research & Development,9,4,Medical,4,Male,35,3,1,Research Scientist,2,Divorced,3617,25063,8,Yes,14,3,4,1,3,2,3,1,1,0,0,EMP0692,0.0,1.0,2.0,0.0,Low,Medium,0,50.0,Medium,0,Early-Career Explorer
32,0,Travel_Rarely,498,Research & Development,3,4,Medical,3,Female,93,3,2,Manufacturing Director,1,Married,6725,13554,1,No,12,3,3,1,8,2,4,8,7,6,3,EMP0693,0.75,0.875,0.25,0.375,High,Medium,1,86.875,High,1,Developing Professional
36,1,Travel_Rarely,530,Sales,3,1,Life Sciences,3,Male,51,2,3,Sales Executive,4,Married,10325,5518,1,Yes,11,3,1,1,16,6,3,16,7,3,7,EMP0694,0.1875,0.4375,0.375,0.4375,High,Low,1,27.1875,Low,2,Experienced Professional
33,0,Travel_Rarely,1069,Research & Development,1,3,Life Sciences,2,Female,42,2,2,Healthcare Representative,4,Single,6949,12291,0,No,14,3,1,0,6,3,3,5,0,1,4,EMP0695,0.2,0.0,0.6,0.8,Low,Low,0,20.0,Low,1,Developing Professional
37,1,Travel_Rarely,625,Sales,1,4,Life Sciences,1,Male,46,2,3,Sales Executive,3,Married,10609,14922,5,No,11,3,3,0,17,2,1,14,1,11,7,EMP0696,0.7857142857142857,0.0714285714285714,0.1428571428571428,0.5,High,Medium,0,56.07142857142857,Medium,2,Experienced Professional
45,0,Non-Travel,805,Research & Development,4,2,Life Sciences,3,Male,57,3,2,Laboratory Technician,2,Married,4447,23163,1,No,12,3,2,0,9,5,2,9,7,0,8,EMP0697,0.0,0.7777777777777778,0.5555555555555556,0.8888888888888888,High,Low,0,46.66666666666666,Medium,1,Developing Professional
29,0,Travel_Frequently,1404,Sales,20,3,Technical Degree,3,Female,84,3,1,Sales Representative,4,Married,2157,18203,1,No,15,3,2,1,3,5,3,3,1,0,2,EMP0698,0.0,0.3333333333333333,1.6666666666666667,0.6666666666666666,Low,Low,0,20.0,Low,1,Developing Professional
35,0,Travel_Rarely,1219,Sales,18,3,Medical,3,Female,86,3,2,Sales Executive,3,Married,4601,6179,1,No,16,3,2,0,5,3,3,5,2,1,0,EMP0699,0.2,0.4,0.6,0.0,Low,Low,0,25.0,Low,1,Developing Professional
52,0,Travel_Rarely,1053,Research & Development,1,2,Life Sciences,4,Male,70,3,4,Manager,4,Married,17099,13829,2,No,15,3,2,1,26,2,2,9,8,7,8,EMP0700,0.7777777777777778,0.8888888888888888,0.2222222222222222,0.8888888888888888,High,Medium,1,81.1111111111111,High,2,Experienced Professional
58,1,Travel_Rarely,289,Research & Development,2,3,Technical Degree,4,Male,51,3,1,Research Scientist,3,Single,2479,26227,4,No,24,4,1,0,7,4,3,1,0,0,0,EMP0701,0.0,0.0,4.0,0.0,Low,Low,0,5.0,Low,0,Early-Career Explorer
53,0,Travel_Rarely,1376,Sales,2,2,Medical,3,Male,45,3,4,Manager,3,Divorced,14852,13938,6,No,13,3,3,1,22,3,4,17,13,15,2,EMP0702,0.8823529411764706,0.7647058823529411,0.1764705882352941,0.1176470588235294,High,Low,1,65.0,High,2,Experienced Professional
30,0,Travel_Rarely,231,Sales,8,2,Other,3,Male,62,3,3,Sales Executive,3,Divorced,7264,9977,5,No,11,3,1,1,10,2,4,8,4,7,7,EMP0703,0.875,0.5,0.25,0.875,High,Medium,1,78.125,High,2,Experienced Professional
38,0,Non-Travel,152,Sales,10,3,Technical Degree,3,Female,85,3,2,Sales Executive,4,Single,5666,19899,1,Yes,13,3,2,0,6,1,3,5,3,1,3,EMP0704,0.2,0.6,0.2,0.6,Low,High,0,55.0,Medium,1,Developing Professional
35,0,Travel_Rarely,882,Sales,3,4,Life Sciences,4,Male,92,3,3,Sales Executive,4,Divorced,7823,6812,6,No,13,3,2,1,12,2,3,10,9,0,8,EMP0705,0.0,0.9,0.2,0.8,High,Medium,0,49.0,Medium,1,Developing Professional
39,0,Travel_Rarely,903,Sales,2,5,Life Sciences,1,Male,41,4,3,Sales Executive,3,Single,7880,2560,0,No,18,3,4,0,9,3,3,8,7,0,7,EMP0706,0.0,0.875,0.375,0.875,High,Low,0,44.375,Medium,1,Developing Professional
40,1,Non-Travel,1479,Sales,24,3,Life Sciences,2,Female,100,4,4,Sales Executive,2,Single,13194,17071,4,Yes,16,3,4,0,22,2,2,1,0,0,0,EMP0707,0.0,0.0,2.0,0.0,Low,Medium,0,20.0,Low,0,Early-Career Explorer
47,0,Travel_Frequently,1379,Research & Development,16,4,Medical,3,Male,64,4,2,Manufacturing Director,3,Divorced,5067,6759,1,Yes,19,3,3,0,20,3,4,19,10,2,7,EMP0708,0.1052631578947368,0.5263157894736842,0.1578947368421052,0.3684210526315789,High,Low,0,30.526315789473685,Medium,2,Experienced Professional
36,0,Non-Travel,1229,Sales,8,4,Technical Degree,1,Male,84,3,2,Sales Executive,4,Divorced,5079,25952,4,No,13,3,4,2,12,3,3,7,7,0,7,EMP0709,0.0,1.0,0.4285714285714285,1.0,High,Low,0,45.0,Medium,1,Developing Professional
31,1,Non-Travel,335,Research & Development,9,2,Medical,3,Male,46,2,1,Research Scientist,1,Single,2321,10322,0,Yes,22,4,1,0,4,0,3,3,2,1,2,EMP0710,0.3333333333333333,0.6666666666666666,0.0,0.6666666666666666,Low,Medium,0,88.33333333333333,High,1,Developing Professional
33,0,Non-Travel,722,Sales,17,3,Life Sciences,4,Male,38,3,4,Manager,3,Single,17444,20489,1,No,11,3,4,0,10,2,3,10,8,6,0,EMP0711,0.6,0.8,0.2,0.0,High,Medium,1,63.0,High,2,Experienced Professional
29,1,Travel_Rarely,906,Research & Development,10,3,Life Sciences,4,Female,92,2,1,Research Scientist,1,Single,2404,11479,6,Yes,20,4,3,0,3,5,3,0,0,0,0,EMP0712,0.0,0.0,5.0,0.0,Low,Low,0,15.0,Low,0,Early-Career Explorer
33,0,Travel_Rarely,461,Research & Development,13,1,Life Sciences,2,Female,53,3,1,Research Scientist,4,Single,3452,17241,3,No,18,3,1,0,5,4,3,3,2,0,2,EMP0713,0.0,0.6666666666666666,1.3333333333333333,0.6666666666666666,Low,Low,0,30.0,Medium,1,Developing Professional
45,0,Travel_Rarely,974,Research & Development,1,4,Medical,4,Female,91,3,1,Laboratory Technician,4,Divorced,2270,11005,3,No,14,3,4,2,8,2,3,5,3,0,2,EMP0714,0.0,0.6,0.4,0.4,Low,Medium,0,34.0,Medium,1,Developing Professional
50,0,Travel_Rarely,1126,Research & Development,1,2,Medical,4,Male,66,3,4,Research Director,4,Divorced,17399,6615,9,No,22,4,3,1,32,1,2,5,4,1,3,EMP0715,0.2,0.8,0.2,0.6,Medium,High,0,61.0,High,1,Developing Professional
33,0,Travel_Frequently,827,Research & Development,1,4,Other,3,Female,84,4,2,Healthcare Representative,2,Married,5488,20161,1,Yes,13,3,1,1,6,2,3,6,5,1,2,EMP0716,0.1666666666666666,0.8333333333333334,0.3333333333333333,0.3333333333333333,Medium,Medium,0,56.66666666666666,Medium,1,Developing Professional
41,0,Travel_Frequently,840,Research & Development,9,3,Medical,1,Male,64,3,5,Research Director,3,Divorced,19419,3735,2,No,17,3,2,1,21,2,4,18,16,0,11,EMP0717,0.0,0.8888888888888888,0.1111111111111111,0.6111111111111112,High,Medium,0,50.83333333333333,Medium,2,Experienced Professional
27,0,Travel_Rarely,1134,Research & Development,16,4,Technical Degree,3,Female,37,3,1,Laboratory Technician,2,Married,2811,12086,9,No,14,3,2,1,4,2,3,2,2,2,2,EMP0718,1.0,1.0,1.0,1.0,Low,Medium,0,100.0,High,1,Developing Professional
45,0,Non-Travel,248,Research & Development,23,2,Life Sciences,4,Male,42,3,2,Laboratory Technician,1,Married,3633,14039,1,Yes,15,3,3,1,9,2,3,9,8,0,8,EMP0719,0.0,0.8888888888888888,0.2222222222222222,0.8888888888888888,High,Medium,0,65.0,High,1,Developing Professional
47,0,Travel_Rarely,955,Sales,4,2,Life Sciences,4,Female,83,3,2,Sales Executive,4,Single,4163,8571,1,Yes,17,3,3,0,9,0,3,9,0,0,7,EMP0720,0.0,0.0,0.0,0.7777777777777778,Low,Medium,0,41.66666666666666,Medium,1,Developing Professional
30,1,Travel_Rarely,138,Research & Development,22,3,Life Sciences,1,Female,48,3,1,Research Scientist,3,Married,2132,11539,4,Yes,11,3,2,0,7,2,3,5,2,0,1,EMP0721,0.0,0.4,0.4,0.2,Low,Medium,0,30.0,Medium,1,Developing Professional
50,0,Travel_Rarely,939,Research & Development,24,3,Life Sciences,4,Male,95,3,4,Manufacturing Director,3,Married,13973,4161,3,Yes,18,3,4,1,22,2,3,12,11,1,5,EMP0722,0.0833333333333333,0.9166666666666666,0.1666666666666666,0.4166666666666667,High,Medium,0,52.08333333333333,Medium,2,Experienced Professional
38,0,Travel_Frequently,1391,Research & Development,10,1,Medical,3,Male,66,3,1,Research Scientist,3,Married,2684,12127,0,No,17,3,2,1,3,0,2,2,1,0,2,EMP0723,0.0,0.5,0.0,1.0,Low,Medium,0,65.0,High,1,Developing Professional
46,0,Travel_Rarely,566,Research & Development,7,2,Medical,4,Male,75,3,3,Manufacturing Director,3,Divorced,10845,24208,6,No,13,3,2,1,13,3,3,8,7,0,7,EMP0724,0.0,0.875,0.375,0.875,High,Low,0,44.375,Medium,1,Developing Professional
24,0,Travel_Rarely,1206,Research & Development,17,1,Medical,4,Female,41,2,2,Manufacturing Director,3,Divorced,4377,24117,1,No,15,3,2,2,5,6,3,4,2,3,2,EMP0725,0.75,0.5,1.5,0.5,Medium,Low,0,57.5,Medium,1,Developing Professional
35,1,Travel_Rarely,622,Research & Development,14,4,Other,3,Male,39,2,1,Laboratory Technician,2,Divorced,3743,10074,1,Yes,24,4,4,1,5,2,1,4,2,0,2,EMP0726,0.0,0.5,0.5,0.5,Low,Medium,0,42.5,Medium,1,Developing Professional
31,0,Travel_Frequently,853,Research & Development,1,1,Life Sciences,3,Female,96,3,2,Manufacturing Director,1,Married,4148,11275,1,No,12,3,3,1,4,1,3,4,3,0,3,EMP0727,0.0,0.75,0.25,0.75,Low,High,0,68.75,High,1,Developing Professional
18,0,Non-Travel,287,Research & Development,5,2,Life Sciences,2,Male,73,3,1,Research Scientist,4,Single,1051,13493,1,No,15,3,4,0,0,2,3,0,0,0,0,EMP0728,0.0,0.0,2.0,0.0,Low,Medium,0,10.0,Low,0,Early-Career Explorer
54,0,Travel_Rarely,1441,Research & Development,17,3,Technical Degree,3,Female,56,3,3,Manufacturing Director,3,Married,10739,13943,8,No,11,3,3,1,22,2,3,10,7,0,8,EMP0729,0.0,0.7,0.2,0.8,High,Medium,0,48.0,Medium,2,Experienced Professional
35,0,Travel_Rarely,583,Research & Development,25,4,Medical,3,Female,57,3,3,Healthcare Representative,3,Divorced,10388,6975,1,Yes,11,3,3,1,16,3,2,16,10,10,1,EMP0730,0.625,0.625,0.1875,0.0625,High,Low,1,49.6875,Medium,2,Experienced Professional
30,0,Travel_Rarely,153,Research & Development,8,2,Life Sciences,2,Female,73,4,3,Research Director,1,Married,11416,17802,0,Yes,12,3,3,3,9,4,2,8,7,1,7,EMP0731,0.125,0.875,0.5,0.875,High,Low,0,59.375,Medium,1,Developing Professional
20,1,Travel_Rarely,1097,Research & Development,11,3,Medical,4,Female,98,2,1,Research Scientist,1,Single,2600,18275,1,Yes,15,3,1,0,1,2,3,1,0,0,0,EMP0732,0.0,0.0,2.0,0.0,Low,Medium,0,25.0,Low,0,Early-Career Explorer
30,1,Travel_Frequently,109,Research & Development,5,3,Medical,2,Female,60,3,1,Laboratory Technician,2,Single,2422,25725,0,No,17,3,1,0,4,3,3,3,2,1,2,EMP0733,0.3333333333333333,0.6666666666666666,1.0,0.6666666666666666,Low,Low,0,53.33333333333333,Medium,1,Developing Professional
26,0,Travel_Rarely,1066,Research & Development,2,2,Medical,4,Male,32,4,2,Manufacturing Director,4,Married,5472,3334,1,No,12,3,2,0,8,2,3,8,7,1,3,EMP0734,0.125,0.875,0.25,0.375,High,Medium,0,46.875,Medium,1,Developing Professional
22,0,Travel_Rarely,217,Research & Development,8,1,Life Sciences,2,Male,94,1,1,Laboratory Technician,1,Married,2451,6881,1,No,15,3,1,1,4,3,2,4,3,1,1,EMP0735,0.25,0.75,0.75,0.25,Low,Low,0,51.25,Medium,1,Developing Professional
48,0,Travel_Rarely,277,Research & Development,6,3,Life Sciences,1,Male,97,2,2,Healthcare Representative,3,Single,4240,13119,2,No,13,3,4,0,19,0,3,2,2,2,2,EMP0736,1.0,1.0,0.0,1.0,Low,Medium,0,100.0,High,1,Developing Professional
48,0,Travel_Rarely,1355,Research & Development,4,4,Life Sciences,3,Male,78,2,3,Healthcare Representative,3,Single,10999,22245,7,No,14,3,2,0,27,3,3,15,11,4,8,EMP0737,0.2666666666666666,0.7333333333333333,0.2,0.5333333333333333,High,Low,1,45.66666666666666,Medium,2,Experienced Professional
41,0,Travel_Rarely,549,Research & Development,7,2,Medical,4,Female,42,3,2,Manufacturing Director,3,Single,5003,23371,6,No,14,3,2,0,8,6,3,2,2,2,1,EMP0738,1.0,1.0,3.0,0.5,Low,Low,0,82.5,High,1,Developing Professional
39,0,Travel_Rarely,466,Research & Development,1,1,Life Sciences,4,Female,65,2,4,Manufacturing Director,4,Married,12742,7060,1,No,16,3,3,1,21,3,3,21,6,11,8,EMP0739,0.5238095238095238,0.2857142857142857,0.1428571428571428,0.3809523809523809,High,Low,1,35.23809523809524,Medium,2,Experienced Professional
27,0,Travel_Rarely,1055,Research & Development,2,4,Life Sciences,1,Female,47,3,2,Manufacturing Director,4,Married,4227,4658,0,No,18,3,2,1,4,2,3,3,2,2,2,EMP0740,0.6666666666666666,0.6666666666666666,0.6666666666666666,0.6666666666666666,Low,Medium,0,66.66666666666666,High,1,Developing Professional
35,0,Travel_Rarely,802,Research & Development,10,3,Other,2,Male,45,3,1,Laboratory Technician,4,Divorced,3917,9541,1,No,20,4,1,1,3,4,2,3,2,1,2,EMP0741,0.3333333333333333,0.6666666666666666,1.3333333333333333,0.6666666666666666,Low,Low,0,43.33333333333333,Medium,1,Developing Professional
42,0,Travel_Rarely,265,Sales,5,2,Marketing,4,Male,90,3,5,Manager,3,Married,18303,7770,6,No,13,3,2,0,21,3,4,1,0,0,0,EMP0742,0.0,0.0,3.0,0.0,Low,Low,0,5.0,Low,0,Early-Career Explorer
50,0,Travel_Rarely,804,Research & Development,9,3,Life Sciences,1,Male,64,3,1,Laboratory Technician,4,Married,2380,20165,4,No,18,3,2,0,8,5,3,1,0,0,0,EMP0743,0.0,0.0,5.0,0.0,Low,Low,0,0.0,Low,0,Early-Career Explorer
59,0,Travel_Rarely,715,Research & Development,2,3,Life Sciences,3,Female,69,2,4,Manufacturing Director,4,Single,13726,21829,3,Yes,13,3,1,0,30,4,3,5,3,4,3,EMP0744,0.8,0.6,0.8,0.6,Medium,Low,1,59.0,Medium,2,Experienced Professional
37,1,Travel_Rarely,1141,Research & Development,11,2,Medical,1,Female,61,1,2,Healthcare Representative,2,Married,4777,14382,5,No,15,3,1,0,15,2,1,1,0,0,0,EMP0745,0.0,0.0,2.0,0.0,Low,Medium,0,20.0,Low,0,Early-Career Explorer
55,0,Travel_Frequently,135,Research & Development,18,4,Medical,3,Male,62,3,2,Healthcare Representative,2,Married,6385,12992,3,Yes,14,3,4,2,17,3,3,8,7,6,7,EMP0746,0.75,0.875,0.375,0.875,High,Low,1,79.375,High,2,Experienced Professional
41,0,Non-Travel,247,Research & Development,7,1,Life Sciences,2,Female,55,1,5,Research Director,3,Divorced,19973,20284,1,No,22,4,2,2,21,3,3,21,16,5,10,EMP0747,0.238095238095238,0.7619047619047619,0.1428571428571428,0.4761904761904761,High,Low,1,44.52380952380952,Medium,2,Experienced Professional
38,0,Travel_Rarely,1035,Sales,3,4,Life Sciences,2,Male,42,3,2,Sales Executive,4,Single,6861,4981,8,Yes,12,3,3,0,19,1,3,1,0,0,0,EMP0748,0.0,0.0,1.0,0.0,Low,Medium,0,20.0,Low,0,Early-Career Explorer
26,1,Non-Travel,265,Sales,29,2,Medical,2,Male,79,1,2,Sales Executive,1,Single,4969,21813,8,No,18,3,4,0,7,6,3,2,2,2,2,EMP0749,1.0,1.0,3.0,1.0,Low,Low,0,100.0,High,1,Developing Professional
52,1,Travel_Rarely,266,Sales,2,1,Marketing,1,Female,57,1,5,Manager,4,Married,19845,25846,1,No,15,3,4,1,33,3,3,32,14,6,9,EMP0750,0.1875,0.4375,0.09375,0.28125,High,Low,1,24.84375,Low,2,Experienced Professional
44,0,Travel_Rarely,1448,Sales,28,3,Medical,4,Female,53,4,4,Sales Executive,4,Married,13320,11737,3,Yes,18,3,3,1,23,2,3,12,11,11,11,EMP0751,0.9166666666666666,0.9166666666666666,0.1666666666666666,0.9166666666666666,High,Medium,1,87.91666666666666,High,2,Experienced Professional
50,0,Non-Travel,145,Sales,1,3,Life Sciences,4,Female,95,3,2,Sales Executive,3,Married,6347,24920,0,No,12,3,1,1,19,3,3,18,7,0,13,EMP0752,0.0,0.3888888888888889,0.1666666666666666,0.7222222222222222,High,Low,0,27.5,Low,2,Experienced Professional
36,1,Travel_Rarely,885,Research & Development,16,4,Life Sciences,3,Female,43,4,1,Laboratory Technician,1,Single,2743,8269,1,No,16,3,3,0,18,1,3,17,13,15,14,EMP0753,0.8823529411764706,0.7647058823529411,0.0588235294117647,0.8235294117647058,High,High,1,100.0,High,2,Experienced Professional
39,0,Travel_Frequently,945,Research & Development,22,3,Medical,4,Female,82,3,3,Manufacturing Director,1,Single,10880,5083,1,Yes,13,3,3,0,21,2,3,21,6,2,8,EMP0754,0.0952380952380952,0.2857142857142857,0.0952380952380952,0.3809523809523809,Medium,Medium,0,43.095238095238095,Medium,2,Experienced Professional
33,0,Non-Travel,1038,Sales,8,1,Life Sciences,2,Female,88,2,1,Sales Representative,4,Single,2342,21437,0,No,19,3,4,0,3,2,2,2,2,2,2,EMP0755,1.0,1.0,1.0,1.0,Low,Medium,0,95.0,High,1,Developing Professional
45,0,Travel_Rarely,1234,Sales,11,2,Life Sciences,4,Female,90,3,4,Manager,4,Married,17650,5404,3,No,13,3,2,1,26,4,4,9,3,1,1,EMP0756,0.1111111111111111,0.3333333333333333,0.4444444444444444,0.1111111111111111,Low,Low,0,16.11111111111111,Low,1,Developing Professional
32,0,Non-Travel,1109,Research & Development,29,4,Medical,4,Female,69,3,1,Laboratory Technician,3,Single,4025,11135,9,No,12,3,2,0,10,2,3,8,7,7,7,EMP0757,0.875,0.875,0.25,0.875,High,Medium,1,89.375,High,2,Experienced Professional
34,0,Travel_Rarely,216,Sales,1,4,Marketing,2,Male,75,4,2,Sales Executive,4,Divorced,9725,12278,0,No,11,3,4,1,16,2,2,15,1,0,9,EMP0758,0.0,0.0666666666666666,0.1333333333333333,0.6,Low,Medium,0,21.0,Low,1,Developing Professional
59,0,Travel_Rarely,1089,Sales,1,2,Technical Degree,2,Male,66,3,3,Manager,4,Married,11904,11038,3,Yes,14,3,3,1,14,1,1,6,4,0,4,EMP0759,0.0,0.6666666666666666,0.1666666666666666,0.6666666666666666,Medium,High,0,50.0,Medium,1,Developing Professional
45,0,Travel_Rarely,788,Human Resources,24,4,Medical,2,Male,36,3,1,Human Resources,2,Single,2177,8318,1,No,16,3,1,0,6,3,3,6,3,0,4,EMP0760,0.0,0.5,0.5,0.6666666666666666,Low,Low,0,35.0,Medium,1,Developing Professional
53,0,Travel_Frequently,124,Sales,2,3,Marketing,3,Female,38,2,3,Sales Executive,2,Married,7525,23537,2,No,12,3,1,1,30,2,3,15,7,6,12,EMP0761,0.4,0.4666666666666667,0.1333333333333333,0.8,High,Medium,1,62.0,High,2,Experienced Professional
36,1,Travel_Rarely,660,Research & Development,15,3,Other,1,Male,81,3,2,Laboratory Technician,3,Divorced,4834,7858,7,No,14,3,2,1,9,3,2,1,0,0,0,EMP0762,0.0,0.0,3.0,0.0,Low,Low,0,5.0,Low,0,Early-Career Explorer
26,1,Travel_Frequently,342,Research & Development,2,3,Life Sciences,1,Male,57,3,1,Research Scientist,1,Married,2042,15346,6,Yes,14,3,2,1,6,2,3,3,2,1,2,EMP0763,0.3333333333333333,0.6666666666666666,0.6666666666666666,0.6666666666666666,Low,Medium,0,68.33333333333333,High,1,Developing Professional
34,0,Travel_Rarely,1333,Sales,10,4,Life Sciences,3,Female,87,3,1,Sales Representative,3,Married,2220,18410,1,Yes,19,3,4,1,1,2,3,1,1,0,0,EMP0764,0.0,1.0,2.0,0.0,Low,Medium,0,45.0,Medium,0,Early-Career Explorer
28,0,Travel_Rarely,1144,Sales,10,1,Medical,4,Male,74,3,1,Sales Representative,2,Married,1052,23384,1,No,22,4,2,0,1,5,3,1,0,0,0,EMP0765,0.0,0.0,5.0,0.0,Low,Low,0,10.0,Low,0,Early-Career Explorer
38,0,Travel_Frequently,1186,Research & Development,3,4,Other,3,Male,44,3,1,Research Scientist,3,Married,2821,2997,3,No,16,3,1,1,8,2,3,2,2,2,2,EMP0766,1.0,1.0,1.0,1.0,Low,Medium,0,100.0,High,1,Developing Professional
50,0,Travel_Rarely,1464,Research & Development,2,4,Medical,2,Male,62,3,5,Research Director,3,Married,19237,12853,2,Yes,11,3,4,1,29,2,2,8,1,7,7,EMP0767,0.875,0.125,0.25,0.875,High,Medium,0,66.875,High,2,Experienced Professional
37,0,Travel_Rarely,124,Research & Development,3,3,Other,4,Female,35,3,2,Healthcare Representative,2,Single,4107,13848,3,No,15,3,1,0,8,3,2,4,3,0,1,EMP0768,0.0,0.75,0.75,0.25,Low,Low,0,36.25,Medium,1,Developing Professional
40,0,Travel_Rarely,300,Sales,26,3,Marketing,3,Male,74,3,2,Sales Executive,1,Married,8396,22217,1,No,14,3,2,1,8,3,2,7,7,7,5,EMP0769,1.0,1.0,0.4285714285714285,0.7142857142857143,High,Low,1,95.71428571428572,High,2,Experienced Professional
26,0,Travel_Frequently,921,Research & Development,1,1,Medical,1,Female,66,2,1,Research Scientist,3,Divorced,2007,25265,1,No,13,3,3,2,5,5,3,5,3,1,3,EMP0770,0.2,0.6,1.0,0.6,Low,Low,0,40.0,Medium,1,Developing Professional
46,0,Travel_Rarely,430,Research & Development,1,4,Medical,4,Male,40,3,5,Research Director,4,Divorced,19627,21445,9,No,17,3,4,2,23,0,3,2,2,2,2,EMP0771,1.0,1.0,0.0,1.0,Low,Medium,0,100.0,High,1,Developing Professional
54,0,Travel_Rarely,1082,Sales,2,4,Life Sciences,3,Female,41,2,3,Sales Executive,3,Married,10686,8392,6,No,11,3,2,1,13,4,3,9,4,7,0,EMP0772,0.7777777777777778,0.4444444444444444,0.4444444444444444,0.0,High,Low,1,49.44444444444444,Medium,2,Experienced Professional
56,0,Travel_Frequently,1240,Research & Development,9,3,Medical,1,Female,63,3,1,Research Scientist,3,Married,2942,12154,2,No,19,3,2,1,18,4,3,5,4,0,3,EMP0773,0.0,0.8,0.8,0.6,Medium,Low,0,38.0,Medium,1,Developing Professional
36,0,Travel_Rarely,796,Research & Development,12,5,Medical,4,Female,51,2,3,Manufacturing Director,4,Single,8858,15669,0,No,11,3,2,0,15,2,2,14,8,7,8,EMP0774,0.5,0.5714285714285714,0.1428571428571428,0.5714285714285714,High,Medium,1,55.71428571428571,Medium,2,Experienced Professional
55,0,Non-Travel,444,Research & Development,2,1,Medical,3,Male,40,2,4,Manager,1,Single,16756,17323,7,No,15,3,2,0,31,3,4,9,7,6,2,EMP0775,0.6666666666666666,0.7777777777777778,0.3333333333333333,0.2222222222222222,High,Low,1,68.33333333333334,High,2,Experienced Professional
43,0,Travel_Rarely,415,Sales,25,3,Medical,3,Male,79,2,3,Sales Executive,4,Divorced,10798,5268,5,No,13,3,3,1,18,5,3,1,0,0,0,EMP0776,0.0,0.0,5.0,0.0,Low,Low,0,0.0,Low,0,Early-Career Explorer
20,1,Travel_Frequently,769,Sales,9,3,Marketing,4,Female,54,3,1,Sales Representative,4,Single,2323,17205,1,Yes,14,3,2,0,2,3,3,2,2,0,2,EMP0777,0.0,1.0,1.5,1.0,Low,Low,0,45.0,Medium,1,Developing Professional
21,1,Travel_Rarely,1334,Research & Development,10,3,Life Sciences,3,Female,36,2,1,Laboratory Technician,1,Single,1416,17258,1,No,13,3,1,0,1,6,2,1,0,1,0,EMP0778,1.0,0.0,6.0,0.0,Low,Low,0,55.0,Medium,0,Early-Career Explorer
46,0,Travel_Rarely,1003,Research & Development,8,4,Life Sciences,4,Female,74,2,2,Research Scientist,1,Divorced,4615,21029,8,Yes,23,4,1,3,19,2,3,16,13,1,7,EMP0779,0.0625,0.8125,0.125,0.4375,High,Medium,0,58.4375,Medium,2,Experienced Professional
51,1,Travel_Rarely,1323,Research & Development,4,4,Life Sciences,1,Male,34,3,1,Research Scientist,3,Married,2461,10332,9,Yes,12,3,3,3,18,2,4,10,0,2,7,EMP0780,0.2,0.0,0.2,0.7,Low,Medium,0,33.5,Medium,1,Developing Professional
28,1,Non-Travel,1366,Research & Development,24,2,Technical Degree,2,Male,72,2,3,Healthcare Representative,1,Single,8722,12355,1,No,12,3,1,0,10,2,2,10,7,1,9,EMP0781,0.1,0.7,0.2,0.9,High,Medium,0,63.5,High,1,Developing Professional
26,0,Travel_Rarely,192,Research & Development,1,2,Medical,1,Male,59,2,1,Laboratory Technician,1,Married,3955,11141,1,No,16,3,1,2,6,2,3,5,3,1,3,EMP0782,0.2,0.6,0.4,0.6,Low,Medium,0,60.0,High,1,Developing Professional
30,0,Travel_Rarely,1176,Research & Development,20,3,Other,3,Male,85,3,2,Manufacturing Director,1,Married,9957,9096,0,No,15,3,3,1,7,1,2,6,2,0,2,EMP0783,0.0,0.3333333333333333,0.1666666666666666,0.3333333333333333,Low,Medium,0,50.0,Medium,1,Developing Professional
41,0,Travel_Rarely,509,Research & Development,7,2,Technical Degree,2,Female,43,4,1,Research Scientist,3,Married,3376,18863,1,No,13,3,3,0,10,3,3,10,6,0,8,EMP0784,0.0,0.6,0.3,0.8,Medium,Low,0,35.0,Medium,1,Developing Professional
38,0,Travel_Rarely,330,Research & Development,17,1,Life Sciences,3,Female,65,2,3,Healthcare Representative,3,Married,8823,24608,0,No,18,3,1,1,20,4,2,19,9,1,9,EMP0785,0.0526315789473684,0.4736842105263157,0.2105263157894736,0.4736842105263157,High,Low,0,28.421052631578945,Low,2,Experienced Professional
40,0,Travel_Rarely,1492,Research & Development,20,4,Technical Degree,1,Male,61,3,3,Healthcare Representative,4,Married,10322,26542,4,No,20,4,4,1,14,6,3,11,10,11,1,EMP0786,1.0,0.9090909090909092,0.5454545454545454,0.0909090909090909,High,Low,1,68.63636363636364,High,2,Experienced Professional
27,0,Non-Travel,1277,Research & Development,8,5,Life Sciences,1,Male,87,1,1,Laboratory Technician,3,Married,4621,5869,1,No,19,3,4,3,3,4,3,3,2,1,2,EMP0787,0.3333333333333333,0.6666666666666666,1.3333333333333333,0.6666666666666666,Low,Low,0,48.33333333333333,Medium,1,Developing Professional
55,0,Travel_Frequently,1091,Research & Development,2,1,Life Sciences,4,Male,65,3,3,Manufacturing Director,2,Married,10976,15813,3,No,18,3,2,1,23,4,3,3,2,1,2,EMP0788,0.3333333333333333,0.6666666666666666,1.3333333333333333,0.6666666666666666,Low,Low,0,53.33333333333333,Medium,1,Developing Professional
28,0,Travel_Rarely,857,Research & Development,10,3,Other,3,Female,59,3,2,Research Scientist,3,Single,3660,7909,3,No,13,3,4,0,10,4,4,8,7,1,7,EMP0789,0.125,0.875,0.5,0.875,High,Low,0,49.375,Medium,1,Developing Professional
44,1,Travel_Rarely,1376,Human Resources,1,2,Medical,2,Male,91,2,3,Human Resources,1,Married,10482,2326,9,No,14,3,4,1,24,1,3,20,6,3,6,EMP0790,0.15,0.3,0.05,0.3,Medium,High,1,54.5,Medium,2,Experienced Professional
33,0,Travel_Rarely,654,Research & Development,5,3,Life Sciences,4,Male,34,2,3,Healthcare Representative,4,Divorced,7119,21214,4,No,15,3,3,1,9,2,3,3,2,1,2,EMP0791,0.3333333333333333,0.6666666666666666,0.6666666666666666,0.6666666666666666,Low,Medium,0,53.33333333333333,Medium,1,Developing Professional
35,1,Travel_Rarely,1204,Sales,4,3,Technical Degree,4,Male,86,3,3,Sales Executive,1,Single,9582,10333,0,Yes,22,4,1,0,9,2,3,8,7,4,7,EMP0792,0.5,0.875,0.25,0.875,High,Medium,1,84.375,High,2,Experienced Professional
33,1,Travel_Frequently,827,Research & Development,29,4,Medical,1,Female,54,2,2,Research Scientist,3,Single,4508,3129,1,No,22,4,2,0,14,4,3,13,7,3,8,EMP0793,0.2307692307692307,0.5384615384615384,0.3076923076923077,0.6153846153846154,High,Low,1,39.61538461538462,Medium,2,Experienced Professional
28,0,Travel_Rarely,895,Research & Development,15,2,Life Sciences,1,Male,50,3,1,Laboratory Technician,3,Divorced,2207,22482,1,No,16,3,4,1,4,5,2,4,2,2,2,EMP0794,0.5,0.5,1.25,0.5,Low,Low,0,47.5,Medium,1,Developing Professional
34,0,Travel_Frequently,618,Research & Development,3,1,Life Sciences,1,Male,45,3,2,Healthcare Representative,4,Single,7756,22266,0,No,17,3,3,0,7,1,2,6,2,0,4,EMP0795,0.0,0.3333333333333333,0.1666666666666666,0.6666666666666666,Low,Medium,0,40.0,Medium,1,Developing Professional
37,0,Travel_Rarely,309,Sales,10,4,Life Sciences,4,Female,88,2,2,Sales Executive,4,Divorced,6694,24223,2,Yes,14,3,3,3,8,5,3,1,0,0,0,EMP0796,0.0,0.0,5.0,0.0,Low,Low,0,0.0,Low,0,Early-Career Explorer
25,1,Travel_Rarely,1219,Research & Development,4,1,Technical Degree,4,Male,32,3,1,Laboratory Technician,4,Married,3691,4605,1,Yes,15,3,2,1,7,3,4,7,7,5,6,EMP0797,0.7142857142857143,1.0,0.4285714285714285,0.8571428571428571,High,Low,1,71.42857142857143,High,1,Developing Professional
26,1,Travel_Rarely,1330,Research & Development,21,3,Medical,1,Male,37,3,1,Laboratory Technician,3,Divorced,2377,19373,1,No,20,4,3,1,1,0,2,1,1,0,0,EMP0798,0.0,1.0,0.0,0.0,Low,Medium,0,65.0,High,1,Developing Professional
33,1,Travel_Rarely,1017,Research & Development,25,3,Medical,1,Male,55,2,1,Research Scientist,2,Single,2313,2993,4,Yes,20,4,2,0,5,0,3,2,2,2,2,EMP0799,1.0,1.0,0.0,1.0,Low,Medium,0,100.0,High,1,Developing Professional
42,0,Travel_Rarely,469,Research & Development,2,2,Medical,4,Male,35,3,4,Manager,1,Married,17665,14399,0,No,17,3,4,1,23,3,3,22,6,13,7,EMP0800,0.5909090909090909,0.2727272727272727,0.1363636363636363,0.3181818181818182,High,Low,1,51.59090909090909,Medium,2,Experienced Professional
28,1,Travel_Frequently,1009,Research & Development,1,3,Medical,1,Male,45,2,1,Laboratory Technician,2,Divorced,2596,7160,1,No,15,3,1,2,1,2,3,1,0,0,0,EMP0801,0.0,0.0,2.0,0.0,Low,Medium,0,20.0,Low,0,Early-Career Explorer
50,1,Travel_Frequently,959,Sales,1,4,Other,4,Male,81,3,2,Sales Executive,3,Single,4728,17251,3,Yes,14,3,4,0,5,4,3,0,0,0,0,EMP0802,0.0,0.0,4.0,0.0,Low,Low,0,5.0,Low,0,Early-Career Explorer
33,0,Travel_Frequently,970,Sales,7,3,Life Sciences,4,Female,30,3,2,Sales Executive,2,Married,4302,13401,0,No,17,3,3,1,4,3,3,3,2,0,2,EMP0803,0.0,0.6666666666666666,1.0,0.6666666666666666,Low,Low,0,40.0,Medium,1,Developing Professional
34,0,Non-Travel,697,Research & Development,3,4,Life Sciences,3,Male,40,2,1,Research Scientist,4,Married,2979,22478,3,No,17,3,4,3,6,2,3,0,0,0,0,EMP0804,0.0,0.0,2.0,0.0,Low,Medium,0,10.0,Low,0,Early-Career Explorer
48,0,Non-Travel,1262,Research & Development,1,4,Medical,1,Male,35,4,4,Manager,4,Single,16885,16154,2,No,22,4,3,0,27,3,2,5,4,2,1,EMP0805,0.4,0.8,0.6,0.2,Medium,Low,0,43.0,Medium,1,Developing Professional
45,0,Non-Travel,1050,Sales,9,4,Life Sciences,2,Female,65,2,2,Sales Executive,3,Married,5593,17970,1,No,13,3,4,1,15,2,3,15,10,4,12,EMP0806,0.2666666666666666,0.6666666666666666,0.1333333333333333,0.8,High,Medium,1,57.66666666666666,Medium,2,Experienced Professional
52,0,Travel_Rarely,994,Research & Development,7,4,Life Sciences,2,Male,87,3,3,Healthcare Representative,2,Single,10445,15322,7,No,19,3,4,0,18,4,3,8,6,4,0,EMP0807,0.5,0.75,0.5,0.0,Medium,Low,1,52.5,Medium,1,Developing Professional
38,0,Travel_Rarely,770,Sales,10,4,Marketing,3,Male,73,2,3,Sales Executive,3,Divorced,8740,5569,0,Yes,14,3,2,2,9,2,3,8,7,2,7,EMP0808,0.25,0.875,0.25,0.875,High,Medium,0,64.375,High,1,Developing Professional
29,0,Travel_Rarely,1107,Research & Development,28,4,Life Sciences,3,Female,93,3,1,Research Scientist,4,Divorced,2514,26968,4,No,22,4,1,1,11,1,3,7,5,1,7,EMP0809,0.1428571428571428,0.7142857142857143,0.1428571428571428,1.0,Medium,High,0,62.142857142857146,High,1,Developing Professional
28,0,Travel_Rarely,950,Research & Development,3,3,Medical,4,Female,93,3,3,Manufacturing Director,2,Divorced,7655,8039,0,No,17,3,2,3,10,3,2,9,7,1,7,EMP0810,0.1111111111111111,0.7777777777777778,0.3333333333333333,0.7777777777777778,High,Low,0,49.44444444444444,Medium,1,Developing Professional
46,0,Travel_Rarely,406,Sales,3,1,Marketing,1,Male,52,3,4,Manager,3,Married,17465,15596,3,No,12,3,4,1,23,3,3,12,9,4,9,EMP0811,0.3333333333333333,0.75,0.25,0.75,High,Low,1,52.08333333333333,Medium,2,Experienced Professional
38,0,Travel_Rarely,130,Sales,2,2,Marketing,4,Male,32,3,3,Sales Executive,2,Single,7351,20619,7,No,16,3,3,0,10,2,3,1,0,0,0,EMP0812,0.0,0.0,2.0,0.0,Low,Medium,0,20.0,Low,0,Early-Career Explorer
43,0,Travel_Frequently,1082,Research & Development,27,3,Life Sciences,3,Female,83,3,3,Manufacturing Director,1,Married,10820,11535,8,No,11,3,3,1,18,1,3,8,7,0,1,EMP0813,0.0,0.875,0.125,0.125,High,High,0,63.125,High,1,Developing Professional
39,1,Travel_Frequently,203,Research & Development,2,3,Life Sciences,1,Male,84,3,4,Healthcare Representative,4,Divorced,12169,13547,7,No,11,3,4,3,21,4,3,18,7,11,5,EMP0814,0.6111111111111112,0.3888888888888889,0.2222222222222222,0.2777777777777778,High,Low,1,40.27777777777778,Medium,2,Experienced Professional
40,0,Travel_Rarely,1308,Research & Development,14,3,Medical,3,Male,44,2,5,Research Director,3,Single,19626,17544,1,No,14,3,1,0,21,2,4,20,7,4,9,EMP0815,0.2,0.35,0.1,0.45,High,Medium,1,40.25,Medium,2,Experienced Professional
21,0,Travel_Rarely,984,Research & Development,1,1,Technical Degree,4,Female,70,2,1,Research Scientist,2,Single,2070,25326,1,Yes,11,3,3,0,2,6,4,2,2,2,2,EMP0816,1.0,1.0,3.0,1.0,Low,Low,0,95.0,High,1,Developing Professional
39,0,Non-Travel,439,Research & Development,9,3,Life Sciences,3,Male,70,3,2,Laboratory Technician,2,Single,6782,8770,9,No,15,3,3,0,9,2,2,5,4,0,3,EMP0817,0.0,0.8,0.4,0.6,Medium,Medium,0,53.0,Medium,1,Developing Professional
36,0,Non-Travel,217,Research & Development,18,4,Life Sciences,1,Male,78,3,2,Manufacturing Director,4,Single,7779,23238,2,No,20,4,1,0,18,0,3,11,9,0,9,EMP0818,0.0,0.8181818181818182,0.0,0.8181818181818182,High,High,0,66.81818181818181,High,2,Experienced Professional
31,0,Travel_Frequently,793,Sales,20,3,Life Sciences,3,Male,67,4,1,Sales Representative,4,Married,2791,21981,0,No,12,3,1,1,3,4,3,2,2,2,2,EMP0819,1.0,1.0,2.0,1.0,Low,Low,0,85.0,High,1,Developing Professional
28,0,Travel_Rarely,1451,Research & Development,2,1,Life Sciences,1,Male,67,2,1,Research Scientist,2,Married,3201,19911,0,No,17,3,1,0,6,2,1,5,3,0,4,EMP0820,0.0,0.6,0.4,0.8,Low,Medium,0,50.0,Medium,1,Developing Professional
35,0,Travel_Frequently,1182,Sales,11,2,Marketing,4,Male,54,3,2,Sales Executive,4,Divorced,4968,18500,1,No,11,3,4,1,5,3,3,5,2,0,2,EMP0821,0.0,0.4,0.6,0.4,Low,Low,0,18.0,Low,1,Developing Professional
49,0,Travel_Rarely,174,Sales,8,4,Technical Degree,4,Male,56,2,4,Sales Executive,2,Married,13120,11879,6,No,17,3,2,1,22,3,3,9,8,2,3,EMP0822,0.2222222222222222,0.8888888888888888,0.3333333333333333,0.3333333333333333,High,Low,0,50.55555555555556,Medium,2,Experienced Professional
34,0,Travel_Frequently,1003,Research & Development,2,2,Life Sciences,4,Male,95,3,2,Manufacturing Director,3,Single,4033,15834,2,No,11,3,4,0,5,3,2,3,2,0,2,EMP0823,0.0,0.6666666666666666,1.0,0.6666666666666666,Low,Low,0,35.0,Medium,1,Developing Professional
29,0,Travel_Frequently,490,Research & Development,10,3,Life Sciences,4,Female,61,3,1,Research Scientist,2,Divorced,3291,17940,0,No,14,3,4,2,8,2,2,7,5,1,1,EMP0824,0.1428571428571428,0.7142857142857143,0.2857142857142857,0.1428571428571428,Medium,Medium,0,49.28571428571429,Medium,1,Developing Professional
42,0,Travel_Rarely,188,Research & Development,29,3,Medical,2,Male,56,1,2,Laboratory Technician,4,Single,4272,9558,4,No,19,3,1,0,16,3,3,1,0,0,0,EMP0825,0.0,0.0,3.0,0.0,Low,Low,0,0.0,Low,0,Early-Career Explorer
29,0,Travel_Rarely,718,Research & Development,8,1,Medical,2,Male,79,2,2,Manufacturing Director,4,Married,5056,17689,1,Yes,15,3,3,1,10,2,2,10,7,1,2,EMP0826,0.1,0.7,0.2,0.2,High,Medium,0,38.0,Medium,1,Developing Professional
38,0,Travel_Rarely,433,Human Resources,1,3,Human Resources,3,Male,37,4,1,Human Resources,3,Married,2844,6004,1,No,13,3,4,1,7,2,4,7,6,5,0,EMP0827,0.7142857142857143,0.8571428571428571,0.2857142857142857,0.0,High,Medium,1,69.28571428571428,High,1,Developing Professional
28,0,Travel_Frequently,773,Research & Development,6,3,Life Sciences,3,Male,39,2,1,Research Scientist,3,Divorced,2703,22088,1,Yes,14,3,4,1,3,2,3,3,1,0,2,EMP0828,0.0,0.3333333333333333,0.6666666666666666,0.6666666666666666,Low,Medium,0,35.0,Medium,1,Developing Professional
18,1,Non-Travel,247,Research & Development,8,1,Medical,3,Male,80,3,1,Laboratory Technician,3,Single,1904,13556,1,No,12,3,4,0,0,0,3,0,0,0,0,EMP0829,0.0,0.0,0.0,0.0,Low,Medium,0,35.0,Medium,0,Early-Career Explorer
33,1,Travel_Rarely,603,Sales,9,4,Marketing,1,Female,77,3,2,Sales Executive,1,Single,8224,18385,0,Yes,17,3,1,0,6,3,3,5,2,0,3,EMP0830,0.0,0.4,0.6,0.6,Low,Low,0,36.0,Medium,1,Developing Professional
41,0,Travel_Rarely,167,Research & Development,12,4,Life Sciences,2,Male,46,3,1,Laboratory Technician,4,Married,4766,9051,3,Yes,11,3,1,1,6,4,3,1,0,0,0,EMP0831,0.0,0.0,4.0,0.0,Low,Low,0,0.0,Low,0,Early-Career Explorer
31,1,Travel_Frequently,874,Research & Development,15,3,Medical,3,Male,72,3,1,Laboratory Technician,3,Married,2610,6233,1,No,12,3,3,1,2,5,2,2,2,2,2,EMP0832,1.0,1.0,2.5,1.0,Low,Low,0,90.0,High,1,Developing Professional
37,0,Travel_Rarely,367,Research & Development,25,2,Medical,3,Female,52,2,2,Healthcare Representative,4,Divorced,5731,17171,7,No,13,3,3,2,9,2,3,6,2,1,3,EMP0833,0.1666666666666666,0.3333333333333333,0.3333333333333333,0.5,Low,Medium,0,34.166666666666664,Medium,1,Developing Professional
27,0,Travel_Rarely,199,Research & Development,6,3,Life Sciences,4,Male,55,2,1,Research Scientist,3,Married,2539,7950,1,No,13,3,3,1,4,0,3,4,2,2,2,EMP0834,0.5,0.5,0.0,0.5,Low,Medium,0,77.5,High,1,Developing Professional
34,0,Travel_Rarely,1400,Sales,9,1,Life Sciences,2,Female,70,3,2,Sales Executive,3,Married,5714,5829,1,No,20,4,1,0,6,3,2,6,5,1,3,EMP0835,0.1666666666666666,0.8333333333333334,0.5,0.5,Medium,Low,0,44.16666666666666,Medium,1,Developing Professional
35,0,Travel_Rarely,528,Human Resources,8,4,Technical Degree,3,Male,100,3,1,Human Resources,3,Single,4323,7108,1,No,17,3,2,0,6,2,1,5,4,1,4,EMP0836,0.2,0.8,0.4,0.8,Medium,Medium,0,59.0,Medium,1,Developing Professional
29,1,Travel_Rarely,408,Sales,23,1,Life Sciences,4,Female,45,2,3,Sales Executive,1,Married,7336,11162,1,No,13,3,1,1,11,3,1,11,8,3,10,EMP0837,0.2727272727272727,0.7272727272727273,0.2727272727272727,0.9090909090909092,High,Low,1,61.36363636363636,High,2,Experienced Professional
40,0,Travel_Frequently,593,Research & Development,9,4,Medical,2,Female,88,3,3,Research Director,3,Single,13499,13782,9,No,17,3,3,0,20,3,2,18,7,2,13,EMP0838,0.1111111111111111,0.3888888888888889,0.1666666666666666,0.7222222222222222,High,Low,0,31.944444444444443,Medium,2,Experienced Professional
42,1,Travel_Frequently,481,Sales,12,3,Life Sciences,3,Male,44,3,4,Sales Executive,1,Single,13758,2447,0,Yes,12,3,2,0,22,2,2,21,9,13,14,EMP0839,0.6190476190476191,0.4285714285714285,0.0952380952380952,0.6666666666666666,High,Medium,1,72.61904761904762,High,2,Experienced Professional
42,0,Travel_Rarely,647,Sales,4,4,Marketing,2,Male,45,3,2,Sales Executive,1,Single,5155,2253,7,No,13,3,4,0,9,3,4,6,4,1,5,EMP0840,0.1666666666666666,0.6666666666666666,0.5,0.8333333333333334,Medium,Low,0,54.16666666666666,Medium,1,Developing Professional
35,0,Travel_Rarely,982,Research & Development,1,4,Medical,4,Male,58,2,1,Laboratory Technician,3,Married,2258,16340,6,No,12,3,2,1,10,2,3,8,0,1,7,EMP0841,0.125,0.0,0.25,0.875,Low,Medium,0,33.125,Medium,1,Developing Professional
24,0,Travel_Rarely,477,Research & Development,24,3,Medical,4,Male,49,3,1,Laboratory Technician,2,Single,3597,6409,8,No,22,4,4,0,6,2,3,4,3,1,2,EMP0842,0.25,0.75,0.5,0.5,Low,Medium,0,60.0,High,1,Developing Professional
28,1,Travel_Rarely,1485,Research & Development,12,1,Life Sciences,3,Female,79,3,1,Laboratory Technician,4,Married,2515,22955,1,Yes,11,3,4,0,1,4,2,1,1,0,0,EMP0843,0.0,1.0,4.0,0.0,Low,Low,0,30.0,Medium,0,Early-Career Explorer
26,0,Travel_Rarely,1384,Research & Development,3,4,Medical,1,Male,82,4,1,Laboratory Technician,4,Married,4420,13421,1,No,22,4,2,1,8,2,3,8,7,0,7,EMP0844,0.0,0.875,0.25,0.875,High,Medium,0,49.375,Medium,1,Developing Professional
30,0,Travel_Rarely,852,Sales,10,3,Marketing,3,Male,72,2,2,Sales Executive,3,Married,6578,2706,1,No,18,3,1,1,10,3,3,10,3,1,4,EMP0845,0.1,0.3,0.3,0.4,Low,Low,0,24.0,Low,1,Developing Professional
40,0,Travel_Frequently,902,Research & Development,26,2,Medical,3,Female,92,2,2,Research Scientist,4,Married,4422,21203,3,Yes,13,3,4,1,16,3,1,1,1,0,0,EMP0846,0.0,1.0,3.0,0.0,Low,Low,0,30.0,Medium,0,Early-Career Explorer
35,0,Travel_Rarely,819,Research & Development,2,3,Life Sciences,3,Male,44,2,3,Manufacturing Director,2,Divorced,10274,19588,2,No,18,3,2,1,15,2,4,7,7,6,4,EMP0847,0.8571428571428571,1.0,0.2857142857142857,0.5714285714285714,High,Medium,1,92.85714285714285,High,2,Experienced Professional
34,0,Travel_Frequently,669,Research & Development,1,3,Medical,4,Male,97,2,2,Healthcare Representative,1,Single,5343,25755,0,No,20,4,3,0,14,3,3,13,9,4,9,EMP0848,0.3076923076923077,0.6923076923076923,0.2307692307692307,0.6923076923076923,High,Low,1,58.46153846153847,Medium,2,Experienced Professional
35,0,Travel_Frequently,636,Research & Development,4,4,Other,4,Male,47,2,1,Laboratory Technician,4,Married,2376,26537,1,No,13,3,2,1,2,2,4,2,2,2,2,EMP0849,1.0,1.0,1.0,1.0,Low,Medium,0,95.0,High,1,Developing Professional
43,1,Travel_Rarely,1372,Sales,9,3,Marketing,1,Female,85,1,2,Sales Executive,3,Single,5346,9489,8,No,13,3,2,0,7,2,2,4,3,1,3,EMP0850,0.25,0.75,0.5,0.75,Low,Medium,0,58.75,Medium,1,Developing Professional
32,0,Non-Travel,862,Sales,2,1,Life Sciences,3,Female,76,3,1,Sales Representative,1,Divorced,2827,14947,1,No,12,3,3,3,1,3,3,1,0,0,0,EMP0851,0.0,0.0,3.0,0.0,Low,Low,0,15.0,Low,0,Early-Career Explorer
56,0,Travel_Rarely,718,Research & Development,4,4,Technical Degree,4,Female,92,3,5,Manager,1,Divorced,19943,18575,4,No,13,3,4,1,28,2,3,5,2,4,2,EMP0852,0.8,0.4,0.4,0.4,Medium,Medium,0,75.0,High,2,Experienced Professional
29,0,Travel_Rarely,1401,Research & Development,6,1,Medical,2,Female,54,3,1,Laboratory Technician,4,Married,3131,26342,1,No,13,3,1,1,10,5,3,10,8,0,8,EMP0853,0.0,0.8,0.5,0.8,High,Low,0,36.0,Medium,1,Developing Professional
19,0,Travel_Rarely,645,Research & Development,9,2,Life Sciences,3,Male,54,3,1,Research Scientist,1,Single,2552,7172,1,No,25,4,3,0,1,4,3,1,1,0,0,EMP0854,0.0,1.0,4.0,0.0,Low,Low,0,45.0,Medium,0,Early-Career Explorer
45,0,Travel_Rarely,1457,Research & Development,7,3,Medical,1,Female,83,3,1,Research Scientist,3,Married,4477,20100,4,Yes,19,3,3,1,7,2,2,3,2,0,2,EMP0855,0.0,0.6666666666666666,0.6666666666666666,0.6666666666666666,Low,Medium,0,45.0,Medium,1,Developing Professional
37,0,Travel_Rarely,977,Research & Development,1,3,Life Sciences,4,Female,56,2,2,Manufacturing Director,4,Married,6474,9961,1,No,13,3,2,1,14,2,2,14,8,3,11,EMP0856,0.2142857142857142,0.5714285714285714,0.1428571428571428,0.7857142857142857,High,Medium,1,47.5,Medium,2,Experienced Professional
20,0,Travel_Rarely,805,Research & Development,3,3,Life Sciences,1,Male,87,2,1,Laboratory Technician,3,Single,3033,12828,1,No,12,3,1,0,2,2,2,2,2,1,2,EMP0857,0.5,1.0,1.0,1.0,Low,Medium,0,80.0,High,1,Developing Professional
44,1,Travel_Rarely,1097,Research & Development,10,4,Life Sciences,3,Male,96,3,1,Research Scientist,3,Single,2936,10826,1,Yes,11,3,3,0,6,4,3,6,4,0,2,EMP0858,0.0,0.6666666666666666,0.6666666666666666,0.3333333333333333,Medium,Low,0,30.0,Medium,1,Developing Professional
53,0,Travel_Rarely,1223,Research & Development,7,2,Medical,4,Female,50,3,5,Manager,3,Divorced,18606,18640,3,No,18,3,2,1,26,6,3,7,7,4,7,EMP0859,0.5714285714285714,1.0,0.8571428571428571,1.0,High,Low,1,72.85714285714286,High,2,Experienced Professional
29,0,Travel_Rarely,942,Research & Development,15,1,Life Sciences,2,Female,69,1,1,Research Scientist,4,Married,2168,26933,0,Yes,18,3,1,1,6,2,2,5,4,1,3,EMP0860,0.2,0.8,0.4,0.6,Medium,Medium,0,51.0,Medium,1,Developing Professional
22,1,Travel_Frequently,1256,Research & Development,3,4,Life Sciences,3,Male,48,2,1,Research Scientist,4,Married,2853,4223,0,Yes,11,3,2,1,1,5,3,0,0,0,0,EMP0861,0.0,0.0,5.0,0.0,Low,Low,0,0.0,Low,0,Early-Career Explorer
46,0,Travel_Rarely,1402,Sales,2,3,Marketing,3,Female,69,3,4,Manager,1,Married,17048,24097,8,No,23,4,1,0,28,2,3,26,15,15,9,EMP0862,0.5769230769230769,0.5769230769230769,0.0769230769230769,0.3461538461538461,High,Medium,1,70.57692307692307,High,2,Experienced Professional
44,0,Non-Travel,111,Research & Development,17,3,Life Sciences,4,Male,74,1,1,Research Scientist,3,Single,2290,4279,2,No,13,3,4,0,6,3,3,0,0,0,0,EMP0863,0.0,0.0,3.0,0.0,Low,Low,0,5.0,Low,0,Early-Career Explorer
33,0,Travel_Rarely,147,Human Resources,2,3,Human Resources,2,Male,99,3,1,Human Resources,3,Married,3600,8429,1,No,13,3,4,1,5,2,3,5,4,1,4,EMP0864,0.2,0.8,0.4,0.8,Medium,Medium,0,59.0,Medium,1,Developing Professional
41,1,Non-Travel,906,Research & Development,5,2,Life Sciences,1,Male,95,2,1,Research Scientist,1,Divorced,2107,20293,6,No,17,3,1,1,5,2,1,1,0,0,0,EMP0865,0.0,0.0,2.0,0.0,Low,Medium,0,25.0,Low,0,Early-Career Explorer
30,0,Travel_Rarely,1329,Sales,29,4,Life Sciences,3,Male,61,3,2,Sales Executive,1,Divorced,4115,13192,8,No,19,3,3,3,8,3,3,4,3,0,3,EMP0866,0.0,0.75,0.75,0.75,Low,Low,0,48.75,Medium,1,Developing Professional
40,0,Travel_Frequently,1184,Sales,2,4,Medical,2,Male,62,3,2,Sales Executive,2,Married,4327,25440,5,No,12,3,4,3,5,2,3,0,0,0,0,EMP0867,0.0,0.0,2.0,0.0,Low,Medium,0,20.0,Low,0,Early-Career Explorer
50,0,Travel_Frequently,1421,Research & Development,2,3,Medical,4,Female,30,3,4,Manager,1,Married,17856,9490,2,No,22,4,3,1,32,3,3,2,2,2,2,EMP0868,1.0,1.0,1.5,1.0,Low,Low,0,100.0,High,1,Developing Professional
28,0,Travel_Rarely,1179,Research & Development,19,4,Medical,4,Male,78,2,1,Laboratory Technician,1,Married,3196,12449,1,No,12,3,3,3,6,2,3,6,5,3,3,EMP0869,0.5,0.8333333333333334,0.3333333333333333,0.5,Medium,Medium,1,77.5,High,1,Developing Professional
46,0,Travel_Rarely,1450,Research & Development,15,2,Life Sciences,4,Male,52,3,5,Research Director,2,Married,19081,10849,5,No,11,3,1,1,25,2,3,4,2,0,3,EMP0870,0.0,0.5,0.5,0.75,Low,Medium,0,46.25,Medium,1,Developing Professional
35,0,Travel_Rarely,1361,Sales,17,4,Life Sciences,3,Male,94,3,2,Sales Executive,1,Married,8966,21026,3,Yes,15,3,4,3,15,2,3,7,7,1,7,EMP0871,0.1428571428571428,1.0,0.2857142857142857,1.0,High,Medium,0,75.71428571428572,High,1,Developing Professional
24,1,Travel_Rarely,984,Research & Development,17,2,Life Sciences,4,Female,97,3,1,Laboratory Technician,2,Married,2210,3372,1,No,13,3,1,1,1,3,1,1,0,0,0,EMP0872,0.0,0.0,3.0,0.0,Low,Low,0,10.0,Low,0,Early-Career Explorer
33,0,Travel_Frequently,1146,Sales,25,3,Medical,2,Female,82,3,2,Sales Executive,3,Married,4539,4905,1,No,12,3,1,1,10,3,2,10,7,0,1,EMP0873,0.0,0.7,0.3,0.1,High,Low,0,27.5,Low,1,Developing Professional
36,0,Travel_Rarely,917,Research & Development,6,4,Life Sciences,3,Male,60,1,1,Laboratory Technician,3,Divorced,2741,6865,1,No,14,3,3,1,7,4,3,7,7,1,7,EMP0874,0.1428571428571428,1.0,0.5714285714285714,1.0,High,Low,0,55.71428571428572,Medium,1,Developing Professional
30,0,Travel_Rarely,853,Research & Development,7,4,Life Sciences,3,Male,49,3,2,Laboratory Technician,3,Divorced,3491,11309,1,No,13,3,1,3,10,4,2,10,7,8,9,EMP0875,0.8,0.7,0.4,0.9,High,Low,1,71.5,High,2,Experienced Professional
44,0,Travel_Rarely,200,Research & Development,29,4,Other,4,Male,32,3,2,Research Scientist,4,Single,4541,7744,1,No,25,4,2,0,20,3,3,20,11,13,17,EMP0876,0.65,0.55,0.15,0.85,High,Low,1,55.25,Medium,2,Experienced Professional
20,0,Travel_Rarely,654,Sales,21,3,Marketing,3,Male,43,4,1,Sales Representative,4,Single,2678,5050,1,No,17,3,4,0,2,2,3,2,1,2,2,EMP0877,1.0,0.5,1.0,1.0,Low,Medium,0,80.0,High,1,Developing Professional
46,0,Travel_Rarely,150,Research & Development,2,4,Technical Degree,4,Male,60,3,2,Manufacturing Director,4,Divorced,7379,17433,2,No,11,3,3,1,12,3,2,6,3,1,4,EMP0878,0.1666666666666666,0.5,0.5,0.6666666666666666,Low,Low,0,31.666666666666664,Medium,1,Developing Professional
42,0,Non-Travel,179,Human Resources,2,5,Medical,4,Male,79,4,2,Human Resources,1,Married,6272,12858,7,No,16,3,1,1,10,3,4,4,3,0,3,EMP0879,0.0,0.75,0.75,0.75,Low,Low,0,48.75,Medium,1,Developing Professional
60,0,Travel_Rarely,696,Sales,7,4,Marketing,2,Male,52,4,2,Sales Executive,4,Divorced,5220,10893,0,Yes,18,3,2,1,12,3,3,11,7,1,9,EMP0880,0.0909090909090909,0.6363636363636364,0.2727272727272727,0.8181818181818182,High,Low,0,35.0,Medium,1,Developing Professional
32,0,Travel_Frequently,116,Research & Development,13,3,Other,3,Female,77,2,1,Laboratory Technician,2,Married,2743,7331,1,No,20,4,3,1,2,2,3,2,2,2,2,EMP0881,1.0,1.0,1.0,1.0,Low,Medium,0,100.0,High,1,Developing Professional
32,0,Travel_Frequently,1316,Research & Development,2,2,Life Sciences,4,Female,38,3,2,Research Scientist,3,Single,4998,2338,4,Yes,14,3,4,0,10,2,3,8,7,0,7,EMP0882,0.0,0.875,0.25,0.875,High,Medium,0,54.375,Medium,1,Developing Professional
36,0,Travel_Rarely,363,Research & Development,1,3,Technical Degree,3,Female,77,1,3,Manufacturing Director,1,Divorced,10252,4235,2,Yes,21,4,3,1,17,2,3,7,7,7,7,EMP0883,1.0,1.0,0.2857142857142857,1.0,High,Medium,1,100.0,High,2,Experienced Professional
33,0,Travel_Rarely,117,Research & Development,9,3,Medical,1,Male,60,3,1,Research Scientist,4,Married,2781,6311,0,No,13,3,2,1,15,5,3,14,10,4,10,EMP0884,0.2857142857142857,0.7142857142857143,0.3571428571428571,0.7142857142857143,High,Low,1,43.57142857142858,Medium,2,Experienced Professional
40,0,Travel_Rarely,107,Sales,10,3,Technical Degree,2,Female,84,2,2,Sales Executive,2,Divorced,6852,11591,7,No,12,3,2,1,7,2,4,5,1,1,3,EMP0885,0.2,0.2,0.4,0.6,Low,Medium,0,43.0,Medium,1,Developing Professional
25,0,Travel_Rarely,1356,Sales,10,4,Life Sciences,3,Male,57,3,2,Sales Executive,4,Single,4950,20623,0,No,14,3,2,0,5,4,3,4,3,1,1,EMP0886,0.25,0.75,1.0,0.25,Low,Low,0,36.25,Medium,1,Developing Professional
30,0,Travel_Rarely,1465,Research & Development,1,3,Medical,4,Male,63,3,1,Research Scientist,2,Married,3579,9369,0,Yes,21,4,1,1,12,2,3,11,9,5,7,EMP0887,0.4545454545454545,0.8181818181818182,0.1818181818181818,0.6363636363636364,High,Medium,1,72.27272727272728,High,2,Experienced Professional
42,0,Travel_Frequently,458,Research & Development,26,5,Medical,1,Female,60,3,3,Research Director,1,Married,13191,23281,3,Yes,17,3,3,0,20,6,3,1,0,0,0,EMP0888,0.0,0.0,6.0,0.0,Low,Low,0,15.0,Low,0,Early-Career Explorer
35,0,Non-Travel,1212,Sales,8,2,Marketing,3,Female,78,2,3,Sales Executive,4,Married,10377,13755,4,Yes,11,3,2,1,16,6,2,13,2,4,12,EMP0889,0.3076923076923077,0.1538461538461538,0.4615384615384615,0.9230769230769232,Medium,Low,0,30.76923076923077,Medium,2,Experienced Professional
27,0,Travel_Rarely,1103,Research & Development,14,3,Life Sciences,1,Male,42,3,1,Research Scientist,1,Married,2235,14377,1,Yes,14,3,4,2,9,3,2,9,7,6,8,EMP0890,0.6666666666666666,0.7777777777777778,0.3333333333333333,0.8888888888888888,High,Low,1,78.33333333333333,High,2,Experienced Professional
54,0,Travel_Frequently,966,Research & Development,1,4,Life Sciences,4,Female,53,3,3,Manufacturing Director,3,Divorced,10502,9659,7,No,17,3,1,1,33,2,1,5,4,1,4,EMP0891,0.2,0.8,0.4,0.8,Medium,Medium,0,59.0,Medium,1,Developing Professional
44,0,Travel_Rarely,1117,Research & Development,2,1,Life Sciences,1,Female,72,4,1,Research Scientist,4,Married,2011,19982,1,No,13,3,4,1,10,5,3,10,5,7,7,EMP0892,0.7,0.5,0.5,0.7,High,Low,1,53.5,Medium,2,Experienced Professional
19,1,Non-Travel,504,Research & Development,10,3,Medical,1,Female,96,2,1,Research Scientist,2,Single,1859,6148,1,Yes,25,4,2,0,1,2,4,1,1,0,0,EMP0893,0.0,1.0,2.0,0.0,Low,Medium,0,50.0,Medium,0,Early-Career Explorer
29,0,Travel_Rarely,1010,Research & Development,1,3,Life Sciences,1,Female,97,3,1,Research Scientist,4,Divorced,3760,5598,1,No,15,3,1,3,3,5,3,3,2,1,2,EMP0894,0.3333333333333333,0.6666666666666666,1.6666666666666667,0.6666666666666666,Low,Low,0,43.33333333333333,Medium,1,Developing Professional
54,0,Travel_Rarely,685,Research & Development,3,3,Life Sciences,4,Male,85,3,4,Research Director,4,Married,17779,23474,3,No,14,3,1,0,36,2,3,10,9,0,9,EMP0895,0.0,0.9,0.2,0.9,High,Medium,0,50.5,Medium,2,Experienced Professional
31,0,Travel_Rarely,1332,Research & Development,11,2,Medical,3,Male,80,3,2,Healthcare Representative,1,Married,6833,17089,1,Yes,12,3,4,0,6,2,2,6,5,0,1,EMP0896,0.0,0.8333333333333334,0.3333333333333333,0.1666666666666666,Medium,Medium,0,52.5,Medium,1,Developing Professional
31,0,Travel_Rarely,1062,Research & Development,24,3,Medical,3,Female,96,2,2,Healthcare Representative,1,Single,6812,17198,1,No,19,3,2,0,10,2,3,10,9,1,8,EMP0897,0.1,0.9,0.2,0.8,High,Medium,0,68.0,High,1,Developing Professional
59,0,Travel_Rarely,326,Sales,3,3,Life Sciences,3,Female,48,2,2,Sales Executive,4,Single,5171,16490,5,No,17,3,4,0,13,2,3,6,1,0,5,EMP0898,0.0,0.1666666666666666,0.3333333333333333,0.8333333333333334,Low,Medium,0,27.5,Low,1,Developing Professional
43,0,Travel_Rarely,920,Research & Development,3,3,Life Sciences,3,Male,96,1,5,Research Director,4,Married,19740,18625,3,No,14,3,2,1,25,2,3,8,7,0,7,EMP0899,0.0,0.875,0.25,0.875,High,Medium,0,49.375,Medium,2,Experienced Professional
49,0,Travel_Rarely,1098,Research & Development,4,2,Medical,1,Male,85,2,5,Manager,3,Married,18711,12124,2,No,13,3,3,1,23,2,4,1,0,0,0,EMP0900,0.0,0.0,2.0,0.0,Low,Medium,0,15.0,Low,0,Early-Career Explorer
36,0,Travel_Frequently,469,Research & Development,3,3,Technical Degree,3,Male,46,3,1,Research Scientist,2,Married,3692,9256,1,No,12,3,3,0,12,2,2,11,10,0,7,EMP0901,0.0,0.9090909090909092,0.1818181818181818,0.6363636363636364,High,Medium,0,56.81818181818182,Medium,1,Developing Professional
48,0,Travel_Rarely,969,Research & Development,2,2,Technical Degree,4,Male,76,4,1,Laboratory Technician,2,Single,2559,16620,5,No,11,3,3,0,7,4,2,1,0,0,0,EMP0902,0.0,0.0,4.0,0.0,Low,Low,0,10.0,Low,0,Early-Career Explorer
27,0,Travel_Rarely,1167,Research & Development,4,2,Life Sciences,1,Male,76,3,1,Research Scientist,3,Divorced,2517,3208,1,No,11,3,2,3,5,2,3,5,3,0,3,EMP0903,0.0,0.6,0.4,0.6,Low,Medium,0,42.0,Medium,1,Developing Professional
29,0,Travel_Rarely,1329,Research & Development,7,3,Life Sciences,3,Male,82,3,2,Healthcare Representative,4,Divorced,6623,4204,1,Yes,11,3,2,2,6,2,3,6,0,1,0,EMP0904,0.1666666666666666,0.0,0.3333333333333333,0.0,Low,Medium,0,16.666666666666664,Low,0,Early-Career Explorer
48,0,Travel_Rarely,715,Research & Development,1,3,Life Sciences,4,Male,76,2,5,Research Director,4,Single,18265,8733,6,No,12,3,3,0,25,3,4,1,0,0,0,EMP0905,0.0,0.0,3.0,0.0,Low,Low,0,0.0,Low,0,Early-Career Explorer
29,0,Travel_Rarely,694,Research & Development,1,3,Life Sciences,4,Female,87,2,4,Research Director,4,Divorced,16124,3423,3,No,14,3,2,2,9,2,2,7,7,1,7,EMP0906,0.1428571428571428,1.0,0.2857142857142857,1.0,High,Medium,0,60.71428571428572,High,1,Developing Professional
34,0,Travel_Rarely,1320,Research & Development,20,3,Technical Degree,3,Female,89,4,1,Research Scientist,3,Married,2585,21643,0,No,17,3,4,0,2,5,2,1,0,0,0,EMP0907,0.0,0.0,5.0,0.0,Low,Low,0,5.0,Low,0,Early-Career Explorer
44,0,Travel_Rarely,1099,Sales,5,3,Marketing,2,Male,88,3,5,Manager,2,Married,18213,8751,7,No,11,3,3,1,26,5,3,22,9,3,10,EMP0908,0.1363636363636363,0.4090909090909091,0.2272727272727272,0.4545454545454545,High,Low,1,34.54545454545455,Medium,2,Experienced Professional
33,0,Travel_Rarely,536,Sales,10,5,Marketing,4,Male,82,4,3,Sales Executive,3,Divorced,8380,21708,0,Yes,14,3,4,2,10,3,3,9,8,0,8,EMP0909,0.0,0.8888888888888888,0.3333333333333333,0.8888888888888888,High,Low,0,45.0,Medium,1,Developing Professional
19,0,Travel_Rarely,265,Research & Development,25,3,Life Sciences,2,Female,57,4,1,Research Scientist,4,Single,2994,21221,1,Yes,12,3,4,0,1,2,3,1,0,0,1,EMP0910,0.0,0.0,2.0,1.0,Low,Medium,0,25.0,Low,0,Early-Career Explorer
23,0,Travel_Rarely,373,Research & Development,1,2,Life Sciences,4,Male,47,3,1,Research Scientist,3,Married,1223,16901,1,No,22,4,4,1,1,2,3,1,0,0,1,EMP0911,0.0,0.0,2.0,1.0,Low,Medium,0,30.0,Medium,0,Early-Career Explorer
25,1,Travel_Frequently,599,Sales,24,1,Life Sciences,3,Male,73,1,1,Sales Representative,4,Single,1118,8040,1,Yes,14,3,4,0,1,4,3,1,0,1,0,EMP0912,1.0,0.0,4.0,0.0,Low,Low,0,40.0,Medium,0,Early-Career Explorer
26,0,Travel_Rarely,583,Research & Development,4,2,Life Sciences,3,Male,53,3,1,Research Scientist,4,Single,2875,9973,1,Yes,20,4,2,0,8,2,2,8,5,2,2,EMP0913,0.25,0.625,0.25,0.25,Medium,Medium,0,42.5,Medium,1,Developing Professional
45,1,Travel_Rarely,1449,Sales,2,3,Marketing,1,Female,94,1,5,Manager,2,Single,18824,2493,2,Yes,16,3,1,0,26,2,3,24,10,1,11,EMP0914,0.0416666666666666,0.4166666666666667,0.0833333333333333,0.4583333333333333,High,Medium,0,41.04166666666666,Medium,2,Experienced Professional
55,0,Non-Travel,177,Research & Development,8,1,Medical,4,Male,37,2,4,Healthcare Representative,2,Divorced,13577,25592,1,Yes,15,3,4,1,34,3,3,33,9,15,0,EMP0915,0.4545454545454545,0.2727272727272727,0.0909090909090909,0.0,High,Low,1,36.36363636363636,Medium,2,Experienced Professional
21,1,Travel_Frequently,251,Research & Development,10,2,Life Sciences,1,Female,45,2,1,Laboratory Technician,3,Single,2625,25308,1,No,20,4,3,0,2,2,1,2,2,2,2,EMP0916,1.0,1.0,1.0,1.0,Low,Medium,0,100.0,High,1,Developing Professional
46,0,Travel_Rarely,168,Sales,4,2,Marketing,4,Female,33,2,5,Manager,2,Married,18789,9946,2,No,14,3,3,1,26,2,3,11,4,0,8,EMP0917,0.0,0.3636363636363636,0.1818181818181818,0.7272727272727273,Medium,Medium,0,41.81818181818182,Medium,2,Experienced Professional
34,0,Travel_Rarely,131,Sales,2,3,Marketing,3,Female,86,3,2,Sales Executive,1,Single,4538,6039,0,Yes,12,3,4,0,4,3,3,3,2,0,2,EMP0918,0.0,0.6666666666666666,1.0,0.6666666666666666,Low,Low,0,45.0,Medium,1,Developing Professional
51,0,Travel_Frequently,237,Sales,9,3,Life Sciences,4,Male,83,3,5,Manager,2,Divorced,19847,19196,4,Yes,24,4,1,1,31,5,2,29,10,11,10,EMP0919,0.3793103448275862,0.3448275862068966,0.1724137931034483,0.3448275862068966,High,Low,1,40.689655172413794,Medium,2,Experienced Professional
59,0,Travel_Rarely,1429,Research & Development,18,4,Medical,4,Male,67,3,3,Manufacturing Director,4,Single,10512,20002,6,No,12,3,4,0,25,6,2,9,7,5,4,EMP0920,0.5555555555555556,0.7777777777777778,0.6666666666666666,0.4444444444444444,High,Low,1,52.22222222222222,Medium,2,Experienced Professional
34,0,Travel_Frequently,135,Research & Development,19,3,Medical,3,Female,46,3,2,Laboratory Technician,2,Divorced,4444,22534,4,No,13,3,3,2,15,2,4,11,8,5,10,EMP0921,0.4545454545454545,0.7272727272727273,0.1818181818181818,0.9090909090909092,High,Medium,1,73.63636363636364,High,2,Experienced Professional
28,0,Travel_Frequently,791,Research & Development,1,4,Medical,4,Male,44,3,1,Laboratory Technician,3,Single,2154,6842,0,Yes,11,3,3,0,5,2,2,4,2,0,2,EMP0922,0.0,0.5,0.5,0.5,Low,Medium,0,37.5,Medium,1,Developing Professional
44,0,Travel_Rarely,1199,Research & Development,4,2,Life Sciences,3,Male,92,4,5,Manager,1,Divorced,19190,17477,1,No,14,3,4,2,26,4,2,25,9,14,13,EMP0923,0.56,0.36,0.16,0.52,High,Low,1,56.0,Medium,2,Experienced Professional
34,0,Travel_Frequently,648,Human Resources,11,3,Life Sciences,3,Male,56,2,2,Human Resources,2,Married,4490,21833,4,No,11,3,4,2,14,5,4,10,9,1,8,EMP0924,0.1,0.9,0.5,0.8,High,Low,0,53.0,Medium,1,Developing Professional
35,0,Travel_Rarely,735,Research & Development,6,1,Life Sciences,3,Male,66,3,1,Research Scientist,3,Married,3506,6020,0,Yes,14,3,4,0,4,3,3,3,2,2,2,EMP0925,0.6666666666666666,0.6666666666666666,1.0,0.6666666666666666,Low,Low,0,61.66666666666666,High,1,Developing Professional
42,0,Travel_Rarely,603,Research & Development,7,4,Medical,2,Female,78,4,2,Research Scientist,2,Married,2372,5628,6,Yes,16,3,4,0,18,2,3,1,0,0,0,EMP0926,0.0,0.0,2.0,0.0,Low,Medium,0,20.0,Low,0,Early-Career Explorer
43,0,Travel_Rarely,531,Sales,4,4,Marketing,4,Female,56,2,3,Sales Executive,4,Single,10231,20364,3,No,14,3,4,0,23,3,4,21,7,15,17,EMP0927,0.7142857142857143,0.3333333333333333,0.1428571428571428,0.8095238095238095,High,Low,1,50.71428571428571,Medium,2,Experienced Professional
36,0,Travel_Rarely,429,Research & Development,2,4,Life Sciences,3,Female,53,3,2,Manufacturing Director,2,Single,5410,2323,9,Yes,11,3,4,0,18,2,3,16,14,5,12,EMP0928,0.3125,0.875,0.125,0.75,High,Medium,1,70.0,High,2,Experienced Professional
44,1,Travel_Rarely,621,Research & Development,15,3,Medical,1,Female,73,3,3,Healthcare Representative,4,Married,7978,14075,1,No,11,3,4,1,10,2,3,10,7,0,5,EMP0929,0.0,0.7,0.2,0.5,High,Medium,0,38.5,Medium,1,Developing Professional
28,0,Travel_Frequently,193,Research & Development,2,3,Life Sciences,4,Male,52,2,1,Laboratory Technician,4,Married,3867,14222,1,Yes,12,3,2,1,2,2,3,2,2,2,2,EMP0930,1.0,1.0,1.0,1.0,Low,Medium,0,95.0,High,1,Developing Professional
51,0,Travel_Frequently,968,Research & Development,6,2,Medical,2,Female,40,2,1,Laboratory Technician,3,Single,2838,4257,0,No,14,3,2,0,8,6,2,7,0,7,7,EMP0931,1.0,0.0,0.8571428571428571,1.0,High,Low,0,60.0,High,1,Developing Professional
30,0,Non-Travel,879,Research & Development,9,2,Medical,3,Female,72,3,2,Manufacturing Director,3,Single,4695,12858,7,Yes,18,3,3,0,10,3,3,8,4,1,7,EMP0932,0.125,0.5,0.375,0.875,Medium,Low,0,38.125,Medium,1,Developing Professional
29,1,Travel_Rarely,806,Research & Development,7,3,Technical Degree,2,Female,39,3,1,Laboratory Technician,3,Divorced,3339,17285,3,Yes,13,3,1,2,10,2,3,7,7,7,7,EMP0933,1.0,1.0,0.2857142857142857,1.0,High,Medium,1,100.0,High,2,Experienced Professional
28,0,Travel_Rarely,640,Research & Development,1,3,Technical Degree,4,Male,84,3,1,Research Scientist,1,Single,2080,4732,2,No,11,3,2,0,5,2,2,3,2,1,2,EMP0934,0.3333333333333333,0.6666666666666666,0.6666666666666666,0.6666666666666666,Low,Medium,0,68.33333333333333,High,1,Developing Professional
25,0,Travel_Rarely,266,Research & Development,1,3,Medical,4,Female,40,3,1,Research Scientist,2,Single,2096,18830,1,No,18,3,4,0,2,3,2,2,2,2,1,EMP0935,1.0,1.0,1.5,0.5,Low,Low,0,87.5,High,1,Developing Professional
32,0,Travel_Rarely,604,Sales,8,3,Medical,3,Male,56,4,2,Sales Executive,4,Married,6209,11693,1,No,15,3,3,2,10,4,4,10,7,0,8,EMP0936,0.0,0.7,0.4,0.8,High,Low,0,33.0,Medium,1,Developing Professional
45,0,Travel_Frequently,364,Research & Development,25,3,Medical,2,Female,83,3,5,Manager,2,Single,18061,13035,3,No,22,4,3,0,22,4,3,0,0,0,0,EMP0937,0.0,0.0,4.0,0.0,Low,Low,0,10.0,Low,0,Early-Career Explorer
39,0,Travel_Rarely,412,Research & Development,13,4,Medical,3,Female,94,2,4,Manager,2,Divorced,17123,17334,6,Yes,13,3,4,2,21,4,3,19,9,15,2,EMP0938,0.7894736842105263,0.4736842105263157,0.2105263157894736,0.1052631578947368,High,Low,1,57.36842105263158,Medium,2,Experienced Professional
58,0,Travel_Rarely,848,Research & Development,23,4,Life Sciences,1,Male,88,3,1,Research Scientist,3,Divorced,2372,26076,1,No,12,3,4,2,2,3,3,2,2,2,2,EMP0939,1.0,1.0,1.5,1.0,Low,Low,0,90.0,High,1,Developing Professional
32,1,Travel_Rarely,1089,Research & Development,7,2,Life Sciences,4,Male,79,3,2,Laboratory Technician,3,Married,4883,22845,1,No,18,3,1,1,10,3,3,10,4,1,1,EMP0940,0.1,0.4,0.3,0.1,Medium,Low,0,22.5,Low,1,Developing Professional
39,1,Travel_Rarely,360,Research & Development,23,3,Medical,3,Male,93,3,1,Research Scientist,1,Single,3904,22154,0,No,13,3,1,0,6,2,3,5,2,0,3,EMP0941,0.0,0.4,0.4,0.6,Low,Medium,0,46.0,Medium,1,Developing Professional
30,0,Travel_Rarely,1138,Research & Development,6,3,Technical Degree,1,Female,48,2,2,Laboratory Technician,4,Married,4627,23631,0,No,12,3,1,1,10,6,3,9,2,6,7,EMP0942,0.6666666666666666,0.2222222222222222,0.6666666666666666,0.7777777777777778,High,Low,0,44.99999999999999,Medium,1,Developing Professional
36,0,Travel_Rarely,325,Research & Development,10,4,Technical Degree,4,Female,63,3,3,Healthcare Representative,3,Married,7094,5747,3,No,12,3,1,0,10,0,3,7,7,1,7,EMP0943,0.1428571428571428,1.0,0.0,1.0,High,High,0,85.71428571428572,High,1,Developing Professional
46,0,Travel_Rarely,991,Human Resources,1,2,Life Sciences,4,Female,44,3,1,Human Resources,1,Single,3423,22957,6,No,12,3,3,0,10,3,4,7,6,5,7,EMP0944,0.7142857142857143,0.8571428571428571,0.4285714285714285,1.0,High,Low,1,84.28571428571428,High,1,Developing Professional
28,0,Non-Travel,1476,Research & Development,1,3,Life Sciences,3,Female,55,1,2,Laboratory Technician,4,Married,6674,16392,0,No,11,3,1,3,10,6,3,9,8,7,5,EMP0945,0.7777777777777778,0.8888888888888888,0.6666666666666666,0.5555555555555556,High,Low,1,66.1111111111111,High,2,Experienced Professional
50,0,Travel_Rarely,1322,Research & Development,28,3,Life Sciences,4,Female,43,3,4,Research Director,1,Married,16880,22422,4,Yes,11,3,2,0,25,2,3,3,2,1,2,EMP0946,0.3333333333333333,0.6666666666666666,0.6666666666666666,0.6666666666666666,Low,Medium,0,68.33333333333333,High,1,Developing Professional
40,1,Travel_Rarely,299,Sales,25,4,Marketing,4,Male,57,2,3,Sales Executive,2,Single,9094,17235,2,Yes,12,3,3,0,9,2,3,5,4,1,0,EMP0947,0.2,0.8,0.4,0.0,Medium,Medium,0,52.0,Medium,1,Developing Professional
52,1,Travel_Rarely,1030,Sales,5,3,Life Sciences,2,Male,64,3,3,Sales Executive,2,Single,8446,21534,9,Yes,19,3,3,0,10,2,2,8,7,7,7,EMP0948,0.875,0.875,0.25,0.875,High,Medium,1,94.375,High,2,Experienced Professional
30,0,Travel_Rarely,634,Research & Development,17,4,Medical,2,Female,95,3,3,Manager,1,Married,11916,25927,1,Yes,23,4,4,2,9,2,3,9,1,0,8,EMP0949,0.0,0.1111111111111111,0.2222222222222222,0.8888888888888888,Low,Medium,0,41.66666666666666,Medium,1,Developing Professional
39,0,Travel_Rarely,524,Research & Development,18,2,Life Sciences,1,Male,32,3,2,Manufacturing Director,3,Single,4534,13352,0,No,11,3,1,0,9,6,3,8,7,1,7,EMP0950,0.125,0.875,0.75,0.875,High,Low,0,49.375,Medium,1,Developing Professional
31,0,Non-Travel,587,Sales,2,4,Life Sciences,4,Female,57,3,3,Sales Executive,3,Divorced,9852,8935,1,Yes,19,3,1,1,10,5,2,10,8,9,6,EMP0951,0.9,0.8,0.5,0.6,High,Low,1,74.0,High,2,Experienced Professional
41,0,Non-Travel,256,Sales,10,2,Medical,3,Male,40,1,2,Sales Executive,2,Single,6151,22074,1,No,13,3,1,0,19,4,3,19,2,11,9,EMP0952,0.5789473684210527,0.1052631578947368,0.2105263157894736,0.4736842105263157,High,Low,0,43.42105263157895,Medium,2,Experienced Professional
31,1,Travel_Frequently,1060,Sales,1,3,Life Sciences,4,Female,54,3,1,Sales Representative,2,Single,2302,8319,1,Yes,11,3,1,0,3,2,4,3,2,2,2,EMP0953,0.6666666666666666,0.6666666666666666,0.6666666666666666,0.6666666666666666,Low,Medium,0,76.66666666666666,High,1,Developing Professional
44,1,Travel_Rarely,935,Research & Development,3,3,Life Sciences,1,Male,89,3,1,Laboratory Technician,1,Married,2362,14669,4,No,12,3,3,0,10,4,4,3,2,1,2,EMP0954,0.3333333333333333,0.6666666666666666,1.3333333333333333,0.6666666666666666,Low,Low,0,58.33333333333333,Medium,1,Developing Professional
42,0,Non-Travel,495,Research & Development,2,1,Life Sciences,3,Male,37,3,4,Manager,3,Married,17861,26582,0,Yes,13,3,4,0,21,3,2,20,8,2,10,EMP0955,0.1,0.4,0.15,0.5,High,Low,0,28.5,Low,2,Experienced Professional
55,0,Travel_Rarely,282,Research & Development,2,2,Medical,4,Female,58,1,5,Manager,3,Married,19187,6992,4,No,14,3,4,1,23,5,3,19,9,9,11,EMP0956,0.4736842105263157,0.4736842105263157,0.2631578947368421,0.5789473684210527,High,Low,1,46.84210526315789,Medium,2,Experienced Professional
56,0,Travel_Rarely,206,Human Resources,8,4,Life Sciences,4,Male,99,3,5,Manager,2,Single,19717,4022,6,No,14,3,1,0,36,4,3,7,3,7,7,EMP0957,1.0,0.4285714285714285,0.5714285714285714,1.0,High,Low,1,77.85714285714286,High,2,Experienced Professional
40,0,Non-Travel,458,Research & Development,16,2,Life Sciences,3,Male,74,3,1,Research Scientist,3,Divorced,3544,8532,9,No,16,3,2,1,6,0,3,4,2,0,0,EMP0958,0.0,0.5,0.0,0.0,Low,Medium,0,50.0,Medium,1,Developing Professional
34,0,Travel_Rarely,943,Research & Development,9,3,Life Sciences,4,Male,86,3,3,Healthcare Representative,4,Divorced,8500,5494,0,No,11,3,4,1,10,0,2,9,7,1,6,EMP0959,0.1111111111111111,0.7777777777777778,0.0,0.6666666666666666,High,High,0,67.77777777777777,High,1,Developing Professional
40,0,Travel_Rarely,523,Research & Development,2,3,Life Sciences,3,Male,98,3,2,Research Scientist,4,Single,4661,22455,1,No,13,3,3,0,9,4,3,9,8,8,8,EMP0960,0.8888888888888888,0.8888888888888888,0.4444444444444444,0.8888888888888888,High,Low,1,75.55555555555556,High,2,Experienced Professional
41,0,Travel_Frequently,1018,Sales,1,3,Marketing,3,Female,66,3,2,Sales Executive,1,Divorced,4103,4297,0,No,17,3,4,1,10,2,3,9,3,1,7,EMP0961,0.1111111111111111,0.3333333333333333,0.2222222222222222,0.7777777777777778,Low,Medium,0,51.11111111111112,Medium,1,Developing Professional
35,0,Travel_Frequently,482,Research & Development,4,4,Life Sciences,3,Male,87,3,2,Research Scientist,3,Single,4249,2690,1,Yes,11,3,2,0,9,3,3,9,6,1,1,EMP0962,0.1111111111111111,0.6666666666666666,0.3333333333333333,0.1111111111111111,Medium,Low,0,31.11111111111111,Medium,1,Developing Professional
51,0,Travel_Rarely,770,Human Resources,5,3,Life Sciences,3,Male,84,3,4,Manager,2,Divorced,14026,17588,1,Yes,11,3,2,1,33,2,3,33,9,0,10,EMP0963,0.0,0.2727272727272727,0.0606060606060606,0.303030303030303,High,Medium,0,32.72727272727273,Medium,2,Experienced Professional
38,0,Travel_Rarely,1009,Sales,2,2,Life Sciences,2,Female,31,3,2,Sales Executive,1,Divorced,6893,19461,3,No,15,3,4,1,11,3,3,7,7,1,7,EMP0964,0.1428571428571428,1.0,0.4285714285714285,1.0,High,Low,0,65.71428571428572,High,1,Developing Professional
34,0,Travel_Rarely,507,Sales,15,2,Medical,3,Female,66,3,2,Sales Executive,1,Single,6125,23553,1,No,12,3,4,0,10,6,4,10,8,9,6,EMP0965,0.9,0.8,0.6,0.6,High,Low,1,84.0,High,2,Experienced Professional
25,0,Travel_Rarely,882,Research & Development,19,1,Medical,4,Male,67,3,1,Laboratory Technician,4,Married,3669,9075,3,No,11,3,3,3,7,6,2,3,2,1,2,EMP0966,0.3333333333333333,0.6666666666666666,2.0,0.6666666666666666,Low,Low,0,43.33333333333333,Medium,1,Developing Professional
58,1,Travel_Rarely,601,Research & Development,7,4,Medical,3,Female,53,2,3,Manufacturing Director,1,Married,10008,12023,7,Yes,14,3,4,0,31,0,2,10,9,5,9,EMP0967,0.5,0.9,0.0,0.9,High,High,1,100.0,High,2,Experienced Professional
40,0,Travel_Rarely,329,Research & Development,1,4,Life Sciences,2,Male,88,3,1,Laboratory Technician,2,Married,2387,6762,3,No,22,4,3,1,7,3,3,4,2,0,3,EMP0968,0.0,0.5,0.75,0.75,Low,Low,0,36.25,Medium,1,Developing Professional
36,0,Travel_Frequently,607,Sales,7,3,Marketing,1,Female,83,4,2,Sales Executive,1,Married,4639,2261,2,No,16,3,4,1,17,2,2,15,7,6,13,EMP0969,0.4,0.4666666666666667,0.1333333333333333,0.8666666666666667,High,Medium,1,68.0,High,2,Experienced Professional
48,0,Travel_Rarely,855,Research & Development,4,3,Life Sciences,4,Male,54,3,3,Manufacturing Director,4,Single,7898,18706,1,No,11,3,3,0,11,2,3,10,9,0,8,EMP0970,0.0,0.9,0.2,0.8,High,Medium,0,49.0,Medium,1,Developing Professional
27,0,Travel_Rarely,1291,Sales,11,3,Medical,3,Female,98,4,1,Sales Representative,4,Married,2534,6527,8,No,14,3,2,1,5,4,3,1,0,0,0,EMP0971,0.0,0.0,4.0,0.0,Low,Low,0,0.0,Low,0,Early-Career Explorer
51,0,Travel_Rarely,1405,Research & Development,11,2,Technical Degree,4,Female,82,2,4,Manufacturing Director,2,Single,13142,24439,3,No,16,3,2,0,29,1,2,5,2,0,3,EMP0972,0.0,0.4,0.2,0.6,Low,Medium,0,51.0,Medium,1,Developing Professional
18,0,Non-Travel,1124,Research & Development,1,3,Life Sciences,4,Female,97,3,1,Laboratory Technician,4,Single,1611,19305,1,No,15,3,3,0,0,5,4,0,0,0,0,EMP0973,0.0,0.0,5.0,0.0,Low,Low,0,0.0,Low,0,Early-Career Explorer
35,0,Travel_Rarely,817,Research & Development,1,3,Medical,4,Female,60,2,2,Laboratory Technician,4,Married,5363,10846,0,No,12,3,2,1,10,0,3,9,7,0,0,EMP0974,0.0,0.7777777777777778,0.0,0.0,High,High,0,53.33333333333333,Medium,1,Developing Professional
27,0,Travel_Frequently,793,Sales,2,1,Life Sciences,4,Male,43,1,2,Sales Executive,4,Single,5071,20392,3,No,20,4,2,0,8,3,3,6,2,0,0,EMP0975,0.0,0.3333333333333333,0.5,0.0,Low,Low,0,10.0,Low,0,Early-Career Explorer
55,1,Travel_Rarely,267,Sales,13,4,Marketing,1,Male,85,4,4,Sales Executive,3,Single,13695,9277,6,Yes,17,3,3,0,24,2,2,19,7,3,8,EMP0976,0.1578947368421052,0.3684210526315789,0.1052631578947368,0.4210526315789473,High,Medium,1,38.68421052631579,Medium,2,Experienced Professional
56,0,Travel_Rarely,1369,Research & Development,23,3,Life Sciences,4,Male,68,3,4,Manufacturing Director,2,Married,13402,18235,4,Yes,12,3,1,1,33,0,3,19,16,15,9,EMP0977,0.7894736842105263,0.8421052631578947,0.0,0.4736842105263157,High,High,1,100.0,High,2,Experienced Professional
34,0,Non-Travel,999,Research & Development,26,1,Technical Degree,1,Female,92,2,1,Research Scientist,3,Divorced,2029,15891,1,No,20,4,3,3,5,2,3,5,4,0,0,EMP0978,0.0,0.8,0.4,0.0,Medium,Medium,0,39.0,Medium,1,Developing Professional
40,0,Travel_Rarely,1202,Research & Development,2,1,Medical,2,Female,89,4,2,Healthcare Representative,3,Divorced,6377,13888,5,No,20,4,2,3,15,0,3,12,11,11,8,EMP0979,0.9166666666666666,0.9166666666666666,0.0,0.6666666666666666,High,High,1,100.0,High,2,Experienced Professional
34,0,Travel_Rarely,285,Research & Development,29,3,Medical,2,Male,86,3,2,Laboratory Technician,3,Married,5429,17491,4,No,13,3,1,2,10,1,3,8,7,7,7,EMP0980,0.875,0.875,0.125,0.875,High,High,1,99.375,High,2,Experienced Professional
31,1,Travel_Frequently,703,Sales,2,3,Life Sciences,3,Female,90,2,1,Sales Representative,4,Single,2785,11882,7,No,14,3,3,0,3,3,4,1,0,0,0,EMP0981,0.0,0.0,3.0,0.0,Low,Low,0,0.0,Low,0,Early-Career Explorer
35,1,Travel_Frequently,662,Sales,18,4,Marketing,4,Female,67,3,2,Sales Executive,3,Married,4614,23288,0,Yes,18,3,3,1,5,0,2,4,2,3,2,EMP0982,0.75,0.5,0.0,0.5,Medium,Medium,0,87.5,High,1,Developing Professional
38,0,Travel_Frequently,693,Research & Development,7,3,Life Sciences,4,Male,57,4,1,Research Scientist,3,Divorced,2610,15748,1,No,11,3,4,3,4,2,3,4,2,0,3,EMP0983,0.0,0.5,0.5,0.75,Low,Medium,0,41.25,Medium,1,Developing Professional
34,0,Travel_Rarely,404,Research & Development,2,4,Technical Degree,3,Female,98,3,2,Healthcare Representative,4,Single,6687,6163,1,No,11,3,4,0,14,2,4,14,11,4,11,EMP0984,0.2857142857142857,0.7857142857142857,0.1428571428571428,0.7857142857142857,High,Medium,1,56.785714285714285,Medium,2,Experienced Professional
28,0,Travel_Rarely,736,Sales,26,3,Life Sciences,3,Male,48,2,2,Sales Executive,1,Married,4724,24232,1,No,11,3,3,1,5,0,3,5,3,0,4,EMP0985,0.0,0.6,0.0,0.8,Low,High,0,75.0,High,1,Developing Professional
31,1,Travel_Rarely,330,Research & Development,22,4,Medical,4,Male,98,3,2,Manufacturing Director,3,Married,6179,21057,1,Yes,15,3,4,2,10,3,2,10,2,6,7,EMP0986,0.6,0.2,0.3,0.7,High,Low,0,45.5,Medium,1,Developing Professional
39,0,Travel_Rarely,1498,Sales,21,4,Life Sciences,1,Male,44,2,2,Sales Executive,4,Married,6120,3567,3,Yes,12,3,4,2,8,2,4,5,4,1,4,EMP0987,0.2,0.8,0.4,0.8,Medium,Medium,0,54.0,Medium,1,Developing Professional
51,0,Travel_Frequently,541,Sales,2,3,Marketing,2,Male,52,3,3,Sales Executive,2,Married,10596,15395,2,No,11,3,2,0,14,5,3,4,2,3,2,EMP0988,0.75,0.5,1.25,0.5,Medium,Low,0,62.5,High,1,Developing Professional
41,0,Travel_Frequently,1200,Research & Development,22,3,Life Sciences,4,Female,75,3,2,Research Scientist,4,Divorced,5467,13953,3,Yes,14,3,1,2,12,4,2,6,2,3,3,EMP0989,0.5,0.3333333333333333,0.6666666666666666,0.5,Medium,Low,0,37.5,Medium,1,Developing Professional
37,0,Travel_Rarely,1439,Research & Development,4,1,Life Sciences,3,Male,54,3,1,Research Scientist,3,Married,2996,5182,7,Yes,15,3,4,0,8,2,3,6,4,1,3,EMP0990,0.1666666666666666,0.6666666666666666,0.3333333333333333,0.5,Medium,Medium,0,49.16666666666666,Medium,1,Developing Professional
33,0,Travel_Frequently,1111,Sales,5,1,Life Sciences,2,Male,61,3,2,Sales Executive,4,Married,9998,19293,6,No,13,3,1,0,8,2,4,5,4,1,2,EMP0991,0.2,0.8,0.4,0.4,Medium,Medium,0,48.0,Medium,1,Developing Professional
32,0,Travel_Rarely,499,Sales,2,1,Marketing,3,Male,36,3,2,Sales Executive,2,Married,4078,20497,0,Yes,13,3,1,3,4,3,2,3,2,1,2,EMP0992,0.3333333333333333,0.6666666666666666,1.0,0.6666666666666666,Low,Low,0,53.33333333333333,Medium,1,Developing Professional
39,0,Non-Travel,1485,Research & Development,25,2,Life Sciences,3,Male,71,3,3,Healthcare Representative,3,Married,10920,3449,3,No,21,4,2,1,13,2,3,6,4,0,5,EMP0993,0.0,0.6666666666666666,0.3333333333333333,0.8333333333333334,Medium,Medium,0,47.5,Medium,1,Developing Professional
25,0,Travel_Rarely,1372,Sales,18,1,Life Sciences,1,Male,93,4,2,Sales Executive,3,Married,6232,12477,2,No,11,3,2,0,6,3,2,3,2,1,2,EMP0994,0.3333333333333333,0.6666666666666666,1.0,0.6666666666666666,Low,Low,0,48.33333333333333,Medium,1,Developing Professional
52,0,Travel_Frequently,322,Research & Development,28,2,Medical,4,Female,59,4,4,Manufacturing Director,3,Married,13247,9731,2,Yes,11,3,2,1,24,3,2,5,3,0,2,EMP0995,0.0,0.6,0.6,0.4,Low,Low,0,29.0,Low,1,Developing Professional
43,0,Travel_Rarely,930,Research & Development,6,3,Medical,1,Female,73,2,2,Research Scientist,3,Single,4081,20003,1,Yes,14,3,1,0,20,3,1,20,7,1,8,EMP0996,0.05,0.35,0.15,0.4,High,Low,0,23.5,Low,2,Experienced Professional
27,0,Travel_Rarely,205,Sales,10,3,Marketing,4,Female,98,2,2,Sales Executive,4,Married,5769,7100,1,Yes,11,3,4,0,6,3,3,6,2,4,4,EMP0997,0.6666666666666666,0.3333333333333333,0.5,0.6666666666666666,Medium,Low,0,46.66666666666666,Medium,1,Developing Professional
27,1,Travel_Rarely,135,Research & Development,17,4,Life Sciences,4,Female,51,3,1,Research Scientist,3,Single,2394,25681,1,Yes,13,3,4,0,8,2,3,8,2,7,7,EMP0998,0.875,0.25,0.25,0.875,High,Medium,0,70.625,High,1,Developing Professional
26,0,Travel_Rarely,683,Research & Development,2,1,Medical,1,Male,36,2,1,Research Scientist,4,Single,3904,4050,0,No,12,3,4,0,5,2,3,4,3,1,1,EMP0999,0.25,0.75,0.5,0.25,Low,Medium,0,46.25,Medium,1,Developing Professional
42,0,Travel_Rarely,1147,Human Resources,10,3,Human Resources,3,Female,31,3,4,Manager,1,Married,16799,16616,0,No,14,3,3,1,21,5,3,20,7,0,9,EMP1000,0.0,0.35,0.25,0.45,High,Low,0,32.25,Medium,2,Experienced Professional
52,0,Travel_Rarely,258,Research & Development,8,4,Other,3,Female,54,3,1,Laboratory Technician,1,Married,2950,17363,9,No,13,3,3,0,12,2,1,5,4,0,4,EMP1001,0.0,0.8,0.4,0.8,Medium,Medium,0,61.0,High,1,Developing Professional
37,0,Travel_Rarely,1462,Research & Development,11,3,Medical,1,Female,94,3,1,Laboratory Technician,3,Single,3629,19106,4,No,18,3,1,0,8,6,3,3,2,0,2,EMP1002,0.0,0.6666666666666666,2.0,0.6666666666666666,Low,Low,0,35.0,Medium,1,Developing Professional
35,0,Travel_Frequently,200,Research & Development,18,2,Life Sciences,3,Male,60,3,3,Manufacturing Director,4,Single,9362,19944,2,No,11,3,3,0,10,2,3,2,2,2,2,EMP1003,1.0,1.0,1.0,1.0,Low,Medium,0,95.0,High,1,Developing Professional
25,0,Travel_Rarely,949,Research & Development,1,3,Technical Degree,1,Male,81,3,1,Laboratory Technician,4,Married,3229,4910,4,No,11,3,2,1,7,2,2,3,2,0,2,EMP1004,0.0,0.6666666666666666,0.6666666666666666,0.6666666666666666,Low,Medium,0,40.0,Medium,1,Developing Professional
26,0,Travel_Rarely,652,Research & Development,7,3,Other,3,Male,100,4,1,Laboratory Technician,1,Single,3578,23577,0,No,12,3,4,0,8,2,3,7,7,0,7,EMP1005,0.0,1.0,0.2857142857142857,1.0,High,Medium,0,70.0,High,1,Developing Professional
29,0,Travel_Rarely,332,Human Resources,17,3,Other,2,Male,51,2,3,Human Resources,1,Single,7988,9769,1,No,13,3,1,0,10,3,2,10,9,0,9,EMP1006,0.0,0.9,0.3,0.9,High,Low,0,55.5,Medium,1,Developing Professional
49,1,Travel_Frequently,1475,Research & Development,28,2,Life Sciences,1,Male,97,2,2,Laboratory Technician,1,Single,4284,22710,3,No,20,4,1,0,20,2,3,4,3,1,3,EMP1007,0.25,0.75,0.5,0.75,Low,Medium,0,68.75,High,1,Developing Professional
29,1,Travel_Frequently,337,Research & Development,14,1,Other,3,Female,84,3,3,Healthcare Representative,4,Single,7553,22930,0,Yes,12,3,1,0,9,1,3,8,7,7,7,EMP1008,0.875,0.875,0.125,0.875,High,High,1,94.375,High,2,Experienced Professional
54,0,Travel_Rarely,971,Research & Development,1,3,Medical,4,Female,54,3,4,Research Director,4,Single,17328,5652,6,No,19,3,4,0,29,3,2,20,7,12,7,EMP1009,0.6,0.35,0.15,0.35,High,Low,1,39.75,Medium,2,Experienced Professional
58,0,Travel_Rarely,1055,Research & Development,1,3,Medical,4,Female,76,3,5,Research Director,1,Married,19701,22456,3,Yes,21,4,3,1,32,3,3,9,8,1,5,EMP1010,0.1111111111111111,0.8888888888888888,0.3333333333333333,0.5555555555555556,High,Low,0,54.44444444444444,Medium,2,Experienced Professional
55,0,Travel_Rarely,1136,Research & Development,1,4,Medical,2,Male,81,4,4,Research Director,4,Divorced,14732,12414,2,No,13,3,4,2,31,4,4,7,7,0,0,EMP1011,0.0,1.0,0.5714285714285714,0.0,High,Low,0,30.0,Medium,1,Developing Professional
36,0,Travel_Rarely,1174,Sales,3,4,Marketing,1,Female,99,3,2,Sales Executive,2,Single,9278,20763,3,Yes,16,3,4,0,15,3,3,5,4,0,1,EMP1012,0.0,0.8,0.6,0.2,Medium,Low,0,37.0,Medium,1,Developing Professional
31,1,Travel_Frequently,667,Sales,1,4,Life Sciences,2,Female,50,1,1,Sales Representative,3,Single,1359,16154,1,No,12,3,2,0,1,3,3,1,0,0,0,EMP1013,0.0,0.0,3.0,0.0,Low,Low,0,5.0,Low,0,Early-Career Explorer
30,0,Travel_Rarely,855,Sales,7,4,Marketing,4,Female,73,3,2,Sales Executive,1,Divorced,4779,12761,7,No,14,3,2,2,8,3,3,3,2,0,2,EMP1014,0.0,0.6666666666666666,1.0,0.6666666666666666,Low,Low,0,45.0,Medium,1,Developing Professional
31,0,Travel_Rarely,182,Research & Development,8,5,Life Sciences,1,Female,93,3,4,Research Director,2,Single,16422,8847,3,No,11,3,3,0,9,3,4,3,2,1,0,EMP1015,0.3333333333333333,0.6666666666666666,1.0,0.0,Low,Low,0,43.33333333333333,Medium,1,Developing Professional
34,0,Travel_Frequently,560,Research & Development,1,4,Other,4,Male,91,3,1,Research Scientist,1,Divorced,2996,20284,5,No,14,3,3,2,10,2,3,4,3,1,3,EMP1016,0.25,0.75,0.5,0.75,Low,Medium,0,68.75,High,1,Developing Professional
31,1,Travel_Rarely,202,Research & Development,8,3,Life Sciences,1,Female,34,2,1,Research Scientist,2,Single,1261,22262,1,No,12,3,3,0,1,3,4,1,0,0,0,EMP1017,0.0,0.0,3.0,0.0,Low,Low,0,10.0,Low,0,Early-Career Explorer
27,0,Travel_Rarely,1377,Research & Development,11,1,Life Sciences,2,Male,91,3,1,Laboratory Technician,1,Married,2099,7679,0,No,14,3,2,0,6,3,4,5,0,1,4,EMP1018,0.2,0.0,0.6,0.8,Low,Low,0,35.0,Medium,1,Developing Professional
36,0,Travel_Rarely,172,Research & Development,4,4,Life Sciences,1,Male,37,2,2,Laboratory Technician,4,Single,5810,22604,1,No,16,3,3,0,10,2,2,10,4,1,8,EMP1019,0.1,0.4,0.2,0.8,Medium,Medium,0,38.0,Medium,1,Developing Professional
36,0,Travel_Rarely,329,Sales,16,4,Marketing,3,Female,98,2,2,Sales Executive,1,Married,5647,13494,4,No,13,3,1,2,11,3,2,3,2,0,2,EMP1020,0.0,0.6666666666666666,1.0,0.6666666666666666,Low,Low,0,45.0,Medium,1,Developing Professional
47,0,Travel_Rarely,465,Research & Development,1,3,Technical Degree,1,Male,74,3,1,Research Scientist,4,Married,3420,10205,7,No,12,3,3,1,17,2,2,6,5,1,2,EMP1021,0.1666666666666666,0.8333333333333334,0.3333333333333333,0.3333333333333333,Medium,Medium,0,46.66666666666666,Medium,1,Developing Professional
25,1,Travel_Rarely,383,Sales,9,2,Life Sciences,1,Male,68,2,1,Sales Representative,1,Married,4400,15182,3,No,12,3,1,0,6,2,3,3,2,2,2,EMP1022,0.6666666666666666,0.6666666666666666,0.6666666666666666,0.6666666666666666,Low,Medium,0,81.66666666666666,High,1,Developing Professional
37,0,Non-Travel,1413,Research & Development,5,2,Technical Degree,3,Male,84,4,1,Laboratory Technician,3,Single,3500,25470,0,No,14,3,1,0,7,2,1,6,5,1,3,EMP1023,0.1666666666666666,0.8333333333333334,0.3333333333333333,0.5,Medium,Medium,0,54.16666666666666,Medium,1,Developing Professional
56,0,Travel_Rarely,1255,Research & Development,1,2,Life Sciences,1,Female,90,3,1,Research Scientist,1,Married,2066,10494,2,No,22,4,4,1,5,3,4,3,2,1,0,EMP1024,0.3333333333333333,0.6666666666666666,1.0,0.0,Low,Low,0,48.33333333333333,Medium,1,Developing Professional
47,0,Travel_Rarely,359,Research & Development,2,4,Medical,1,Female,82,3,4,Research Director,3,Married,17169,26703,3,No,19,3,2,2,26,2,4,20,17,5,6,EMP1025,0.25,0.85,0.1,0.3,High,Medium,1,55.0,Medium,2,Experienced Professional
24,0,Travel_Rarely,1476,Sales,4,1,Medical,4,Female,42,3,2,Sales Executive,3,Married,4162,15211,1,Yes,12,3,3,2,5,3,3,5,4,0,3,EMP1026,0.0,0.8,0.6,0.6,Medium,Low,0,38.0,Medium,1,Developing Professional
32,0,Travel_Rarely,601,Sales,7,5,Marketing,4,Male,97,3,2,Sales Executive,4,Married,9204,23343,4,No,12,3,3,1,7,3,2,4,3,0,3,EMP1027,0.0,0.75,0.75,0.75,Low,Low,0,33.75,Medium,1,Developing Professional
34,0,Travel_Rarely,401,Research & Development,1,3,Life Sciences,4,Female,86,2,1,Laboratory Technician,2,Married,3294,3708,5,No,17,3,1,1,7,2,2,5,4,0,2,EMP1028,0.0,0.8,0.4,0.4,Medium,Medium,0,50.0,Medium,1,Developing Professional
41,0,Travel_Rarely,1283,Research & Development,5,5,Medical,2,Male,90,4,1,Research Scientist,3,Married,2127,5561,2,Yes,12,3,1,0,7,5,2,4,2,0,3,EMP1029,0.0,0.5,1.25,0.75,Low,Low,0,31.25,Medium,1,Developing Professional
40,0,Non-Travel,663,Research & Development,9,4,Other,3,Male,81,3,2,Laboratory Technician,3,Divorced,3975,23099,3,No,11,3,3,2,11,2,4,8,7,0,7,EMP1030,0.0,0.875,0.25,0.875,High,Medium,0,54.375,Medium,1,Developing Professional
31,0,Travel_Rarely,326,Sales,8,2,Life Sciences,1,Male,31,3,3,Sales Executive,4,Divorced,10793,8386,1,No,18,3,1,1,13,5,3,13,7,9,9,EMP1031,0.6923076923076923,0.5384615384615384,0.3846153846153846,0.6923076923076923,High,Low,1,54.23076923076923,Medium,2,Experienced Professional
46,1,Travel_Rarely,377,Sales,9,3,Marketing,1,Male,52,3,3,Sales Executive,4,Divorced,10096,15986,4,No,11,3,1,1,28,1,4,7,7,4,3,EMP1032,0.5714285714285714,1.0,0.1428571428571428,0.4285714285714285,High,High,1,79.28571428571428,High,2,Experienced Professional
39,1,Non-Travel,592,Research & Development,2,3,Life Sciences,1,Female,54,2,1,Laboratory Technician,1,Single,3646,17181,2,Yes,23,4,2,0,11,2,4,1,0,0,0,EMP1033,0.0,0.0,2.0,0.0,Low,Medium,0,25.0,Low,0,Early-Career Explorer
31,1,Travel_Frequently,1445,Research & Development,1,5,Life Sciences,3,Female,100,4,3,Manufacturing Director,2,Single,7446,8931,1,No,11,3,1,0,10,2,3,10,8,4,7,EMP1034,0.4,0.8,0.2,0.7,High,Medium,1,70.5,High,2,Experienced Professional
45,0,Travel_Rarely,1038,Research & Development,20,3,Medical,2,Male,95,1,3,Healthcare Representative,1,Divorced,10851,19863,2,Yes,18,3,2,1,24,2,3,7,7,0,7,EMP1035,0.0,1.0,0.2857142857142857,1.0,High,Medium,0,70.0,High,1,Developing Professional
31,0,Travel_Rarely,1398,Human Resources,8,2,Medical,4,Female,96,4,1,Human Resources,2,Single,2109,24609,9,No,18,3,4,0,8,3,3,3,2,0,2,EMP1036,0.0,0.6666666666666666,1.0,0.6666666666666666,Low,Low,0,40.0,Medium,1,Developing Professional
31,1,Travel_Frequently,523,Research & Development,2,3,Life Sciences,2,Male,94,3,1,Laboratory Technician,4,Married,3722,21081,6,Yes,13,3,3,1,7,2,1,2,2,2,2,EMP1037,1.0,1.0,1.0,1.0,Low,Medium,0,95.0,High,1,Developing Professional
45,0,Travel_Rarely,1448,Research & Development,29,3,Technical Degree,2,Male,55,3,3,Manufacturing Director,4,Married,9380,14720,4,Yes,18,3,4,2,10,4,4,3,1,1,2,EMP1038,0.3333333333333333,0.3333333333333333,1.3333333333333333,0.6666666666666666,Low,Low,0,33.33333333333333,Medium,1,Developing Professional
48,0,Travel_Rarely,1221,Sales,7,3,Marketing,3,Male,96,3,2,Sales Executive,1,Divorced,5486,24795,4,No,11,3,1,3,15,3,3,2,2,2,2,EMP1039,1.0,1.0,1.5,1.0,Low,Low,0,100.0,High,1,Developing Professional
34,1,Travel_Rarely,1107,Human Resources,9,4,Technical Degree,1,Female,52,3,1,Human Resources,3,Married,2742,3072,1,No,15,3,4,0,2,0,3,2,2,2,2,EMP1040,1.0,1.0,0.0,1.0,Low,Medium,0,100.0,High,1,Developing Professional
40,0,Non-Travel,218,Research & Development,8,1,Medical,4,Male,55,2,3,Research Director,2,Divorced,13757,25178,2,No,11,3,3,1,16,5,3,9,8,4,8,EMP1041,0.4444444444444444,0.8888888888888888,0.5555555555555556,0.8888888888888888,High,Low,1,67.77777777777777,High,2,Experienced Professional
28,0,Travel_Rarely,866,Sales,5,3,Medical,4,Male,84,3,2,Sales Executive,1,Single,8463,23490,0,No,18,3,4,0,6,4,3,5,4,1,3,EMP1042,0.2,0.8,0.8,0.6,Medium,Low,0,56.0,Medium,1,Developing Professional
44,0,Non-Travel,981,Research & Development,5,3,Life Sciences,3,Male,90,2,1,Laboratory Technician,3,Single,3162,7973,3,No,14,3,4,0,7,5,3,5,2,0,3,EMP1043,0.0,0.4,1.0,0.6,Low,Low,0,26.0,Low,1,Developing Professional
53,0,Travel_Rarely,447,Research & Development,2,3,Medical,4,Male,39,4,4,Research Director,2,Single,16598,19764,4,No,12,3,2,0,35,2,2,9,8,8,8,EMP1044,0.8888888888888888,0.8888888888888888,0.2222222222222222,0.8888888888888888,High,Medium,1,95.55555555555556,High,2,Experienced Professional
49,0,Travel_Rarely,1495,Research & Development,5,4,Technical Degree,1,Male,96,3,2,Healthcare Representative,3,Married,6651,21534,2,No,14,3,2,1,20,0,2,3,2,1,2,EMP1045,0.3333333333333333,0.6666666666666666,0.0,0.6666666666666666,Low,Medium,0,78.33333333333333,High,1,Developing Professional
40,0,Travel_Rarely,896,Research & Development,2,3,Medical,3,Male,68,3,1,Research Scientist,3,Divorced,2345,8045,2,No,14,3,3,1,8,3,4,3,1,1,2,EMP1046,0.3333333333333333,0.3333333333333333,1.0,0.6666666666666666,Low,Low,0,38.33333333333333,Medium,1,Developing Professional
44,0,Travel_Rarely,1467,Research & Development,20,3,Life Sciences,4,Male,49,3,1,Research Scientist,2,Single,3420,21158,1,No,13,3,3,0,6,3,2,5,2,1,3,EMP1047,0.2,0.4,0.6,0.6,Low,Low,0,39.0,Medium,1,Developing Professional
33,0,Travel_Frequently,430,Sales,7,3,Medical,4,Male,54,3,2,Sales Executive,1,Married,4373,17456,0,No,14,3,1,2,5,2,3,4,3,0,3,EMP1048,0.0,0.75,0.5,0.75,Low,Medium,0,58.75,Medium,1,Developing Professional
34,0,Travel_Rarely,1326,Sales,3,3,Other,4,Male,81,1,2,Sales Executive,1,Single,4759,15891,3,No,18,3,4,0,15,2,3,13,9,3,12,EMP1049,0.2307692307692307,0.6923076923076923,0.1538461538461538,0.9230769230769232,High,Medium,1,68.84615384615384,High,2,Experienced Professional
30,0,Travel_Rarely,1358,Sales,16,1,Life Sciences,4,Male,96,3,2,Sales Executive,3,Married,5301,2939,8,No,15,3,3,2,4,2,2,2,1,2,2,EMP1050,1.0,0.5,1.0,1.0,Low,Medium,0,85.0,High,1,Developing Professional
42,0,Travel_Frequently,748,Research & Development,9,2,Medical,1,Female,74,3,1,Laboratory Technician,4,Single,3673,16458,1,No,13,3,3,0,12,3,3,12,9,5,8,EMP1051,0.4166666666666667,0.75,0.25,0.6666666666666666,High,Low,1,49.16666666666667,Medium,2,Experienced Professional
44,0,Travel_Frequently,383,Sales,1,5,Marketing,1,Female,79,3,2,Sales Executive,3,Married,4768,9282,7,No,12,3,3,1,11,4,2,1,0,0,0,EMP1052,0.0,0.0,4.0,0.0,Low,Low,0,5.0,Low,0,Early-Career Explorer
30,0,Non-Travel,990,Research & Development,7,3,Technical Degree,3,Male,64,3,1,Research Scientist,3,Divorced,1274,7152,1,No,13,3,2,2,1,2,2,1,0,0,0,EMP1053,0.0,0.0,2.0,0.0,Low,Medium,0,15.0,Low,0,Early-Career Explorer
57,0,Travel_Rarely,405,Research & Development,1,2,Life Sciences,2,Male,93,4,2,Research Scientist,3,Married,4900,2721,0,No,24,4,1,1,13,2,2,12,9,2,8,EMP1054,0.1666666666666666,0.75,0.1666666666666666,0.6666666666666666,High,Medium,0,54.16666666666666,Medium,2,Experienced Professional
49,0,Travel_Rarely,1490,Research & Development,7,4,Life Sciences,3,Male,35,3,3,Healthcare Representative,2,Divorced,10466,20948,3,No,14,3,2,2,29,3,3,8,7,0,7,EMP1055,0.0,0.875,0.375,0.875,High,Low,0,49.375,Medium,2,Experienced Professional
34,0,Travel_Frequently,829,Research & Development,15,3,Medical,2,Male,71,3,4,Research Director,1,Divorced,17007,11929,7,No,14,3,4,2,16,3,2,14,8,6,9,EMP1056,0.4285714285714285,0.5714285714285714,0.2142857142857142,0.6428571428571429,High,Low,1,58.92857142857143,Medium,2,Experienced Professional
28,1,Travel_Frequently,1496,Sales,1,3,Technical Degree,1,Male,92,3,1,Sales Representative,3,Married,2909,15747,3,No,15,3,4,1,5,3,4,3,2,1,2,EMP1057,0.3333333333333333,0.6666666666666666,1.0,0.6666666666666666,Low,Low,0,48.33333333333333,Medium,1,Developing Professional
29,1,Travel_Frequently,115,Sales,13,3,Technical Degree,1,Female,51,3,2,Sales Executive,2,Single,5765,17485,5,No,11,3,1,0,7,4,1,5,3,0,0,EMP1058,0.0,0.6,0.8,0.0,Low,Low,0,28.0,Low,1,Developing Professional
34,1,Travel_Rarely,790,Sales,24,4,Medical,1,Female,40,2,2,Sales Executive,2,Single,4599,7815,0,Yes,23,4,3,0,16,2,4,15,9,10,10,EMP1059,0.6666666666666666,0.6,0.1333333333333333,0.6666666666666666,High,Medium,1,74.66666666666666,High,2,Experienced Professional
35,0,Travel_Rarely,660,Sales,7,1,Life Sciences,4,Male,76,3,1,Sales Representative,3,Married,2404,16192,1,No,13,3,1,1,1,3,3,1,0,0,0,EMP1060,0.0,0.0,3.0,0.0,Low,Low,0,5.0,Low,0,Early-Career Explorer
24,1,Travel_Frequently,381,Research & Development,9,3,Medical,2,Male,89,3,1,Laboratory Technician,1,Single,3172,16998,2,Yes,11,3,3,0,4,2,2,0,0,0,0,EMP1061,0.0,0.0,2.0,0.0,Low,Medium,0,25.0,Low,0,Early-Career Explorer
24,0,Non-Travel,830,Sales,13,2,Life Sciences,4,Female,78,3,1,Sales Representative,2,Married,2033,7103,1,No,13,3,3,1,1,2,3,1,0,0,0,EMP1062,0.0,0.0,2.0,0.0,Low,Medium,0,20.0,Low,0,Early-Career Explorer
44,0,Travel_Frequently,1193,Research & Development,2,1,Medical,2,Male,86,3,3,Manufacturing Director,3,Single,10209,19719,5,Yes,18,3,2,0,16,2,2,2,2,2,2,EMP1063,1.0,1.0,1.0,1.0,Low,Medium,0,100.0,High,1,Developing Professional
29,0,Travel_Rarely,1246,Sales,19,3,Life Sciences,3,Male,77,2,2,Sales Executive,3,Divorced,8620,23757,1,No,14,3,3,2,10,3,3,10,7,0,4,EMP1064,0.0,0.7,0.3,0.4,High,Low,0,32.0,Medium,1,Developing Professional
30,0,Travel_Rarely,330,Human Resources,1,3,Life Sciences,3,Male,46,3,1,Human Resources,3,Divorced,2064,15428,0,No,21,4,1,1,6,3,4,5,3,1,3,EMP1065,0.2,0.6,0.6,0.6,Low,Low,0,40.0,Medium,1,Developing Professional
55,0,Travel_Rarely,1229,Research & Development,4,4,Life Sciences,4,Male,30,3,2,Healthcare Representative,3,Married,4035,16143,0,Yes,16,3,2,0,4,2,3,3,2,1,2,EMP1066,0.3333333333333333,0.6666666666666666,0.6666666666666666,0.6666666666666666,Low,Medium,0,58.33333333333333,Medium,1,Developing Professional
33,0,Travel_Rarely,1099,Research & Development,4,4,Medical,1,Female,82,2,1,Laboratory Technician,2,Married,3838,8192,8,No,11,3,4,0,8,5,3,5,4,0,2,EMP1067,0.0,0.8,1.0,0.4,Medium,Low,0,40.0,Medium,1,Developing Professional
47,0,Travel_Rarely,571,Sales,14,3,Medical,3,Female,78,3,2,Sales Executive,3,Married,4591,24200,3,Yes,17,3,3,1,11,4,2,5,4,1,2,EMP1068,0.2,0.8,0.8,0.4,Medium,Low,0,43.0,Medium,1,Developing Professional
28,1,Travel_Frequently,289,Research & Development,2,2,Medical,3,Male,38,2,1,Laboratory Technician,1,Single,2561,5355,7,No,11,3,3,0,8,2,2,0,0,0,0,EMP1069,0.0,0.0,2.0,0.0,Low,Medium,0,25.0,Low,0,Early-Career Explorer
28,0,Travel_Rarely,1423,Research & Development,1,3,Life Sciences,1,Male,72,2,1,Research Scientist,3,Divorced,1563,12530,1,No,14,3,4,1,1,2,1,1,0,0,0,EMP1070,0.0,0.0,2.0,0.0,Low,Medium,0,15.0,Low,0,Early-Career Explorer
28,0,Travel_Frequently,467,Sales,7,3,Life Sciences,3,Male,55,3,2,Sales Executive,1,Single,4898,11827,0,No,14,3,4,0,5,5,3,4,2,1,3,EMP1071,0.25,0.5,1.25,0.75,Low,Low,0,51.25,Medium,1,Developing Professional
49,0,Travel_Rarely,271,Research & Development,3,2,Medical,3,Female,43,2,2,Laboratory Technician,1,Married,4789,23070,4,No,25,4,1,1,10,3,3,3,2,1,2,EMP1072,0.3333333333333333,0.6666666666666666,1.0,0.6666666666666666,Low,Low,0,58.33333333333333,Medium,1,Developing Professional
29,0,Travel_Frequently,410,Research & Development,2,1,Life Sciences,4,Female,97,3,1,Laboratory Technician,2,Married,3180,4668,0,No,13,3,3,3,4,3,3,3,2,0,2,EMP1073,0.0,0.6666666666666666,1.0,0.6666666666666666,Low,Low,0,40.0,Medium,1,Developing Professional
28,0,Travel_Rarely,1083,Research & Development,29,1,Life Sciences,3,Male,96,1,2,Manufacturing Director,2,Married,6549,3173,1,No,14,3,2,2,8,2,2,8,6,1,7,EMP1074,0.125,0.75,0.25,0.875,Medium,Medium,0,60.625,High,1,Developing Professional
33,0,Travel_Rarely,516,Research & Development,8,5,Life Sciences,4,Male,69,3,2,Healthcare Representative,3,Single,6388,22049,2,Yes,17,3,1,0,14,6,3,0,0,0,0,EMP1075,0.0,0.0,6.0,0.0,Low,Low,0,5.0,Low,0,Early-Career Explorer
32,0,Travel_Rarely,495,Research & Development,10,3,Medical,3,Male,64,3,3,Manager,4,Single,11244,21072,2,No,25,4,2,0,10,5,4,5,2,0,0,EMP1076,0.0,0.4,1.0,0.0,Low,Low,0,12.0,Low,0,Early-Career Explorer
54,0,Travel_Frequently,1050,Research & Development,11,4,Medical,2,Female,87,3,4,Manager,4,Divorced,16032,24456,3,No,20,4,1,1,26,2,3,14,9,1,12,EMP1077,0.0714285714285714,0.6428571428571429,0.1428571428571428,0.8571428571428571,High,Medium,0,45.0,Medium,2,Experienced Professional
29,1,Travel_Rarely,224,Research & Development,1,4,Technical Degree,1,Male,100,2,1,Research Scientist,1,Single,2362,7568,6,No,13,3,3,0,11,2,1,9,7,0,7,EMP1078,0.0,0.7777777777777778,0.2222222222222222,0.7777777777777778,High,Medium,0,60.0,High,1,Developing Professional
44,0,Travel_Rarely,136,Research & Development,28,3,Life Sciences,4,Male,32,3,4,Research Director,1,Married,16328,22074,3,No,13,3,3,1,24,1,4,20,6,14,17,EMP1079,0.7,0.3,0.05,0.85,High,High,1,84.75,High,2,Experienced Professional
39,0,Travel_Rarely,1089,Research & Development,6,3,Life Sciences,2,Female,32,3,3,Manufacturing Director,2,Single,8376,9150,4,No,18,3,4,0,9,3,3,2,0,2,2,EMP1080,1.0,0.0,1.5,1.0,Low,Low,0,65.0,High,1,Developing Professional
46,0,Travel_Rarely,228,Sales,3,3,Life Sciences,3,Female,51,3,4,Manager,2,Married,16606,11380,8,No,12,3,4,1,23,2,4,13,12,5,1,EMP1081,0.3846153846153846,0.9230769230769232,0.1538461538461538,0.0769230769230769,High,Medium,1,64.23076923076923,High,2,Experienced Professional
35,0,Travel_Rarely,1029,Research & Development,16,3,Life Sciences,4,Female,91,2,3,Healthcare Representative,2,Single,8606,21195,1,No,19,3,4,0,11,3,1,11,8,3,3,EMP1082,0.2727272727272727,0.7272727272727273,0.2727272727272727,0.2727272727272727,High,Low,1,46.81818181818182,Medium,1,Developing Professional
23,0,Travel_Rarely,507,Research & Development,20,1,Life Sciences,1,Male,97,3,2,Laboratory Technician,3,Single,2272,24812,0,No,14,3,2,0,5,2,3,4,3,1,2,EMP1083,0.25,0.75,0.5,0.5,Low,Medium,0,55.0,Medium,1,Developing Professional
40,1,Travel_Rarely,676,Research & Development,9,4,Life Sciences,4,Male,86,3,1,Laboratory Technician,1,Single,2018,21831,3,No,14,3,2,0,15,3,1,5,4,1,0,EMP1084,0.2,0.8,0.6,0.0,Medium,Low,0,47.0,Medium,1,Developing Professional
34,0,Travel_Rarely,971,Sales,1,3,Technical Degree,4,Male,64,2,3,Sales Executive,3,Married,7083,12288,1,Yes,14,3,4,0,10,3,3,10,9,8,6,EMP1085,0.8,0.9,0.3,0.6,High,Low,1,73.0,High,2,Experienced Professional
31,1,Travel_Frequently,561,Research & Development,3,3,Life Sciences,4,Female,33,3,1,Research Scientist,3,Single,4084,4156,1,No,12,3,1,0,7,2,1,7,2,7,7,EMP1086,1.0,0.2857142857142857,0.2857142857142857,1.0,High,Medium,0,78.57142857142857,High,1,Developing Professional
50,0,Travel_Frequently,333,Research & Development,22,5,Medical,3,Male,88,1,4,Research Director,4,Single,14411,24450,1,Yes,13,3,4,0,32,2,3,32,6,13,9,EMP1087,0.40625,0.1875,0.0625,0.28125,High,Medium,1,36.09375,Medium,2,Experienced Professional
34,0,Travel_Rarely,1440,Sales,7,2,Technical Degree,2,Male,55,3,1,Sales Representative,3,Married,2308,4944,0,Yes,25,4,2,1,12,4,3,11,10,5,7,EMP1088,0.4545454545454545,0.9090909090909092,0.3636363636363636,0.6363636363636364,High,Low,1,60.0,High,2,Experienced Professional
42,0,Travel_Rarely,1210,Research & Development,2,3,Medical,3,Male,68,2,1,Laboratory Technician,2,Married,4841,24052,4,No,14,3,2,1,4,3,3,1,0,0,0,EMP1089,0.0,0.0,3.0,0.0,Low,Low,0,10.0,Low,0,Early-Career Explorer
37,0,Travel_Rarely,674,Research & Development,13,3,Medical,1,Male,47,3,2,Research Scientist,4,Married,4285,3031,1,No,17,3,1,0,10,2,3,10,8,3,7,EMP1090,0.3,0.8,0.2,0.7,High,Medium,1,56.5,Medium,1,Developing Professional
29,0,Travel_Rarely,441,Research & Development,8,1,Other,3,Female,39,1,2,Healthcare Representative,1,Married,9715,7288,3,No,13,3,3,1,9,3,3,7,7,0,7,EMP1091,0.0,1.0,0.4285714285714285,1.0,High,Low,0,60.0,High,1,Developing Professional
33,0,Travel_Rarely,575,Research & Development,25,3,Life Sciences,4,Male,44,2,2,Manufacturing Director,2,Single,4320,24152,1,No,13,3,4,0,5,2,3,5,3,0,2,EMP1092,0.0,0.6,0.4,0.4,Low,Medium,0,44.0,Medium,1,Developing Professional
45,0,Travel_Rarely,950,Research & Development,28,3,Technical Degree,4,Male,97,3,1,Research Scientist,4,Married,2132,4585,4,No,20,4,4,1,8,3,3,5,4,0,3,EMP1093,0.0,0.8,0.6,0.6,Medium,Low,0,33.0,Medium,1,Developing Professional
42,0,Travel_Frequently,288,Research & Development,2,3,Life Sciences,4,Male,40,3,3,Healthcare Representative,4,Married,10124,18611,2,Yes,14,3,3,1,24,3,1,20,8,13,9,EMP1094,0.65,0.4,0.15,0.45,High,Low,1,44.75,Medium,2,Experienced Professional
40,0,Travel_Rarely,1342,Sales,9,2,Medical,1,Male,47,3,2,Sales Executive,1,Married,5473,19345,0,No,12,3,4,0,9,5,4,8,4,7,1,EMP1095,0.875,0.5,0.625,0.125,High,Low,1,66.875,High,1,Developing Professional
33,0,Travel_Rarely,589,Research & Development,28,4,Life Sciences,2,Male,79,3,2,Laboratory Technician,3,Married,5207,22949,1,Yes,12,3,2,1,15,3,3,15,14,5,7,EMP1096,0.3333333333333333,0.9333333333333332,0.2,0.4666666666666667,High,Low,1,53.33333333333333,Medium,2,Experienced Professional
40,0,Travel_Rarely,898,Human Resources,6,2,Medical,3,Male,38,3,4,Manager,4,Single,16437,17381,1,Yes,21,4,4,0,21,2,3,21,7,7,7,EMP1097,0.3333333333333333,0.3333333333333333,0.0952380952380952,0.3333333333333333,High,Medium,1,38.33333333333333,Medium,2,Experienced Professional
24,0,Travel_Rarely,350,Research & Development,21,2,Technical Degree,3,Male,57,2,1,Laboratory Technician,1,Divorced,2296,10036,0,No,14,3,2,3,2,3,3,1,1,0,0,EMP1098,0.0,1.0,3.0,0.0,Low,Low,0,45.0,Medium,0,Early-Career Explorer
40,0,Non-Travel,1142,Research & Development,8,2,Life Sciences,4,Male,72,3,2,Healthcare Representative,4,Divorced,4069,8841,3,Yes,18,3,3,0,8,2,3,2,2,2,2,EMP1099,1.0,1.0,1.0,1.0,Low,Medium,0,95.0,High,1,Developing Professional
45,0,Travel_Rarely,538,Research & Development,1,4,Technical Degree,1,Male,66,3,3,Healthcare Representative,2,Divorced,7441,20933,1,No,12,3,1,3,10,4,3,10,8,7,7,EMP1100,0.7,0.8,0.4,0.7,High,Low,1,72.5,High,2,Experienced Professional
35,0,Travel_Rarely,1402,Sales,28,4,Life Sciences,2,Female,98,2,1,Sales Representative,3,Married,2430,26204,0,No,23,4,1,2,6,5,3,5,3,4,2,EMP1101,0.8,0.6,1.0,0.4,Medium,Low,1,61.0,High,1,Developing Professional
32,0,Travel_Rarely,824,Research & Development,5,2,Life Sciences,4,Female,67,2,2,Research Scientist,2,Married,5878,15624,3,No,12,3,1,1,12,2,3,7,1,2,5,EMP1102,0.2857142857142857,0.1428571428571428,0.2857142857142857,0.7142857142857143,Low,Medium,0,46.42857142857143,Medium,1,Developing Professional
36,0,Travel_Rarely,1157,Sales,2,4,Life Sciences,3,Male,70,3,1,Sales Representative,4,Single,2644,17001,3,Yes,21,4,4,0,7,3,2,3,2,1,2,EMP1103,0.3333333333333333,0.6666666666666666,1.0,0.6666666666666666,Low,Low,0,43.33333333333333,Medium,1,Developing Professional
48,0,Travel_Rarely,492,Sales,16,4,Life Sciences,3,Female,96,3,2,Sales Executive,3,Divorced,6439,13693,8,No,14,3,3,1,18,2,3,8,7,7,7,EMP1104,0.875,0.875,0.25,0.875,High,Medium,1,89.375,High,2,Experienced Professional
29,0,Travel_Rarely,598,Research & Development,9,3,Life Sciences,3,Male,91,4,1,Research Scientist,3,Married,2451,22376,6,No,18,3,1,2,5,2,2,1,0,0,0,EMP1105,0.0,0.0,2.0,0.0,Low,Medium,0,15.0,Low,0,Early-Career Explorer
33,0,Travel_Rarely,1242,Sales,8,4,Life Sciences,1,Male,46,3,2,Sales Executive,1,Married,6392,10589,2,No,13,3,4,1,8,6,1,2,2,2,2,EMP1106,1.0,1.0,3.0,1.0,Low,Low,0,100.0,High,1,Developing Professional
30,1,Travel_Rarely,740,Sales,1,3,Life Sciences,2,Male,64,2,2,Sales Executive,1,Married,9714,5323,1,No,11,3,4,1,10,4,3,10,8,6,7,EMP1107,0.6,0.8,0.4,0.7,High,Low,1,73.5,High,2,Experienced Professional
38,0,Travel_Frequently,888,Human Resources,10,4,Human Resources,3,Male,71,3,2,Human Resources,3,Married,6077,14814,3,No,11,3,3,0,10,2,3,6,3,1,2,EMP1108,0.1666666666666666,0.5,0.3333333333333333,0.3333333333333333,Low,Medium,0,41.66666666666666,Medium,1,Developing Professional
35,0,Travel_Rarely,992,Research & Development,1,3,Medical,4,Male,68,2,1,Laboratory Technician,1,Single,2450,21731,1,No,19,3,2,0,3,3,3,3,0,1,2,EMP1109,0.3333333333333333,0.0,1.0,0.6666666666666666,Low,Low,0,38.33333333333333,Medium,1,Developing Professional
30,0,Travel_Rarely,1288,Sales,29,4,Technical Degree,3,Male,33,3,3,Sales Executive,2,Married,9250,17799,3,No,12,3,2,1,9,3,3,4,2,1,3,EMP1110,0.25,0.5,0.75,0.75,Low,Low,0,46.25,Medium,1,Developing Professional
35,1,Travel_Rarely,104,Research & Development,2,3,Life Sciences,1,Female,69,3,1,Laboratory Technician,1,Divorced,2074,26619,1,Yes,12,3,4,1,1,2,3,1,0,0,0,EMP1111,0.0,0.0,2.0,0.0,Low,Medium,0,25.0,Low,0,Early-Career Explorer
53,1,Travel_Rarely,607,Research & Development,2,5,Technical Degree,3,Female,78,2,3,Manufacturing Director,4,Married,10169,14618,0,No,16,3,2,1,34,4,3,33,7,1,9,EMP1112,0.0303030303030303,0.2121212121212121,0.1212121212121212,0.2727272727272727,High,Low,0,11.666666666666668,Low,2,Experienced Professional
38,1,Travel_Rarely,903,Research & Development,2,3,Medical,3,Male,81,3,2,Manufacturing Director,2,Married,4855,7653,4,No,11,3,1,2,7,2,3,5,2,1,4,EMP1113,0.2,0.4,0.4,0.8,Low,Medium,0,52.0,Medium,1,Developing Professional
32,0,Non-Travel,1200,Research & Development,1,4,Technical Degree,4,Male,62,3,2,Research Scientist,1,Married,4087,25174,4,No,14,3,2,1,9,3,2,6,5,1,2,EMP1114,0.1666666666666666,0.8333333333333334,0.5,0.3333333333333333,Medium,Low,0,51.66666666666666,Medium,1,Developing Professional
48,0,Travel_Rarely,1108,Research & Development,15,4,Other,3,Female,65,3,1,Research Scientist,1,Married,2367,16530,8,No,12,3,4,1,10,3,2,8,2,7,6,EMP1115,0.875,0.25,0.375,0.75,High,Low,0,68.75,High,1,Developing Professional
34,0,Travel_Rarely,479,Research & Development,7,4,Medical,1,Male,35,3,1,Research Scientist,4,Single,2972,22061,1,No,13,3,3,0,1,4,1,1,0,0,0,EMP1116,0.0,0.0,4.0,0.0,Low,Low,0,0.0,Low,0,Early-Career Explorer
55,0,Travel_Rarely,685,Sales,26,5,Marketing,3,Male,60,2,5,Manager,4,Married,19586,23037,1,No,21,4,3,1,36,3,3,36,6,2,13,EMP1117,0.0555555555555555,0.1666666666666666,0.0833333333333333,0.3611111111111111,Medium,Low,0,12.63888888888889,Low,2,Experienced Professional
34,0,Travel_Rarely,1351,Research & Development,1,4,Life Sciences,2,Male,45,3,2,Research Scientist,4,Married,5484,13008,9,No,17,3,2,1,9,3,2,2,2,2,1,EMP1118,1.0,1.0,1.5,0.5,Low,Low,0,77.5,High,1,Developing Professional
26,0,Travel_Rarely,474,Research & Development,3,3,Life Sciences,1,Female,89,3,1,Research Scientist,4,Married,2061,11133,1,No,21,4,1,0,1,5,3,1,0,0,0,EMP1119,0.0,0.0,5.0,0.0,Low,Low,0,0.0,Low,0,Early-Career Explorer
38,0,Travel_Rarely,1245,Sales,14,3,Life Sciences,3,Male,80,3,2,Sales Executive,2,Married,9924,12355,0,No,11,3,4,1,10,3,3,9,8,7,7,EMP1120,0.7777777777777778,0.8888888888888888,0.3333333333333333,0.7777777777777778,High,Low,1,79.44444444444444,High,2,Experienced Professional
38,0,Travel_Rarely,437,Sales,16,3,Life Sciences,2,Female,90,3,2,Sales Executive,2,Single,4198,16379,2,No,12,3,2,0,8,5,4,3,2,1,2,EMP1121,0.3333333333333333,0.6666666666666666,1.6666666666666667,0.6666666666666666,Low,Low,0,53.33333333333333,Medium,1,Developing Professional
36,0,Travel_Rarely,884,Sales,1,4,Life Sciences,2,Female,73,3,2,Sales Executive,3,Single,6815,21447,6,No,13,3,1,0,15,5,3,1,0,0,0,EMP1122,0.0,0.0,5.0,0.0,Low,Low,0,5.0,Low,0,Early-Career Explorer
29,0,Travel_Rarely,1370,Research & Development,3,1,Medical,2,Male,87,3,1,Laboratory Technician,1,Single,4723,16213,1,Yes,18,3,4,0,10,3,3,10,9,1,5,EMP1123,0.1,0.9,0.3,0.5,High,Low,0,53.5,Medium,1,Developing Professional
35,0,Travel_Rarely,670,Research & Development,10,4,Medical,1,Female,51,3,2,Healthcare Representative,3,Single,6142,4223,3,Yes,16,3,3,0,10,4,3,5,2,0,4,EMP1124,0.0,0.4,0.8,0.8,Low,Low,0,29.0,Low,1,Developing Professional
39,0,Travel_Rarely,1462,Sales,6,3,Medical,4,Male,38,4,3,Sales Executive,3,Married,8237,4658,2,No,11,3,1,1,11,3,3,7,6,7,6,EMP1125,1.0,0.8571428571428571,0.4285714285714285,0.8571428571428571,High,Low,1,83.57142857142857,High,2,Experienced Professional
29,0,Travel_Frequently,995,Research & Development,2,1,Life Sciences,1,Male,87,3,2,Healthcare Representative,4,Divorced,8853,24483,1,No,19,3,4,1,6,0,4,6,4,1,3,EMP1126,0.1666666666666666,0.6666666666666666,0.0,0.5,Medium,High,0,64.16666666666666,High,1,Developing Professional
50,0,Travel_Rarely,264,Sales,9,3,Marketing,3,Male,59,3,5,Manager,3,Married,19331,19519,4,Yes,16,3,3,1,27,2,3,1,0,0,0,EMP1127,0.0,0.0,2.0,0.0,Low,Medium,0,15.0,Low,0,Early-Career Explorer
23,0,Travel_Rarely,977,Research & Development,10,3,Technical Degree,4,Male,45,4,1,Research Scientist,3,Married,2073,12826,2,No,16,3,4,1,4,2,3,2,2,2,2,EMP1128,1.0,1.0,1.0,1.0,Low,Medium,0,100.0,High,1,Developing Professional
36,0,Travel_Frequently,1302,Research & Development,6,4,Life Sciences,1,Male,80,4,2,Laboratory Technician,1,Married,5562,19711,3,Yes,13,3,4,1,9,3,3,3,2,0,2,EMP1129,0.0,0.6666666666666666,1.0,0.6666666666666666,Low,Low,0,45.0,Medium,1,Developing Professional
42,0,Travel_Rarely,1059,Research & Development,9,2,Other,4,Male,93,2,5,Manager,4,Single,19613,26362,8,No,22,4,4,0,24,2,3,1,0,0,1,EMP1130,0.0,0.0,2.0,1.0,Low,Medium,0,25.0,Low,1,Developing Professional
35,0,Travel_Rarely,750,Research & Development,28,3,Life Sciences,2,Male,46,4,2,Laboratory Technician,3,Married,3407,25348,1,No,17,3,4,2,10,3,2,10,9,6,8,EMP1131,0.6,0.9,0.3,0.8,High,Low,1,68.0,High,2,Experienced Professional
34,0,Travel_Frequently,653,Research & Development,10,4,Technical Degree,4,Male,92,2,2,Healthcare Representative,3,Married,5063,15332,1,No,14,3,2,1,8,3,2,8,2,7,7,EMP1132,0.875,0.25,0.375,0.875,High,Low,0,60.625,High,1,Developing Professional
40,0,Travel_Rarely,118,Sales,14,2,Life Sciences,4,Female,84,3,2,Sales Executive,1,Married,4639,11262,1,No,15,3,3,1,5,2,3,5,4,1,2,EMP1133,0.2,0.8,0.4,0.4,Medium,Medium,0,63.0,High,1,Developing Professional
43,0,Travel_Rarely,990,Research & Development,27,3,Technical Degree,4,Male,87,4,1,Laboratory Technician,2,Divorced,4876,5855,5,No,12,3,3,1,8,0,3,6,4,0,2,EMP1134,0.0,0.6666666666666666,0.0,0.3333333333333333,Medium,High,0,65.0,High,1,Developing Professional
35,0,Travel_Rarely,1349,Research & Development,7,2,Life Sciences,3,Male,63,2,1,Laboratory Technician,4,Married,2690,7713,1,No,18,3,4,1,1,5,2,1,0,0,1,EMP1135,0.0,0.0,5.0,1.0,Low,Low,0,15.0,Low,0,Early-Career Explorer
46,0,Travel_Rarely,563,Sales,1,4,Life Sciences,4,Male,56,4,4,Manager,1,Single,17567,3156,1,No,15,3,2,0,27,5,1,26,0,0,12,EMP1136,0.0,0.0,0.1923076923076923,0.4615384615384615,Low,Low,0,21.923076923076923,Low,2,Experienced Professional
28,1,Travel_Rarely,329,Research & Development,24,3,Medical,3,Male,51,3,1,Laboratory Technician,2,Married,2408,7324,1,Yes,17,3,3,3,1,3,3,1,1,0,0,EMP1137,0.0,1.0,3.0,0.0,Low,Low,0,40.0,Medium,0,Early-Career Explorer
22,0,Non-Travel,457,Research & Development,26,2,Other,2,Female,85,2,1,Research Scientist,3,Married,2814,10293,1,Yes,14,3,2,0,4,2,2,4,2,1,3,EMP1138,0.25,0.5,0.5,0.75,Low,Medium,0,51.25,Medium,1,Developing Professional
50,0,Travel_Frequently,1234,Research & Development,20,5,Medical,2,Male,41,3,4,Healthcare Representative,3,Married,11245,20689,2,Yes,15,3,3,1,32,3,3,30,8,12,13,EMP1139,0.4,0.2666666666666666,0.1,0.4333333333333333,High,Low,1,35.5,Medium,2,Experienced Professional
32,0,Travel_Rarely,634,Research & Development,5,4,Other,2,Female,35,4,1,Research Scientist,4,Married,3312,18783,3,No,17,3,4,2,6,3,3,3,2,0,2,EMP1140,0.0,0.6666666666666666,1.0,0.6666666666666666,Low,Low,0,30.0,Medium,1,Developing Professional
44,0,Travel_Rarely,1313,Research & Development,7,3,Medical,2,Female,31,3,5,Research Director,4,Divorced,19049,3549,0,Yes,14,3,4,1,23,4,2,22,7,1,10,EMP1141,0.0454545454545454,0.3181818181818182,0.1818181818181818,0.4545454545454545,High,Low,0,18.18181818181818,Low,2,Experienced Professional
30,0,Travel_Rarely,241,Research & Development,7,3,Medical,2,Male,48,2,1,Research Scientist,2,Married,2141,5348,1,No,12,3,2,1,6,3,2,6,4,1,1,EMP1142,0.1666666666666666,0.6666666666666666,0.5,0.1666666666666666,Medium,Low,0,39.16666666666666,Medium,1,Developing Professional
45,0,Travel_Rarely,1015,Research & Development,5,5,Medical,3,Female,50,1,2,Laboratory Technician,1,Single,5769,23447,1,Yes,14,3,1,0,10,3,3,10,7,1,4,EMP1143,0.1,0.7,0.3,0.4,High,Low,0,46.0,Medium,1,Developing Professional
45,0,Non-Travel,336,Sales,26,3,Marketing,1,Male,52,2,2,Sales Executive,1,Married,4385,24162,1,No,15,3,1,1,10,2,3,10,7,4,5,EMP1144,0.4,0.7,0.2,0.5,High,Medium,1,69.5,High,1,Developing Professional
31,0,Travel_Frequently,715,Sales,2,4,Other,4,Male,54,3,2,Sales Executive,1,Single,5332,21602,7,No,13,3,4,0,10,3,3,5,2,0,3,EMP1145,0.0,0.4,0.6,0.6,Low,Low,0,36.0,Medium,1,Developing Professional
36,0,Travel_Rarely,559,Research & Development,12,4,Life Sciences,3,Female,76,3,2,Manufacturing Director,3,Married,4663,12421,9,Yes,12,3,2,2,7,2,3,3,2,1,1,EMP1146,0.3333333333333333,0.6666666666666666,0.6666666666666666,0.3333333333333333,Low,Medium,0,53.33333333333333,Medium,1,Developing Professional
34,0,Travel_Frequently,426,Research & Development,10,4,Life Sciences,3,Male,42,4,2,Manufacturing Director,4,Divorced,4724,17000,1,No,13,3,1,1,9,3,3,9,7,7,2,EMP1147,0.7777777777777778,0.7777777777777778,0.3333333333333333,0.2222222222222222,High,Low,1,57.77777777777778,Medium,2,Experienced Professional
49,0,Travel_Rarely,722,Research & Development,25,4,Life Sciences,3,Female,84,3,1,Laboratory Technician,1,Married,3211,22102,1,No,14,3,4,1,10,3,2,9,6,1,4,EMP1148,0.1111111111111111,0.6666666666666666,0.3333333333333333,0.4444444444444444,Medium,Low,0,46.11111111111111,Medium,1,Developing Professional
39,0,Travel_Rarely,1387,Research & Development,10,5,Medical,2,Male,76,3,2,Manufacturing Director,1,Married,5377,3835,2,No,13,3,4,3,10,3,3,7,7,7,7,EMP1149,1.0,1.0,0.4285714285714285,1.0,High,Low,1,100.0,High,2,Experienced Professional
27,0,Travel_Rarely,1302,Research & Development,19,3,Other,4,Male,67,2,1,Laboratory Technician,1,Divorced,4066,16290,1,No,11,3,1,2,7,3,3,7,7,0,7,EMP1150,0.0,1.0,0.4285714285714285,1.0,High,Low,0,60.0,High,1,Developing Professional
35,0,Travel_Rarely,819,Research & Development,18,5,Life Sciences,2,Male,48,4,2,Research Scientist,1,Married,5208,26312,1,No,11,3,4,0,16,2,3,16,15,1,10,EMP1151,0.0625,0.9375,0.125,0.625,High,Medium,0,65.0,High,2,Experienced Professional
28,0,Travel_Rarely,580,Research & Development,27,3,Medical,2,Female,39,1,2,Manufacturing Director,1,Divorced,4877,20460,0,No,21,4,2,1,6,5,2,5,3,0,0,EMP1152,0.0,0.6,1.0,0.0,Low,Low,0,33.0,Medium,1,Developing Professional
21,0,Travel_Rarely,546,Research & Development,5,1,Medical,3,Male,97,3,1,Research Scientist,4,Single,3117,26009,1,No,18,3,3,0,3,2,3,2,2,2,2,EMP1153,1.0,1.0,1.0,1.0,Low,Medium,0,95.0,High,1,Developing Professional
18,1,Travel_Frequently,544,Sales,3,2,Medical,2,Female,70,3,1,Sales Representative,4,Single,1569,18420,1,Yes,12,3,3,0,0,2,4,0,0,0,0,EMP1154,0.0,0.0,2.0,0.0,Low,Medium,0,10.0,Low,0,Early-Career Explorer
47,0,Travel_Rarely,1176,Human Resources,26,4,Life Sciences,4,Female,98,3,5,Manager,3,Married,19658,5220,3,No,11,3,3,1,27,2,3,5,2,1,0,EMP1155,0.2,0.4,0.4,0.0,Low,Medium,0,35.0,Medium,1,Developing Professional
39,0,Travel_Rarely,170,Research & Development,3,2,Medical,3,Male,76,2,2,Laboratory Technician,3,Divorced,3069,10302,0,No,15,3,4,1,11,3,3,10,8,0,7,EMP1156,0.0,0.8,0.3,0.7,High,Low,0,39.5,Medium,1,Developing Professional
40,0,Travel_Rarely,884,Research & Development,15,3,Life Sciences,1,Female,80,2,3,Manufacturing Director,3,Married,10435,25800,1,No,13,3,4,2,18,2,3,18,15,14,12,EMP1157,0.7777777777777778,0.8333333333333334,0.1111111111111111,0.6666666666666666,High,Medium,1,81.11111111111111,High,2,Experienced Professional
35,0,Non-Travel,208,Research & Development,8,4,Life Sciences,3,Female,52,3,2,Healthcare Representative,3,Married,4148,12250,1,No,12,3,4,1,15,5,3,14,11,2,9,EMP1158,0.1428571428571428,0.7857142857142857,0.3571428571428571,0.6428571428571429,High,Low,0,43.92857142857143,Medium,2,Experienced Professional
37,0,Travel_Rarely,671,Research & Development,19,3,Life Sciences,3,Male,85,3,2,Manufacturing Director,3,Married,5768,26493,3,No,17,3,1,3,9,2,2,4,3,0,2,EMP1159,0.0,0.75,0.5,0.5,Low,Medium,0,45.0,Medium,1,Developing Professional
39,0,Travel_Frequently,711,Research & Development,4,3,Medical,1,Female,81,3,2,Manufacturing Director,3,Single,5042,3140,0,No,13,3,4,0,10,2,1,9,2,3,8,EMP1160,0.3333333333333333,0.2222222222222222,0.2222222222222222,0.8888888888888888,Medium,Medium,0,48.33333333333333,Medium,1,Developing Professional
45,0,Travel_Rarely,1329,Research & Development,2,2,Other,4,Female,59,2,2,Manufacturing Director,4,Divorced,5770,5388,1,No,19,3,1,2,10,3,3,10,7,3,9,EMP1161,0.3,0.7,0.3,0.9,High,Low,1,46.5,Medium,2,Experienced Professional
38,0,Travel_Rarely,397,Research & Development,2,2,Medical,4,Female,54,2,3,Manufacturing Director,3,Married,7756,14199,3,Yes,19,3,4,1,10,6,4,5,4,0,2,EMP1162,0.0,0.8,1.2,0.4,Medium,Low,0,35.0,Medium,1,Developing Professional
35,1,Travel_Rarely,737,Sales,10,3,Medical,4,Male,55,2,3,Sales Executive,1,Married,10306,21530,9,No,17,3,3,0,15,3,3,13,12,6,0,EMP1163,0.4615384615384615,0.9230769230769232,0.2307692307692307,0.0,High,Low,1,61.15384615384616,High,2,Experienced Professional
37,0,Travel_Rarely,1470,Research & Development,10,3,Medical,2,Female,71,3,1,Research Scientist,2,Married,3936,9953,1,No,11,3,1,1,8,2,1,8,4,7,7,EMP1164,0.875,0.5,0.25,0.875,High,Medium,1,83.125,High,1,Developing Professional
40,0,Travel_Rarely,448,Research & Development,16,3,Life Sciences,3,Female,84,3,3,Manufacturing Director,4,Single,7945,19948,6,Yes,15,3,4,0,18,2,2,4,2,3,3,EMP1165,0.75,0.5,0.5,0.75,Medium,Medium,0,66.25,High,1,Developing Professional
44,0,Travel_Frequently,602,Human Resources,1,5,Human Resources,1,Male,37,3,2,Human Resources,4,Married,5743,10503,4,Yes,11,3,3,0,14,3,3,10,7,0,2,EMP1166,0.0,0.7,0.3,0.2,High,Low,0,24.0,Low,1,Developing Professional
48,0,Travel_Frequently,365,Research & Development,4,5,Medical,3,Male,89,2,4,Manager,4,Married,15202,5602,2,No,25,4,2,1,23,3,3,2,2,2,2,EMP1167,1.0,1.0,1.5,1.0,Low,Low,0,85.0,High,1,Developing Professional
35,1,Travel_Rarely,763,Sales,15,2,Medical,1,Male,59,1,2,Sales Executive,4,Divorced,5440,22098,6,Yes,14,3,4,2,7,2,2,2,2,2,2,EMP1168,1.0,1.0,1.0,1.0,Low,Medium,0,95.0,High,1,Developing Professional
24,0,Travel_Frequently,567,Research & Development,2,1,Technical Degree,1,Female,32,3,1,Research Scientist,4,Single,3760,17218,1,Yes,13,3,3,0,6,2,3,6,3,1,3,EMP1169,0.1666666666666666,0.5,0.3333333333333333,0.5,Low,Medium,0,39.16666666666666,Medium,1,Developing Professional
27,0,Travel_Rarely,486,Research & Development,8,3,Medical,2,Female,86,4,1,Research Scientist,3,Married,3517,22490,7,No,17,3,1,0,5,0,3,3,2,0,2,EMP1170,0.0,0.6666666666666666,0.0,0.6666666666666666,Low,Medium,0,65.0,High,1,Developing Professional
27,0,Travel_Frequently,591,Research & Development,2,3,Medical,4,Male,87,3,1,Research Scientist,4,Single,2580,6297,2,No,13,3,3,0,6,0,2,4,2,1,2,EMP1171,0.25,0.5,0.0,0.5,Low,Medium,0,62.5,High,1,Developing Professional
40,1,Travel_Rarely,1329,Research & Development,7,3,Life Sciences,1,Male,73,3,1,Laboratory Technician,1,Single,2166,3339,3,Yes,14,3,2,0,10,3,1,4,2,0,3,EMP1172,0.0,0.5,0.75,0.75,Low,Low,0,41.25,Medium,1,Developing Professional
29,0,Travel_Rarely,469,Sales,10,3,Medical,3,Male,42,2,2,Sales Executive,3,Single,5869,23413,9,No,11,3,3,0,8,2,3,5,2,1,4,EMP1173,0.2,0.4,0.4,0.8,Low,Medium,0,47.0,Medium,1,Developing Professional
36,0,Travel_Rarely,711,Research & Development,5,4,Life Sciences,2,Female,42,3,3,Healthcare Representative,1,Married,8008,22792,4,No,12,3,3,2,9,6,3,3,2,0,2,EMP1174,0.0,0.6666666666666666,2.0,0.6666666666666666,Low,Low,0,45.0,Medium,1,Developing Professional
25,0,Travel_Frequently,772,Research & Development,2,1,Life Sciences,4,Male,77,4,2,Manufacturing Director,3,Divorced,5206,4973,1,No,17,3,3,2,7,6,3,7,7,0,7,EMP1175,0.0,1.0,0.8571428571428571,1.0,High,Low,0,50.0,Medium,1,Developing Professional
39,0,Travel_Rarely,492,Research & Development,12,3,Medical,4,Male,66,3,2,Manufacturing Director,2,Married,5295,7693,4,No,21,4,3,0,7,3,3,5,4,1,0,EMP1176,0.2,0.8,0.6,0.0,Medium,Low,0,42.0,Medium,1,Developing Professional
49,0,Travel_Rarely,301,Research & Development,22,4,Other,1,Female,72,3,4,Research Director,2,Married,16413,3498,3,No,16,3,2,2,27,2,3,4,2,1,2,EMP1177,0.25,0.5,0.5,0.5,Low,Medium,0,52.5,Medium,1,Developing Professional
50,0,Travel_Rarely,813,Research & Development,17,5,Life Sciences,4,Female,50,2,3,Research Director,1,Divorced,13269,21981,5,No,15,3,3,3,19,3,3,14,11,1,11,EMP1178,0.0714285714285714,0.7857142857142857,0.2142857142857142,0.7857142857142857,High,Low,0,53.21428571428571,Medium,2,Experienced Professional
20,0,Travel_Rarely,1141,Sales,2,3,Medical,3,Female,31,3,1,Sales Representative,3,Single,2783,13251,1,No,19,3,1,0,2,3,3,2,2,2,2,EMP1179,1.0,1.0,1.5,1.0,Low,Low,0,90.0,High,1,Developing Professional
34,0,Travel_Rarely,1130,Research & Development,3,3,Life Sciences,4,Female,66,3,2,Research Scientist,2,Divorced,5433,19332,1,No,12,3,3,1,11,2,3,11,8,7,9,EMP1180,0.6363636363636364,0.7272727272727273,0.1818181818181818,0.8181818181818182,High,Medium,1,79.54545454545455,High,2,Experienced Professional
36,0,Travel_Rarely,311,Research & Development,7,3,Life Sciences,1,Male,77,3,1,Laboratory Technician,2,Single,2013,10950,2,No,11,3,3,0,15,4,3,4,3,1,3,EMP1181,0.25,0.75,1.0,0.75,Low,Low,0,53.75,Medium,1,Developing Professional
49,0,Travel_Rarely,465,Research & Development,6,1,Life Sciences,3,Female,41,2,4,Healthcare Representative,3,Married,13966,11652,2,Yes,19,3,2,1,30,3,3,15,11,2,12,EMP1182,0.1333333333333333,0.7333333333333333,0.2,0.8,High,Low,0,44.33333333333333,Medium,2,Experienced Professional
36,0,Non-Travel,894,Research & Development,1,4,Medical,4,Female,33,2,2,Manufacturing Director,3,Married,4374,15411,0,No,15,3,3,0,4,6,3,3,2,1,2,EMP1183,0.3333333333333333,0.6666666666666666,2.0,0.6666666666666666,Low,Low,0,48.33333333333333,Medium,1,Developing Professional
36,0,Travel_Rarely,1040,Research & Development,3,2,Life Sciences,4,Male,79,4,2,Healthcare Representative,1,Divorced,6842,26308,6,No,20,4,1,1,13,3,3,5,4,0,4,EMP1184,0.0,0.8,0.6,0.8,Medium,Low,0,51.0,Medium,1,Developing Professional
54,0,Travel_Rarely,584,Research & Development,22,5,Medical,2,Female,91,3,4,Manager,3,Married,17426,18685,3,No,25,4,3,1,36,6,3,10,8,4,7,EMP1185,0.4,0.8,0.6,0.7,High,Low,1,55.5,Medium,2,Experienced Professional
43,0,Travel_Rarely,1291,Research & Development,15,2,Life Sciences,3,Male,65,2,4,Research Director,3,Married,17603,3525,1,No,24,4,1,1,14,3,3,14,10,6,11,EMP1186,0.4285714285714285,0.7142857142857143,0.2142857142857142,0.7857142857142857,High,Low,1,55.35714285714285,Medium,2,Experienced Professional
35,1,Travel_Frequently,880,Sales,12,4,Other,4,Male,36,3,2,Sales Executive,4,Single,4581,10414,3,Yes,24,4,1,0,13,2,4,11,9,6,7,EMP1187,0.5454545454545454,0.8181818181818182,0.1818181818181818,0.6363636363636364,High,Medium,1,65.9090909090909,High,2,Experienced Professional
38,0,Travel_Frequently,1189,Research & Development,1,3,Life Sciences,4,Male,90,3,2,Research Scientist,4,Married,4735,9867,7,No,15,3,4,2,19,4,4,13,11,2,9,EMP1188,0.1538461538461538,0.8461538461538461,0.3076923076923077,0.6923076923076923,High,Low,0,41.92307692307692,Medium,2,Experienced Professional
29,0,Travel_Rarely,991,Sales,5,3,Medical,1,Male,43,2,2,Sales Executive,2,Divorced,4187,3356,1,Yes,13,3,2,1,10,3,2,10,0,0,9,EMP1189,0.0,0.0,0.3,0.9,Low,Low,0,23.5,Low,1,Developing Professional
33,0,Travel_Rarely,392,Sales,2,4,Medical,4,Male,93,3,2,Sales Executive,4,Divorced,5505,3921,1,No,14,3,3,2,6,5,3,6,2,0,4,EMP1190,0.0,0.3333333333333333,0.8333333333333334,0.6666666666666666,Low,Low,0,20.0,Low,1,Developing Professional
32,0,Travel_Rarely,977,Research & Development,2,3,Medical,4,Male,45,3,2,Research Scientist,2,Divorced,5470,25518,0,No,13,3,3,2,10,4,2,9,5,1,6,EMP1191,0.1111111111111111,0.5555555555555556,0.4444444444444444,0.6666666666666666,Medium,Low,0,41.11111111111112,Medium,1,Developing Professional
31,0,Travel_Rarely,1112,Sales,5,4,Life Sciences,1,Female,67,3,2,Sales Executive,4,Married,5476,22589,1,No,11,3,1,2,10,2,3,10,0,0,2,EMP1192,0.0,0.0,0.2,0.2,Low,Medium,0,13.0,Low,1,Developing Professional
49,0,Travel_Rarely,464,Research & Development,16,3,Medical,4,Female,74,3,1,Laboratory Technician,1,Divorced,2587,24941,4,Yes,16,3,2,1,17,2,2,2,2,2,2,EMP1193,1.0,1.0,1.0,1.0,Low,Medium,0,100.0,High,1,Developing Professional
38,0,Travel_Frequently,148,Research & Development,2,3,Medical,4,Female,42,2,1,Laboratory Technician,2,Single,2440,23826,1,No,22,4,2,0,4,3,3,4,3,3,3,EMP1194,0.75,0.75,0.75,0.75,Medium,Low,1,73.75,High,1,Developing Professional
47,0,Travel_Rarely,1225,Sales,2,4,Life Sciences,2,Female,47,4,4,Manager,2,Divorced,15972,21086,6,No,14,3,3,3,29,2,3,3,2,1,2,EMP1195,0.3333333333333333,0.6666666666666666,0.6666666666666666,0.6666666666666666,Low,Medium,0,63.33333333333333,High,1,Developing Professional
49,0,Travel_Rarely,809,Research & Development,1,3,Life Sciences,3,Male,36,3,4,Manager,3,Single,15379,22384,4,No,14,3,1,0,23,2,3,8,7,0,0,EMP1196,0.0,0.875,0.25,0.0,High,Medium,0,41.25,Medium,1,Developing Professional
41,0,Travel_Rarely,1206,Sales,23,2,Life Sciences,4,Male,80,3,3,Sales Executive,3,Single,7082,11591,3,Yes,16,3,4,0,21,2,3,2,0,0,2,EMP1197,0.0,0.0,1.0,1.0,Low,Medium,0,30.0,Medium,1,Developing Professional
20,0,Travel_Rarely,727,Sales,9,1,Life Sciences,4,Male,54,3,1,Sales Representative,1,Single,2728,21082,1,No,11,3,1,0,2,3,3,2,2,0,2,EMP1198,0.0,1.0,1.5,1.0,Low,Low,0,60.0,High,1,Developing Professional
33,0,Non-Travel,530,Sales,16,3,Life Sciences,3,Female,36,3,2,Sales Executive,4,Divorced,5368,16130,1,Yes,25,4,3,1,7,2,3,6,5,1,2,EMP1199,0.1666666666666666,0.8333333333333334,0.3333333333333333,0.3333333333333333,Medium,Medium,0,46.66666666666666,Medium,1,Developing Professional
36,0,Travel_Rarely,1351,Research & Development,26,4,Life Sciences,1,Male,80,3,2,Healthcare Representative,3,Married,5347,7419,6,No,14,3,2,2,10,2,2,3,2,0,2,EMP1200,0.0,0.6666666666666666,0.6666666666666666,0.6666666666666666,Low,Medium,0,45.0,Medium,1,Developing Professional
44,0,Travel_Rarely,528,Human Resources,1,3,Life Sciences,3,Female,44,3,1,Human Resources,4,Divorced,3195,4167,4,Yes,18,3,1,3,8,2,3,2,2,2,2,EMP1201,1.0,1.0,1.0,1.0,Low,Medium,0,95.0,High,1,Developing Professional
23,1,Travel_Rarely,1320,Research & Development,8,1,Medical,4,Male,93,2,1,Laboratory Technician,3,Single,3989,20586,1,Yes,11,3,1,0,5,2,3,5,4,1,2,EMP1202,0.2,0.8,0.4,0.4,Medium,Medium,0,53.0,Medium,1,Developing Professional
38,0,Travel_Rarely,1495,Research & Development,4,2,Medical,4,Female,87,3,1,Laboratory Technician,3,Married,3306,26176,7,No,19,3,4,1,7,5,2,0,0,0,0,EMP1203,0.0,0.0,5.0,0.0,Low,Low,0,5.0,Low,0,Early-Career Explorer
53,0,Travel_Rarely,1395,Research & Development,24,4,Medical,2,Male,48,4,3,Healthcare Representative,4,Married,7005,3458,3,No,15,3,3,0,11,2,3,4,3,1,2,EMP1204,0.25,0.75,0.5,0.5,Low,Medium,0,50.0,Medium,1,Developing Professional
48,1,Travel_Frequently,708,Sales,7,2,Medical,4,Female,95,3,1,Sales Representative,3,Married,2655,11740,2,Yes,11,3,3,2,19,3,3,9,7,7,7,EMP1205,0.7777777777777778,0.7777777777777778,0.3333333333333333,0.7777777777777778,High,Low,1,71.11111111111111,High,2,Experienced Professional
32,1,Travel_Rarely,1259,Research & Development,2,4,Life Sciences,4,Male,95,3,1,Laboratory Technician,2,Single,1393,24852,1,No,12,3,1,0,1,2,3,1,0,0,0,EMP1206,0.0,0.0,2.0,0.0,Low,Medium,0,20.0,Low,0,Early-Career Explorer
26,0,Non-Travel,786,Research & Development,7,3,Medical,4,Male,76,3,1,Laboratory Technician,4,Single,2570,11925,1,No,20,4,3,0,7,5,3,7,7,5,7,EMP1207,0.7142857142857143,1.0,0.7142857142857143,1.0,High,Low,1,73.57142857142857,High,1,Developing Professional
55,0,Travel_Rarely,1441,Research & Development,22,3,Technical Degree,1,Male,94,2,1,Research Scientist,2,Divorced,3537,23737,5,No,12,3,4,1,8,1,3,4,2,1,2,EMP1208,0.25,0.5,0.25,0.5,Low,Medium,0,62.5,High,1,Developing Professional
34,0,Travel_Rarely,1157,Research & Development,5,2,Medical,2,Male,57,2,2,Laboratory Technician,4,Married,3986,11912,1,No,14,3,3,1,15,3,4,15,10,4,13,EMP1209,0.2666666666666666,0.6666666666666666,0.2,0.8666666666666667,High,Low,1,43.66666666666666,Medium,2,Experienced Professional
60,0,Travel_Rarely,370,Research & Development,1,4,Medical,3,Male,92,1,3,Healthcare Representative,4,Divorced,10883,20467,3,No,20,4,3,1,19,2,4,1,0,0,0,EMP1210,0.0,0.0,2.0,0.0,Low,Medium,0,10.0,Low,0,Early-Career Explorer
33,0,Travel_Rarely,267,Research & Development,21,3,Medical,2,Male,79,4,1,Laboratory Technician,2,Married,2028,13637,1,No,18,3,4,3,14,6,3,14,11,2,13,EMP1211,0.1428571428571428,0.7857142857142857,0.4285714285714285,0.9285714285714286,High,Low,0,53.21428571428572,Medium,2,Experienced Professional
37,0,Travel_Frequently,1278,Sales,1,4,Medical,3,Male,31,1,2,Sales Executive,4,Divorced,9525,7677,1,No,14,3,3,2,6,2,2,6,3,1,3,EMP1212,0.1666666666666666,0.5,0.3333333333333333,0.5,Low,Medium,0,39.16666666666666,Medium,1,Developing Professional
34,0,Travel_Rarely,678,Research & Development,19,3,Life Sciences,2,Female,35,2,1,Research Scientist,4,Married,2929,20338,1,No,12,3,2,0,10,3,3,10,9,8,7,EMP1213,0.8,0.9,0.3,0.7,High,Low,1,69.5,High,2,Experienced Professional
23,1,Travel_Rarely,427,Sales,7,3,Life Sciences,3,Male,99,3,1,Sales Representative,4,Divorced,2275,25103,1,Yes,21,4,2,1,3,2,3,3,2,0,2,EMP1214,0.0,0.6666666666666666,0.6666666666666666,0.6666666666666666,Low,Medium,0,40.0,Medium,1,Developing Professional
44,0,Travel_Rarely,921,Research & Development,2,3,Life Sciences,3,Female,96,4,3,Healthcare Representative,4,Married,7879,14810,1,Yes,19,3,2,1,9,2,3,8,7,6,7,EMP1215,0.75,0.875,0.25,0.875,High,Medium,1,79.375,High,2,Experienced Professional
35,0,Travel_Frequently,146,Research & Development,2,4,Medical,1,Male,79,2,1,Research Scientist,4,Single,4930,13970,0,Yes,14,3,3,0,6,2,4,5,4,1,4,EMP1216,0.2,0.8,0.4,0.8,Medium,Medium,0,54.0,Medium,1,Developing Professional
43,0,Travel_Rarely,1179,Sales,2,3,Medical,4,Male,73,3,2,Sales Executive,4,Married,7847,6069,1,Yes,17,3,1,1,10,3,3,10,9,8,8,EMP1217,0.8,0.9,0.3,0.8,High,Low,1,71.0,High,2,Experienced Professional
24,0,Travel_Rarely,581,Research & Development,9,3,Medical,3,Male,62,4,1,Research Scientist,3,Married,4401,17616,1,No,16,3,4,1,5,1,3,5,3,0,4,EMP1218,0.0,0.6,0.2,0.8,Low,High,0,55.0,Medium,1,Developing Professional
41,0,Travel_Rarely,918,Sales,6,3,Marketing,4,Male,35,3,3,Sales Executive,3,Single,9241,15869,1,No,12,3,2,0,10,3,3,10,8,8,7,EMP1219,0.8,0.8,0.3,0.7,High,Low,1,71.5,High,2,Experienced Professional
29,0,Travel_Rarely,1082,Research & Development,9,4,Medical,4,Female,43,3,1,Laboratory Technician,3,Married,2974,25412,9,No,17,3,3,1,9,2,3,5,3,1,2,EMP1220,0.2,0.6,0.4,0.4,Low,Medium,0,47.0,Medium,1,Developing Professional
36,0,Travel_Rarely,530,Sales,2,4,Life Sciences,3,Female,51,3,2,Sales Representative,4,Single,4502,7439,3,No,15,3,3,0,17,2,2,13,7,6,7,EMP1221,0.4615384615384615,0.5384615384615384,0.1538461538461538,0.5384615384615384,High,Medium,1,52.69230769230769,Medium,2,Experienced Professional
45,0,Non-Travel,1238,Research & Development,1,1,Life Sciences,3,Male,74,2,3,Healthcare Representative,3,Married,10748,3395,3,No,23,4,4,1,25,3,2,23,15,14,4,EMP1222,0.6086956521739131,0.6521739130434783,0.1304347826086956,0.1739130434782608,High,Low,1,51.52173913043479,Medium,2,Experienced Professional
24,1,Travel_Rarely,240,Human Resources,22,1,Human Resources,4,Male,58,1,1,Human Resources,3,Married,1555,11585,1,No,11,3,3,1,1,2,3,1,0,0,0,EMP1223,0.0,0.0,2.0,0.0,Low,Medium,0,15.0,Low,0,Early-Career Explorer
47,1,Travel_Frequently,1093,Sales,9,3,Life Sciences,3,Male,82,1,4,Sales Executive,3,Married,12936,24164,7,No,11,3,3,0,25,3,1,23,5,14,10,EMP1224,0.6086956521739131,0.217391304347826,0.1304347826086956,0.4347826086956521,High,Low,1,42.391304347826086,Medium,2,Experienced Professional
26,0,Travel_Rarely,390,Research & Development,17,4,Medical,4,Male,62,1,1,Laboratory Technician,3,Married,2305,6217,1,No,15,3,3,3,3,3,4,3,2,0,2,EMP1225,0.0,0.6666666666666666,1.0,0.6666666666666666,Low,Low,0,35.0,Medium,1,Developing Professional
45,0,Travel_Rarely,1005,Research & Development,28,2,Technical Degree,4,Female,48,2,4,Research Director,2,Single,16704,17119,1,No,11,3,3,0,21,2,3,21,6,8,6,EMP1226,0.3809523809523809,0.2857142857142857,0.0952380952380952,0.2857142857142857,High,Medium,1,48.095238095238095,Medium,2,Experienced Professional
32,0,Travel_Frequently,585,Research & Development,10,3,Life Sciences,1,Male,56,3,1,Research Scientist,3,Married,3433,17360,6,No,13,3,1,1,10,3,2,5,2,1,3,EMP1227,0.2,0.4,0.6,0.6,Low,Low,0,34.0,Medium,1,Developing Professional
31,0,Travel_Rarely,741,Research & Development,2,4,Life Sciences,2,Male,69,3,1,Laboratory Technician,3,Married,3477,18103,1,No,14,3,4,1,6,2,4,5,2,0,3,EMP1228,0.0,0.4,0.4,0.6,Low,Medium,0,36.0,Medium,1,Developing Professional
41,0,Non-Travel,552,Human Resources,4,3,Human Resources,3,Male,60,1,2,Human Resources,2,Married,6430,20794,6,No,19,3,2,1,10,4,3,3,2,1,2,EMP1229,0.3333333333333333,0.6666666666666666,1.3333333333333333,0.6666666666666666,Low,Low,0,53.33333333333333,Medium,1,Developing Professional
40,0,Travel_Rarely,369,Research & Development,8,2,Life Sciences,2,Female,92,3,2,Manufacturing Director,1,Married,6516,5041,2,Yes,16,3,2,1,18,3,3,1,0,0,0,EMP1230,0.0,0.0,3.0,0.0,Low,Low,0,15.0,Low,0,Early-Career Explorer
24,0,Travel_Rarely,506,Research & Development,29,1,Medical,2,Male,91,3,1,Laboratory Technician,1,Divorced,3907,3622,1,No,13,3,2,3,6,2,4,6,2,1,2,EMP1231,0.1666666666666666,0.3333333333333333,0.3333333333333333,0.3333333333333333,Low,Medium,0,46.66666666666666,Medium,1,Developing Professional
46,0,Travel_Rarely,717,Research & Development,13,4,Life Sciences,3,Male,34,3,2,Healthcare Representative,2,Single,5562,9697,6,No,14,3,4,0,19,3,3,10,7,0,9,EMP1232,0.0,0.7,0.3,0.9,High,Low,0,44.5,Medium,1,Developing Professional
35,0,Travel_Rarely,1370,Research & Development,27,4,Life Sciences,4,Male,49,3,2,Manufacturing Director,3,Married,6883,5151,2,No,16,3,2,1,17,3,3,7,7,0,7,EMP1233,0.0,1.0,0.4285714285714285,1.0,High,Low,0,50.0,Medium,1,Developing Professional
30,0,Travel_Rarely,793,Research & Development,16,1,Life Sciences,2,Male,33,3,1,Research Scientist,4,Married,2862,3811,1,No,12,3,2,1,10,2,2,10,0,0,8,EMP1234,0.0,0.0,0.2,0.8,Low,Medium,0,22.0,Low,1,Developing Professional
47,0,Non-Travel,543,Sales,2,4,Marketing,3,Male,87,3,2,Sales Executive,2,Married,4978,3536,7,No,11,3,4,1,4,3,1,1,0,0,0,EMP1235,0.0,0.0,3.0,0.0,Low,Low,0,10.0,Low,0,Early-Career Explorer
46,0,Travel_Rarely,1277,Sales,2,3,Life Sciences,3,Male,74,3,3,Sales Executive,4,Divorced,10368,5596,4,Yes,12,3,2,1,13,5,2,10,6,0,3,EMP1236,0.0,0.6,0.5,0.3,Medium,Low,0,22.5,Low,1,Developing Professional
36,1,Travel_Rarely,1456,Sales,13,5,Marketing,2,Male,96,2,2,Sales Executive,1,Divorced,6134,8658,5,Yes,13,3,2,3,16,3,3,2,2,2,2,EMP1237,1.0,1.0,1.5,1.0,Low,Low,0,100.0,High,1,Developing Professional
32,1,Travel_Rarely,964,Sales,1,2,Life Sciences,1,Male,34,1,2,Sales Executive,2,Single,6735,12147,6,No,15,3,2,0,10,2,3,0,0,0,0,EMP1238,0.0,0.0,2.0,0.0,Low,Medium,0,20.0,Low,0,Early-Career Explorer
23,0,Travel_Rarely,160,Research & Development,4,1,Medical,3,Female,51,3,1,Laboratory Technician,2,Single,3295,12862,1,No,13,3,3,0,3,3,1,3,2,1,2,EMP1239,0.3333333333333333,0.6666666666666666,1.0,0.6666666666666666,Low,Low,0,53.33333333333333,Medium,1,Developing Professional
31,0,Travel_Frequently,163,Research & Development,24,1,Technical Degree,4,Female,30,3,2,Manufacturing Director,4,Single,5238,6670,2,No,20,4,4,0,9,3,2,5,4,1,4,EMP1240,0.2,0.8,0.6,0.8,Medium,Low,0,44.0,Medium,1,Developing Professional
39,0,Non-Travel,792,Research & Development,1,3,Life Sciences,4,Male,77,3,2,Laboratory Technician,4,Married,6472,8989,1,Yes,15,3,4,1,9,2,3,9,8,5,8,EMP1241,0.5555555555555556,0.8888888888888888,0.2222222222222222,0.8888888888888888,High,Medium,1,72.22222222222221,High,2,Experienced Professional
32,0,Travel_Rarely,371,Sales,19,3,Life Sciences,4,Male,80,1,3,Sales Executive,3,Married,9610,3840,3,No,13,3,3,1,10,2,1,4,3,0,2,EMP1242,0.0,0.75,0.5,0.5,Low,Medium,0,45.0,Medium,1,Developing Professional
40,0,Travel_Rarely,611,Sales,7,4,Medical,2,Male,88,3,5,Manager,2,Single,19833,4349,1,No,14,3,2,0,21,3,2,21,8,12,8,EMP1243,0.5714285714285714,0.3809523809523809,0.1428571428571428,0.3809523809523809,High,Low,1,49.99999999999999,Medium,2,Experienced Professional
45,0,Travel_Rarely,176,Human Resources,4,3,Life Sciences,3,Female,56,1,3,Human Resources,3,Married,9756,6595,4,No,21,4,3,2,9,2,4,5,0,0,3,EMP1244,0.0,0.0,0.4,0.6,Low,Medium,0,24.0,Low,1,Developing Professional
30,0,Travel_Frequently,1312,Research & Development,2,4,Technical Degree,4,Female,78,2,1,Research Scientist,1,Single,4968,26427,0,No,16,3,4,0,10,2,3,9,7,0,7,EMP1245,0.0,0.7777777777777778,0.2222222222222222,0.7777777777777778,High,Medium,0,60.0,High,1,Developing Professional
24,0,Travel_Frequently,897,Human Resources,10,3,Medical,1,Male,59,3,1,Human Resources,4,Married,2145,2097,0,No,14,3,4,1,3,2,3,2,2,2,1,EMP1246,1.0,1.0,1.0,0.5,Low,Medium,0,87.5,High,1,Developing Professional
30,1,Travel_Frequently,600,Human Resources,8,3,Human Resources,3,Female,66,2,1,Human Resources,4,Divorced,2180,9732,6,No,11,3,3,1,6,0,2,4,2,1,2,EMP1247,0.25,0.5,0.0,0.5,Low,Medium,0,62.5,High,1,Developing Professional
31,0,Travel_Rarely,1003,Sales,5,3,Technical Degree,1,Male,51,3,2,Sales Executive,3,Married,8346,20943,1,No,19,3,3,1,6,3,3,5,2,0,2,EMP1248,0.0,0.4,0.6,0.4,Low,Low,0,23.0,Low,1,Developing Professional
27,0,Travel_Rarely,1054,Research & Development,8,3,Medical,3,Female,67,3,1,Research Scientist,4,Single,3445,6152,1,No,11,3,3,0,6,5,2,6,2,1,4,EMP1249,0.1666666666666666,0.3333333333333333,0.8333333333333334,0.6666666666666666,Low,Low,0,26.666666666666664,Low,1,Developing Professional
29,1,Travel_Rarely,428,Sales,9,3,Marketing,2,Female,52,1,1,Sales Representative,2,Single,2760,14630,1,No,13,3,3,0,2,3,3,2,2,2,2,EMP1250,1.0,1.0,1.5,1.0,Low,Low,0,95.0,High,1,Developing Professional
29,0,Travel_Frequently,461,Research & Development,1,3,Life Sciences,4,Male,70,4,2,Healthcare Representative,3,Single,6294,23060,8,Yes,12,3,4,0,10,5,4,3,2,0,2,EMP1251,0.0,0.6666666666666666,1.6666666666666667,0.6666666666666666,Low,Low,0,35.0,Medium,1,Developing Professional
30,0,Travel_Rarely,979,Sales,15,2,Marketing,3,Male,94,2,3,Sales Executive,1,Divorced,7140,3088,2,No,11,3,1,1,12,2,3,7,7,1,7,EMP1252,0.1428571428571428,1.0,0.2857142857142857,1.0,High,Medium,0,75.71428571428572,High,1,Developing Professional
34,0,Travel_Rarely,181,Research & Development,2,4,Medical,4,Male,97,4,1,Research Scientist,4,Married,2932,5586,0,Yes,14,3,1,3,6,3,3,5,0,1,2,EMP1253,0.2,0.0,0.6,0.4,Low,Low,0,14.0,Low,1,Developing Professional
33,0,Non-Travel,1283,Sales,2,3,Marketing,4,Female,62,3,2,Sales Executive,2,Single,5147,10697,8,No,15,3,4,0,13,2,2,11,7,1,7,EMP1254,0.0909090909090909,0.6363636363636364,0.1818181818181818,0.6363636363636364,High,Medium,0,52.27272727272727,Medium,1,Developing Professional
49,0,Travel_Rarely,1313,Sales,11,4,Marketing,4,Female,80,3,2,Sales Executive,4,Single,4507,8191,3,No,12,3,3,0,8,1,4,5,1,0,4,EMP1255,0.0,0.2,0.2,0.8,Low,Medium,0,38.0,Medium,1,Developing Professional
33,1,Travel_Rarely,211,Sales,16,3,Life Sciences,1,Female,74,3,3,Sales Executive,1,Single,8564,10092,2,Yes,20,4,3,0,11,2,2,0,0,0,0,EMP1256,0.0,0.0,2.0,0.0,Low,Medium,0,25.0,Low,0,Early-Career Explorer
38,0,Travel_Frequently,594,Research & Development,2,2,Medical,3,Female,75,2,1,Laboratory Technician,2,Married,2468,15963,4,No,14,3,2,1,9,4,2,6,1,0,5,EMP1257,0.0,0.1666666666666666,0.6666666666666666,0.8333333333333334,Low,Low,0,27.5,Low,1,Developing Professional
31,1,Travel_Rarely,1079,Sales,16,4,Marketing,1,Male,70,3,3,Sales Executive,3,Married,8161,19002,2,No,13,3,1,3,10,2,3,1,0,0,0,EMP1258,0.0,0.0,2.0,0.0,Low,Medium,0,15.0,Low,0,Early-Career Explorer
29,0,Travel_Rarely,590,Research & Development,4,3,Technical Degree,4,Female,91,2,1,Research Scientist,1,Divorced,2109,10007,1,No,13,3,3,1,1,2,3,1,0,0,0,EMP1259,0.0,0.0,2.0,0.0,Low,Medium,0,25.0,Low,0,Early-Career Explorer
30,0,Travel_Rarely,305,Research & Development,16,3,Life Sciences,3,Male,58,4,2,Healthcare Representative,3,Married,5294,9128,3,No,16,3,3,1,10,3,3,7,0,1,7,EMP1260,0.1428571428571428,0.0,0.4285714285714285,1.0,Low,Low,0,25.714285714285715,Low,1,Developing Professional
32,0,Non-Travel,953,Research & Development,5,4,Technical Degree,2,Male,65,3,1,Research Scientist,2,Single,2718,17674,2,No,14,3,2,0,12,3,3,7,7,0,7,EMP1261,0.0,1.0,0.4285714285714285,1.0,High,Low,0,55.0,Medium,1,Developing Professional
38,0,Travel_Rarely,833,Research & Development,18,3,Medical,2,Male,60,1,2,Healthcare Representative,4,Married,5811,24539,3,Yes,16,3,3,1,15,2,3,1,0,1,0,EMP1262,1.0,0.0,2.0,0.0,Low,Medium,0,50.0,Medium,0,Early-Career Explorer
43,1,Travel_Frequently,807,Research & Development,17,3,Technical Degree,3,Male,38,2,1,Research Scientist,3,Married,2437,15587,9,Yes,16,3,4,1,6,4,3,1,0,0,0,EMP1263,0.0,0.0,4.0,0.0,Low,Low,0,5.0,Low,0,Early-Career Explorer
42,0,Travel_Rarely,855,Research & Development,12,3,Medical,2,Male,57,3,1,Laboratory Technician,2,Divorced,2766,8952,8,No,22,4,2,3,7,6,2,5,3,0,4,EMP1264,0.0,0.6,1.2,0.8,Low,Low,0,40.0,Medium,1,Developing Professional
55,0,Travel_Rarely,478,Research & Development,2,3,Medical,3,Male,60,2,5,Research Director,1,Married,19038,19805,8,No,12,3,2,3,34,2,3,1,0,0,0,EMP1265,0.0,0.0,2.0,0.0,Low,Medium,0,25.0,Low,0,Early-Career Explorer
33,0,Non-Travel,775,Research & Development,4,3,Technical Degree,4,Male,90,3,2,Research Scientist,2,Divorced,3055,6194,5,No,15,3,4,2,11,2,2,9,8,1,7,EMP1266,0.1111111111111111,0.8888888888888888,0.2222222222222222,0.7777777777777778,High,Medium,0,62.77777777777777,High,1,Developing Professional
41,0,Travel_Rarely,548,Research & Development,9,4,Life Sciences,3,Male,94,3,1,Laboratory Technician,1,Divorced,2289,20520,1,No,20,4,2,2,5,2,3,5,3,0,4,EMP1267,0.0,0.6,0.4,0.8,Low,Medium,0,55.0,Medium,1,Developing Professional
34,0,Non-Travel,1375,Sales,10,3,Life Sciences,4,Male,87,3,2,Sales Executive,3,Divorced,4001,12313,1,Yes,14,3,3,1,15,3,3,15,14,0,7,EMP1268,0.0,0.9333333333333332,0.2,0.4666666666666667,High,Low,0,40.0,Medium,2,Experienced Professional
53,0,Non-Travel,661,Research & Development,1,4,Medical,1,Female,60,2,4,Manufacturing Director,3,Married,12965,22308,4,Yes,20,4,4,3,27,2,2,3,2,0,2,EMP1269,0.0,0.6666666666666666,0.6666666666666666,0.6666666666666666,Low,Medium,0,45.0,Medium,1,Developing Professional
43,0,Travel_Rarely,244,Human Resources,2,3,Life Sciences,2,Male,97,3,1,Human Resources,4,Single,3539,5033,0,No,13,3,2,0,10,5,3,9,7,1,8,EMP1270,0.1111111111111111,0.7777777777777778,0.5555555555555556,0.8888888888888888,High,Low,0,41.11111111111112,Medium,1,Developing Professional
34,0,Travel_Rarely,511,Sales,3,2,Life Sciences,4,Female,32,1,2,Sales Executive,4,Single,6029,25353,5,No,12,3,1,0,6,3,3,2,2,2,2,EMP1271,1.0,1.0,1.5,1.0,Low,Low,0,85.0,High,1,Developing Professional
21,1,Travel_Rarely,337,Sales,7,1,Marketing,2,Male,31,3,1,Sales Representative,2,Single,2679,4567,1,No,13,3,2,0,1,3,3,1,0,1,0,EMP1272,1.0,0.0,3.0,0.0,Low,Low,0,50.0,Medium,0,Early-Career Explorer
38,0,Travel_Rarely,1153,Research & Development,6,2,Other,4,Female,40,2,1,Laboratory Technician,3,Married,3702,16376,1,No,11,3,2,1,5,3,3,5,4,0,4,EMP1273,0.0,0.8,0.6,0.8,Medium,Low,0,41.0,Medium,1,Developing Professional
22,1,Travel_Rarely,1294,Research & Development,8,1,Medical,3,Female,79,3,1,Laboratory Technician,1,Married,2398,15999,1,Yes,17,3,3,0,1,6,3,1,0,0,0,EMP1274,0.0,0.0,6.0,0.0,Low,Low,0,15.0,Low,0,Early-Career Explorer
31,0,Travel_Rarely,196,Sales,29,4,Marketing,1,Female,91,2,2,Sales Executive,4,Married,5468,13402,1,No,14,3,1,2,13,3,3,12,7,5,7,EMP1275,0.4166666666666667,0.5833333333333334,0.25,0.5833333333333334,High,Low,1,42.91666666666667,Medium,2,Experienced Professional
51,0,Travel_Rarely,942,Research & Development,3,3,Technical Degree,1,Female,53,3,3,Manager,3,Married,13116,22984,2,No,11,3,4,0,15,2,3,2,2,2,2,EMP1276,1.0,1.0,1.0,1.0,Low,Medium,0,100.0,High,1,Developing Professional
37,0,Travel_Rarely,589,Sales,9,2,Marketing,2,Male,46,2,2,Sales Executive,2,Married,4189,8800,1,No,14,3,1,2,5,2,3,5,2,0,3,EMP1277,0.0,0.4,0.4,0.6,Low,Medium,0,41.0,Medium,1,Developing Professional
46,0,Travel_Rarely,734,Research & Development,2,4,Medical,3,Male,46,3,5,Research Director,4,Divorced,19328,14218,7,Yes,17,3,3,1,24,3,3,2,1,2,2,EMP1278,1.0,0.5,1.5,1.0,Low,Low,0,70.0,High,1,Developing Professional
36,0,Travel_Rarely,1383,Research & Development,10,3,Life Sciences,4,Male,90,3,3,Healthcare Representative,1,Married,8321,25949,7,Yes,13,3,4,1,15,1,3,12,8,5,7,EMP1279,0.4166666666666667,0.6666666666666666,0.0833333333333333,0.5833333333333334,High,High,1,80.41666666666667,High,2,Experienced Professional
44,1,Travel_Frequently,429,Research & Development,1,2,Medical,3,Male,99,3,1,Research Scientist,2,Divorced,2342,11092,1,Yes,12,3,3,3,6,2,2,5,3,2,3,EMP1280,0.4,0.6,0.4,0.6,Low,Medium,0,63.0,High,1,Developing Professional
37,0,Travel_Rarely,1239,Human Resources,8,2,Other,3,Male,89,3,2,Human Resources,2,Divorced,4071,12832,2,No,13,3,3,0,19,4,2,10,0,4,7,EMP1281,0.4,0.0,0.4,0.7,Medium,Low,0,36.5,Medium,1,Developing Professional
35,1,Travel_Rarely,303,Sales,27,3,Life Sciences,3,Male,84,3,2,Sales Executive,4,Single,5813,13492,1,Yes,18,3,4,0,10,2,3,10,7,7,7,EMP1282,0.7,0.7,0.2,0.7,High,Medium,1,69.5,High,2,Experienced Professional
33,0,Travel_Rarely,867,Research & Development,8,4,Life Sciences,4,Male,90,4,1,Research Scientist,1,Married,3143,6076,6,No,19,3,2,1,14,1,3,10,8,7,6,EMP1283,0.7,0.8,0.1,0.6,High,High,1,96.0,High,2,Experienced Professional
28,0,Travel_Rarely,1181,Research & Development,1,3,Life Sciences,3,Male,82,3,1,Research Scientist,4,Married,2044,5531,1,No,11,3,3,1,5,6,4,5,3,0,3,EMP1284,0.0,0.6,1.2,0.6,Low,Low,0,27.0,Low,1,Developing Professional
39,0,Travel_Rarely,1253,Research & Development,10,1,Medical,3,Male,65,3,3,Research Director,3,Single,13464,7914,7,No,21,4,3,0,9,3,3,4,3,2,2,EMP1285,0.5,0.75,0.75,0.5,Low,Low,0,55.0,Medium,1,Developing Professional
46,0,Non-Travel,849,Sales,26,2,Life Sciences,2,Male,98,2,2,Sales Executive,2,Single,7991,25166,8,No,15,3,3,0,6,3,3,2,2,2,2,EMP1286,1.0,1.0,1.5,1.0,Low,Low,0,95.0,High,1,Developing Professional
40,0,Travel_Rarely,616,Research & Development,2,2,Life Sciences,3,Female,99,3,1,Laboratory Technician,1,Married,3377,25605,4,No,17,3,4,1,7,5,2,4,3,0,2,EMP1287,0.0,0.75,1.25,0.5,Low,Low,0,45.0,Medium,1,Developing Professional
42,0,Travel_Rarely,1128,Research & Development,13,3,Medical,2,Male,95,4,2,Healthcare Representative,1,Married,5538,5696,5,No,18,3,3,2,10,2,2,0,0,0,0,EMP1288,0.0,0.0,2.0,0.0,Low,Medium,0,25.0,Low,0,Early-Career Explorer
35,0,Non-Travel,1180,Research & Development,2,2,Medical,2,Male,90,3,2,Manufacturing Director,4,Divorced,5762,24442,2,No,14,3,3,1,15,6,3,7,7,1,7,EMP1289,0.1428571428571428,1.0,0.8571428571428571,1.0,High,Low,0,50.71428571428572,Medium,1,Developing Professional
38,0,Non-Travel,1336,Human Resources,2,3,Human Resources,1,Male,100,3,1,Human Resources,2,Divorced,2592,7129,5,No,13,3,4,3,13,3,3,11,10,3,8,EMP1290,0.2727272727272727,0.9090909090909092,0.2727272727272727,0.7272727272727273,High,Low,1,59.09090909090909,Medium,2,Experienced Professional
34,1,Travel_Frequently,234,Research & Development,9,4,Life Sciences,4,Male,93,3,2,Laboratory Technician,1,Married,5346,6208,4,No,17,3,3,1,11,3,2,7,1,0,7,EMP1291,0.0,0.1428571428571428,0.4285714285714285,1.0,Low,Low,0,34.285714285714285,Medium,1,Developing Professional
37,1,Travel_Rarely,370,Research & Development,10,4,Medical,4,Male,58,3,2,Manufacturing Director,1,Single,4213,4992,1,No,15,3,2,0,10,4,1,10,3,0,8,EMP1292,0.0,0.3,0.4,0.8,Low,Low,0,36.0,Medium,1,Developing Professional
39,0,Travel_Frequently,766,Sales,20,3,Life Sciences,3,Male,83,3,2,Sales Executive,4,Divorced,4127,19188,2,No,18,3,4,1,7,6,3,2,1,2,2,EMP1293,1.0,0.5,3.0,1.0,Low,Low,0,70.0,High,1,Developing Professional
43,0,Non-Travel,343,Research & Development,9,3,Life Sciences,1,Male,52,3,1,Research Scientist,3,Single,2438,24978,4,No,13,3,3,0,7,2,2,3,2,1,2,EMP1294,0.3333333333333333,0.6666666666666666,0.6666666666666666,0.6666666666666666,Low,Medium,0,58.33333333333333,Medium,1,Developing Professional
41,0,Travel_Rarely,447,Research & Development,5,3,Life Sciences,2,Male,85,4,2,Healthcare Representative,2,Single,6870,15530,3,No,12,3,1,0,11,3,1,3,2,1,2,EMP1295,0.3333333333333333,0.6666666666666666,1.0,0.6666666666666666,Low,Low,0,53.33333333333333,Medium,1,Developing Professional
41,0,Travel_Rarely,796,Sales,4,1,Marketing,3,Female,81,3,3,Sales Executive,3,Divorced,10447,26458,0,Yes,13,3,4,1,23,3,4,22,14,13,5,EMP1296,0.5909090909090909,0.6363636363636364,0.1363636363636363,0.2272727272727272,High,Low,1,51.13636363636363,Medium,2,Experienced Professional
30,0,Travel_Rarely,1092,Research & Development,10,3,Medical,1,Female,64,3,3,Manufacturing Director,3,Single,9667,2739,9,No,14,3,2,0,9,3,3,7,7,0,2,EMP1297,0.0,1.0,0.4285714285714285,0.2857142857142857,High,Low,0,39.285714285714285,Medium,1,Developing Professional
26,1,Travel_Rarely,920,Human Resources,20,2,Medical,4,Female,69,3,1,Human Resources,2,Married,2148,6889,0,Yes,11,3,3,0,6,3,3,5,1,1,4,EMP1298,0.2,0.2,0.6,0.8,Low,Low,0,36.0,Medium,1,Developing Professional
46,1,Travel_Rarely,261,Research & Development,21,2,Medical,4,Female,66,3,2,Healthcare Representative,2,Married,8926,10842,4,No,22,4,4,1,13,2,4,9,7,3,7,EMP1299,0.3333333333333333,0.7777777777777778,0.2222222222222222,0.7777777777777778,High,Medium,1,68.33333333333333,High,1,Developing Professional
40,0,Travel_Rarely,1194,Research & Development,1,3,Life Sciences,3,Female,52,3,2,Healthcare Representative,4,Divorced,6513,9060,4,No,17,3,4,1,12,3,3,5,3,0,3,EMP1300,0.0,0.6,0.6,0.6,Low,Low,0,27.0,Low,1,Developing Professional
34,0,Travel_Rarely,810,Sales,8,2,Technical Degree,2,Male,92,4,2,Sales Executive,3,Married,6799,22128,1,No,21,4,3,2,10,5,3,10,8,4,8,EMP1301,0.4,0.8,0.5,0.8,High,Low,1,57.0,Medium,2,Experienced Professional
58,0,Non-Travel,350,Sales,2,3,Medical,2,Male,52,3,4,Manager,2,Divorced,16291,22577,4,No,22,4,4,1,37,0,2,16,9,14,14,EMP1302,0.875,0.5625,0.0,0.875,High,High,1,100.0,High,2,Experienced Professional
35,0,Travel_Rarely,185,Research & Development,23,4,Medical,2,Male,91,1,1,Laboratory Technician,3,Married,2705,9696,0,No,16,3,2,1,6,2,4,5,4,0,3,EMP1303,0.0,0.8,0.4,0.6,Medium,Medium,0,48.0,Medium,1,Developing Professional
47,0,Travel_Rarely,1001,Research & Development,4,3,Life Sciences,3,Female,92,2,3,Manufacturing Director,2,Divorced,10333,19271,8,Yes,12,3,3,1,28,4,3,22,11,14,10,EMP1304,0.6363636363636364,0.5,0.1818181818181818,0.4545454545454545,High,Low,1,57.27272727272727,Medium,2,Experienced Professional
40,0,Travel_Rarely,750,Research & Development,12,3,Life Sciences,2,Female,47,3,2,Healthcare Representative,1,Divorced,4448,10748,2,No,12,3,2,1,15,3,3,7,4,7,7,EMP1305,1.0,0.5714285714285714,0.4285714285714285,1.0,High,Low,1,87.14285714285714,High,2,Experienced Professional
54,0,Travel_Rarely,431,Research & Development,7,4,Medical,4,Female,68,3,2,Research Scientist,4,Married,6854,15696,4,No,15,3,2,1,14,2,2,7,1,1,7,EMP1306,0.1428571428571428,0.1428571428571428,0.2857142857142857,1.0,Low,Medium,0,35.0,Medium,1,Developing Professional
31,0,Travel_Frequently,1125,Sales,7,4,Marketing,1,Female,68,3,3,Sales Executive,1,Married,9637,8277,2,No,14,3,4,2,9,3,3,3,2,2,2,EMP1307,0.6666666666666666,0.6666666666666666,1.0,0.6666666666666666,Low,Low,0,71.66666666666666,High,1,Developing Professional
28,0,Travel_Rarely,1217,Research & Development,1,3,Medical,3,Female,67,3,1,Research Scientist,1,Married,3591,12719,1,No,25,4,3,1,3,3,3,3,2,1,2,EMP1308,0.3333333333333333,0.6666666666666666,1.0,0.6666666666666666,Low,Low,0,58.33333333333333,Medium,1,Developing Professional
38,0,Travel_Rarely,723,Sales,2,4,Marketing,2,Female,77,1,2,Sales Representative,4,Married,5405,4244,2,Yes,20,4,1,2,20,4,2,4,2,0,3,EMP1309,0.0,0.5,1.0,0.75,Low,Low,0,26.25,Low,1,Developing Professional
26,0,Travel_Rarely,572,Sales,10,3,Medical,3,Male,46,3,2,Sales Executive,4,Single,4684,9125,1,No,13,3,1,0,5,4,3,5,3,1,2,EMP1310,0.2,0.6,0.8,0.4,Low,Low,0,32.0,Medium,1,Developing Professional
58,0,Travel_Frequently,1216,Research & Development,15,4,Life Sciences,1,Male,87,3,4,Research Director,3,Married,15787,21624,2,Yes,14,3,2,0,23,3,3,2,2,2,2,EMP1311,1.0,1.0,1.5,1.0,Low,Low,0,90.0,High,1,Developing Professional
18,0,Non-Travel,1431,Research & Development,14,3,Medical,2,Female,33,3,1,Research Scientist,3,Single,1514,8018,1,No,16,3,3,0,0,4,1,0,0,0,0,EMP1312,0.0,0.0,4.0,0.0,Low,Low,0,5.0,Low,0,Early-Career Explorer
31,1,Travel_Rarely,359,Human Resources,18,5,Human Resources,4,Male,89,4,1,Human Resources,1,Married,2956,21495,0,No,17,3,3,0,2,4,3,1,0,0,0,EMP1313,0.0,0.0,4.0,0.0,Low,Low,0,15.0,Low,0,Early-Career Explorer
29,1,Travel_Rarely,350,Human Resources,13,3,Human Resources,1,Male,56,2,1,Human Resources,1,Divorced,2335,3157,4,Yes,15,3,4,3,4,3,3,2,2,2,0,EMP1314,1.0,1.0,1.5,0.0,Low,Low,0,85.0,High,1,Developing Professional
45,0,Non-Travel,589,Sales,2,4,Life Sciences,3,Female,67,3,2,Sales Executive,3,Married,5154,19665,4,No,22,4,2,2,10,3,4,8,7,5,7,EMP1315,0.625,0.875,0.375,0.875,High,Low,1,69.375,High,2,Experienced Professional
36,0,Travel_Rarely,430,Research & Development,2,4,Other,4,Female,73,3,2,Research Scientist,2,Married,6962,19573,4,Yes,22,4,4,1,15,2,3,1,0,0,0,EMP1316,0.0,0.0,2.0,0.0,Low,Medium,0,20.0,Low,0,Early-Career Explorer
43,0,Travel_Frequently,1422,Sales,2,4,Life Sciences,1,Male,92,3,2,Sales Executive,4,Married,5675,19246,1,No,20,4,3,1,7,5,3,7,7,7,7,EMP1317,1.0,1.0,0.7142857142857143,1.0,High,Low,1,85.0,High,2,Experienced Professional
27,0,Travel_Frequently,1297,Research & Development,5,2,Life Sciences,4,Female,53,3,1,Laboratory Technician,4,Single,2379,19826,0,Yes,14,3,3,0,6,3,2,5,4,0,2,EMP1318,0.0,0.8,0.6,0.4,Medium,Low,0,30.0,Medium,1,Developing Professional
29,0,Travel_Frequently,574,Research & Development,20,1,Medical,4,Male,40,3,1,Laboratory Technician,4,Married,3812,7003,1,No,13,3,2,0,11,3,4,11,8,3,10,EMP1319,0.2727272727272727,0.7272727272727273,0.2727272727272727,0.9090909090909092,High,Low,1,46.36363636363636,Medium,2,Experienced Professional
32,0,Travel_Frequently,1318,Sales,10,4,Marketing,4,Male,79,3,2,Sales Executive,4,Single,4648,26075,8,No,13,3,3,0,4,2,4,0,0,0,0,EMP1320,0.0,0.0,2.0,0.0,Low,Medium,0,10.0,Low,0,Early-Career Explorer
42,0,Non-Travel,355,Research & Development,10,4,Technical Degree,3,Male,38,3,1,Research Scientist,3,Married,2936,6161,3,No,22,4,2,2,10,1,2,6,3,3,3,EMP1321,0.5,0.5,0.1666666666666666,0.5,Medium,High,1,67.5,High,1,Developing Professional
47,0,Travel_Rarely,207,Research & Development,9,4,Life Sciences,2,Female,64,3,1,Laboratory Technician,3,Single,2105,5411,4,No,12,3,3,0,7,2,3,2,2,2,0,EMP1322,1.0,1.0,1.0,0.0,Low,Medium,0,85.0,High,1,Developing Professional
46,0,Travel_Rarely,706,Research & Development,2,2,Life Sciences,4,Male,82,3,3,Manufacturing Director,4,Divorced,8578,19989,3,No,14,3,3,1,12,4,2,9,8,4,7,EMP1323,0.4444444444444444,0.8888888888888888,0.4444444444444444,0.7777777777777778,High,Low,1,56.11111111111111,Medium,2,Experienced Professional
28,0,Non-Travel,280,Human Resources,1,2,Life Sciences,3,Male,43,3,1,Human Resources,4,Divorced,2706,10494,1,No,15,3,2,1,3,2,3,3,2,2,2,EMP1324,0.6666666666666666,0.6666666666666666,0.6666666666666666,0.6666666666666666,Low,Medium,0,66.66666666666666,High,1,Developing Professional
29,0,Travel_Rarely,726,Research & Development,29,1,Life Sciences,4,Male,93,1,2,Healthcare Representative,3,Divorced,6384,21143,8,No,17,3,4,2,11,3,3,7,0,1,6,EMP1325,0.1428571428571428,0.0,0.4285714285714285,0.8571428571428571,Low,Low,0,23.57142857142857,Low,1,Developing Professional
42,0,Travel_Rarely,1142,Research & Development,8,3,Life Sciences,4,Male,81,3,1,Laboratory Technician,3,Single,3968,13624,4,No,13,3,4,0,8,3,3,0,0,0,0,EMP1326,0.0,0.0,3.0,0.0,Low,Low,0,5.0,Low,0,Early-Career Explorer
32,1,Travel_Rarely,414,Sales,2,4,Marketing,3,Male,82,2,2,Sales Executive,2,Single,9907,26186,7,Yes,12,3,3,0,7,3,2,2,2,2,2,EMP1327,1.0,1.0,1.5,1.0,Low,Low,0,95.0,High,1,Developing Professional
46,0,Travel_Rarely,1319,Sales,3,3,Technical Degree,1,Female,45,4,4,Sales Executive,1,Divorced,13225,7739,2,No,12,3,4,1,25,5,3,19,17,2,8,EMP1328,0.1052631578947368,0.8947368421052632,0.2631578947368421,0.4210526315789473,High,Low,0,52.368421052631575,Medium,2,Experienced Professional
27,0,Travel_Rarely,728,Sales,23,1,Medical,2,Female,36,2,2,Sales Representative,3,Married,3540,7018,1,No,21,4,4,1,9,5,3,9,8,5,8,EMP1329,0.5555555555555556,0.8888888888888888,0.5555555555555556,0.8888888888888888,High,Low,1,67.22222222222221,High,2,Experienced Professional
29,0,Travel_Rarely,352,Human Resources,6,1,Medical,4,Male,87,2,1,Human Resources,2,Married,2804,15434,1,No,11,3,4,0,1,3,3,1,0,0,0,EMP1330,0.0,0.0,3.0,0.0,Low,Low,0,10.0,Low,0,Early-Career Explorer
43,0,Travel_Rarely,823,Research & Development,6,3,Medical,1,Female,81,2,5,Manager,3,Married,19392,22539,7,No,13,3,4,0,21,2,3,16,12,6,14,EMP1331,0.375,0.75,0.125,0.875,High,Medium,1,65.625,High,2,Experienced Professional
48,0,Travel_Rarely,1224,Research & Development,10,3,Life Sciences,4,Male,91,2,5,Research Director,2,Married,19665,13583,4,No,12,3,4,0,29,3,3,22,10,12,9,EMP1332,0.5454545454545454,0.4545454545454545,0.1363636363636363,0.4090909090909091,High,Low,1,51.59090909090909,Medium,2,Experienced Professional
29,1,Travel_Frequently,459,Research & Development,24,2,Life Sciences,4,Male,73,2,1,Research Scientist,4,Single,2439,14753,1,Yes,24,4,2,0,1,3,2,1,0,1,0,EMP1333,1.0,0.0,3.0,0.0,Low,Low,0,40.0,Medium,0,Early-Career Explorer
46,1,Travel_Rarely,1254,Sales,10,3,Life Sciences,3,Female,64,3,3,Sales Executive,2,Married,7314,14011,5,No,21,4,3,3,14,2,3,8,7,0,7,EMP1334,0.0,0.875,0.25,0.875,High,Medium,0,59.375,Medium,1,Developing Professional
27,0,Travel_Frequently,1131,Research & Development,15,3,Life Sciences,4,Female,77,2,1,Research Scientist,1,Married,4774,23844,0,No,19,3,4,1,8,2,2,7,6,7,3,EMP1335,1.0,0.8571428571428571,0.2857142857142857,0.4285714285714285,High,Medium,1,97.14285714285714,High,1,Developing Professional
39,0,Travel_Rarely,835,Research & Development,19,4,Other,4,Male,41,3,2,Research Scientist,4,Divorced,3902,5141,8,No,14,3,2,3,7,2,3,2,2,2,2,EMP1336,1.0,1.0,1.0,1.0,Low,Medium,0,95.0,High,1,Developing Professional
55,0,Travel_Rarely,836,Research & Development,2,4,Technical Degree,2,Male,98,2,1,Research Scientist,4,Married,2662,7975,8,No,20,4,2,1,19,2,4,5,2,0,4,EMP1337,0.0,0.4,0.4,0.8,Low,Medium,0,34.0,Medium,1,Developing Professional
28,0,Travel_Rarely,1172,Sales,3,3,Medical,2,Female,78,3,1,Sales Representative,2,Married,2856,3692,1,No,19,3,4,1,1,3,3,1,0,0,0,EMP1338,0.0,0.0,3.0,0.0,Low,Low,0,10.0,Low,0,Early-Career Explorer
30,1,Travel_Rarely,945,Sales,9,3,Medical,2,Male,89,3,1,Sales Representative,4,Single,1081,16019,1,No,13,3,3,0,1,3,2,1,0,0,0,EMP1339,0.0,0.0,3.0,0.0,Low,Low,0,0.0,Low,0,Early-Career Explorer
22,1,Travel_Rarely,391,Research & Development,7,1,Life Sciences,4,Male,75,3,1,Research Scientist,2,Single,2472,26092,1,Yes,23,4,1,0,1,2,3,1,0,0,0,EMP1340,0.0,0.0,2.0,0.0,Low,Medium,0,20.0,Low,0,Early-Career Explorer
36,0,Travel_Rarely,1266,Sales,10,4,Technical Degree,2,Female,63,2,2,Sales Executive,3,Married,5673,6060,1,Yes,13,3,1,1,10,4,3,10,9,1,7,EMP1341,0.1,0.9,0.4,0.7,High,Low,0,46.5,Medium,1,Developing Professional
31,0,Travel_Rarely,311,Research & Development,20,3,Life Sciences,2,Male,89,3,2,Laboratory Technician,3,Divorced,4197,18624,1,No,11,3,1,1,10,2,3,10,8,0,2,EMP1342,0.0,0.8,0.2,0.2,High,Medium,0,42.0,Medium,1,Developing Professional
34,0,Travel_Rarely,1480,Sales,4,3,Life Sciences,3,Male,64,3,3,Sales Executive,4,Married,9713,24444,2,Yes,13,3,4,3,9,3,3,5,3,1,0,EMP1343,0.2,0.6,0.6,0.0,Low,Low,0,26.0,Low,1,Developing Professional
29,0,Travel_Rarely,592,Research & Development,7,3,Life Sciences,4,Male,59,3,1,Laboratory Technician,1,Single,2062,19384,3,No,14,3,2,0,11,2,3,3,2,1,2,EMP1344,0.3333333333333333,0.6666666666666666,0.6666666666666666,0.6666666666666666,Low,Medium,0,68.33333333333333,High,1,Developing Professional
37,0,Travel_Rarely,783,Research & Development,7,4,Medical,4,Male,78,3,2,Research Scientist,1,Married,4284,13588,5,Yes,22,4,3,1,16,2,3,5,3,0,4,EMP1345,0.0,0.6,0.4,0.8,Low,Medium,0,55.0,Medium,1,Developing Professional
35,0,Travel_Rarely,219,Research & Development,16,2,Other,4,Female,44,2,2,Manufacturing Director,2,Married,4788,25388,0,Yes,11,3,4,0,4,2,3,3,2,0,2,EMP1346,0.0,0.6666666666666666,0.6666666666666666,0.6666666666666666,Low,Medium,0,50.0,Medium,1,Developing Professional
45,0,Travel_Rarely,556,Research & Development,25,2,Life Sciences,2,Female,93,2,2,Manufacturing Director,4,Married,5906,23888,0,No,13,3,4,2,10,2,2,9,8,3,8,EMP1347,0.3333333333333333,0.8888888888888888,0.2222222222222222,0.8888888888888888,High,Medium,1,63.33333333333333,High,1,Developing Professional
36,0,Travel_Frequently,1213,Human Resources,2,1,Human Resources,2,Male,94,2,2,Human Resources,4,Single,3886,4223,1,No,21,4,4,0,10,2,2,10,1,0,8,EMP1348,0.0,0.1,0.2,0.8,Low,Medium,0,25.0,Low,1,Developing Professional
40,0,Travel_Rarely,1137,Research & Development,1,4,Life Sciences,1,Male,98,3,4,Manager,1,Divorced,16823,18991,2,No,11,3,1,1,22,3,3,19,7,11,16,EMP1349,0.5789473684210527,0.3684210526315789,0.1578947368421052,0.8421052631578947,High,Low,1,61.84210526315789,High,2,Experienced Professional
26,0,Travel_Rarely,482,Research & Development,1,2,Life Sciences,2,Female,90,2,1,Research Scientist,3,Married,2933,14908,1,Yes,13,3,3,1,1,3,2,1,0,1,0,EMP1350,1.0,0.0,3.0,0.0,Low,Low,0,45.0,Medium,0,Early-Career Explorer
27,0,Travel_Rarely,511,Sales,2,2,Medical,1,Female,89,4,2,Sales Executive,3,Single,6500,26997,0,No,14,3,2,0,9,5,2,8,7,0,7,EMP1351,0.0,0.875,0.625,0.875,High,Low,0,44.375,Medium,1,Developing Professional
48,0,Travel_Frequently,117,Research & Development,22,3,Medical,4,Female,58,3,4,Manager,4,Divorced,17174,2437,3,No,11,3,2,1,24,3,3,22,17,4,7,EMP1352,0.1818181818181818,0.7727272727272727,0.1363636363636363,0.3181818181818182,High,Low,1,35.22727272727273,Medium,2,Experienced Professional
44,0,Travel_Rarely,170,Research & Development,1,4,Life Sciences,2,Male,78,4,2,Healthcare Representative,1,Married,5033,9364,2,No,15,3,4,1,10,5,3,2,0,2,2,EMP1353,1.0,0.0,2.5,1.0,Low,Low,0,70.0,High,1,Developing Professional
34,1,Non-Travel,967,Research & Development,16,4,Technical Degree,4,Male,85,1,1,Research Scientist,1,Married,2307,14460,1,Yes,23,4,2,1,5,2,3,5,2,3,0,EMP1354,0.6,0.4,0.4,0.0,Medium,Medium,0,61.0,High,1,Developing Professional
56,1,Travel_Rarely,1162,Research & Development,24,2,Life Sciences,1,Male,97,3,1,Laboratory Technician,4,Single,2587,10261,1,No,16,3,4,0,5,3,3,4,2,1,0,EMP1355,0.25,0.5,0.75,0.0,Low,Low,0,25.0,Low,1,Developing Professional
36,0,Travel_Rarely,335,Sales,17,2,Marketing,3,Male,33,2,2,Sales Executive,2,Married,5507,16822,2,No,16,3,3,2,12,1,1,4,2,1,3,EMP1356,0.25,0.5,0.25,0.75,Low,Medium,0,66.25,High,1,Developing Professional
41,0,Travel_Rarely,337,Sales,8,3,Marketing,3,Female,54,3,2,Sales Executive,2,Married,4393,26841,5,No,21,4,3,1,14,3,3,5,4,1,4,EMP1357,0.2,0.8,0.6,0.8,Medium,Low,0,54.0,Medium,1,Developing Professional
42,0,Travel_Rarely,1396,Research & Development,6,3,Medical,3,Male,83,3,3,Research Director,1,Married,13348,14842,9,No,13,3,2,1,18,3,4,13,7,5,7,EMP1358,0.3846153846153846,0.5384615384615384,0.2307692307692307,0.5384615384615384,High,Low,1,54.61538461538461,Medium,2,Experienced Professional
31,0,Travel_Rarely,1079,Sales,10,2,Medical,3,Female,86,3,2,Sales Executive,4,Divorced,6583,20115,2,Yes,11,3,4,1,8,2,3,5,2,1,4,EMP1359,0.2,0.4,0.4,0.8,Low,Medium,0,42.0,Medium,1,Developing Professional
34,0,Travel_Rarely,735,Sales,3,1,Medical,4,Female,75,2,2,Sales Executive,4,Married,8103,16495,3,Yes,12,3,3,0,9,3,2,4,2,0,1,EMP1360,0.0,0.5,0.75,0.25,Low,Low,0,18.75,Low,1,Developing Professional
31,0,Travel_Rarely,471,Research & Development,4,3,Medical,1,Female,62,4,1,Laboratory Technician,3,Divorced,3978,16031,8,No,12,3,2,1,4,0,2,2,2,2,2,EMP1361,1.0,1.0,0.0,1.0,Low,Medium,0,100.0,High,1,Developing Professional
26,0,Travel_Frequently,1096,Research & Development,6,3,Other,3,Male,61,4,1,Laboratory Technician,4,Married,2544,7102,0,No,18,3,1,1,8,3,3,7,7,7,7,EMP1362,1.0,1.0,0.4285714285714285,1.0,High,Low,1,85.0,High,2,Experienced Professional
45,0,Travel_Frequently,1297,Research & Development,1,4,Medical,2,Male,44,3,2,Healthcare Representative,3,Single,5399,14511,4,No,12,3,3,0,12,3,3,4,2,0,3,EMP1363,0.0,0.5,0.75,0.75,Low,Low,0,31.25,Medium,1,Developing Professional
33,0,Travel_Rarely,217,Sales,10,4,Marketing,2,Male,43,3,2,Sales Executive,3,Single,5487,10410,1,No,14,3,2,0,10,2,2,10,4,0,9,EMP1364,0.0,0.4,0.2,0.9,Medium,Medium,0,40.5,Medium,1,Developing Professional
28,0,Travel_Frequently,783,Sales,1,2,Life Sciences,3,Male,42,2,2,Sales Executive,4,Married,6834,19255,1,Yes,12,3,3,1,7,2,3,7,7,0,7,EMP1365,0.0,1.0,0.2857142857142857,1.0,High,Medium,0,55.0,Medium,1,Developing Professional
29,1,Travel_Frequently,746,Sales,24,3,Technical Degree,3,Male,45,4,1,Sales Representative,1,Single,1091,10642,1,No,17,3,4,0,1,3,3,1,0,0,0,EMP1366,0.0,0.0,3.0,0.0,Low,Low,0,15.0,Low,0,Early-Career Explorer
39,0,Non-Travel,1251,Sales,21,4,Life Sciences,1,Female,32,1,2,Sales Executive,3,Married,5736,3987,6,No,19,3,3,1,10,1,3,3,2,1,2,EMP1367,0.3333333333333333,0.6666666666666666,0.3333333333333333,0.6666666666666666,Low,Medium,0,68.33333333333333,High,1,Developing Professional
27,0,Travel_Rarely,1354,Research & Development,2,4,Technical Degree,2,Male,41,3,1,Research Scientist,2,Married,2226,6073,1,No,11,3,3,1,6,3,2,5,3,1,2,EMP1368,0.2,0.6,0.6,0.4,Low,Low,0,42.0,Medium,1,Developing Professional
34,0,Travel_Frequently,735,Research & Development,22,4,Other,3,Male,86,2,2,Research Scientist,4,Married,5747,26496,1,Yes,15,3,2,0,16,3,3,15,10,6,11,EMP1369,0.4,0.6666666666666666,0.2,0.7333333333333333,High,Low,1,47.0,Medium,2,Experienced Professional
28,1,Travel_Rarely,1475,Sales,13,2,Marketing,4,Female,84,3,2,Sales Executive,3,Single,9854,23352,3,Yes,11,3,4,0,6,0,3,2,0,2,2,EMP1370,1.0,0.0,0.0,1.0,Low,Medium,0,90.0,High,1,Developing Professional
47,0,Non-Travel,1169,Research & Development,14,4,Technical Degree,3,Male,64,3,2,Research Scientist,2,Married,5467,2125,8,No,18,3,3,1,16,4,4,8,7,1,7,EMP1371,0.125,0.875,0.5,0.875,High,Low,0,54.375,Medium,1,Developing Professional
56,0,Travel_Rarely,1443,Sales,11,5,Marketing,4,Female,89,2,2,Sales Executive,1,Married,5380,20328,4,No,16,3,3,1,6,3,3,0,0,0,0,EMP1372,0.0,0.0,3.0,0.0,Low,Low,0,15.0,Low,0,Early-Career Explorer
39,0,Travel_Rarely,867,Research & Development,9,2,Medical,1,Male,87,3,2,Manufacturing Director,1,Married,5151,12315,1,No,25,4,4,1,10,3,3,10,0,7,9,EMP1373,0.7,0.0,0.3,0.9,High,Low,0,56.5,Medium,2,Experienced Professional
38,0,Travel_Frequently,1394,Research & Development,8,3,Medical,4,Female,58,2,2,Research Scientist,2,Divorced,2133,18115,1,Yes,16,3,3,1,20,3,3,20,11,0,7,EMP1374,0.0,0.55,0.15,0.35,High,Low,0,31.75,Medium,2,Experienced Professional
58,0,Travel_Rarely,605,Sales,21,3,Life Sciences,4,Female,72,3,4,Manager,4,Married,17875,11761,4,Yes,13,3,3,1,29,2,2,1,0,0,0,EMP1375,0.0,0.0,2.0,0.0,Low,Medium,0,10.0,Low,0,Early-Career Explorer
32,1,Travel_Frequently,238,Research & Development,5,2,Life Sciences,1,Female,47,4,1,Research Scientist,3,Single,2432,15318,3,Yes,14,3,1,0,8,2,3,4,1,0,3,EMP1376,0.0,0.25,0.5,0.75,Low,Medium,0,33.75,Medium,1,Developing Professional
38,0,Travel_Rarely,1206,Research & Development,9,2,Life Sciences,2,Male,71,3,1,Research Scientist,4,Divorced,4771,14293,2,No,19,3,4,2,10,0,4,5,2,0,3,EMP1377,0.0,0.4,0.0,0.6,Low,Medium,0,51.0,Medium,1,Developing Professional
49,0,Travel_Frequently,1064,Research & Development,2,1,Life Sciences,2,Male,42,3,5,Research Director,4,Married,19161,13738,3,No,15,3,4,0,28,3,3,5,4,4,3,EMP1378,0.8,0.8,0.6,0.6,Medium,Low,1,65.0,High,2,Experienced Professional
42,0,Travel_Rarely,419,Sales,12,4,Marketing,2,Male,77,3,2,Sales Executive,4,Divorced,5087,2900,3,Yes,12,3,3,2,14,4,3,0,0,0,0,EMP1379,0.0,0.0,4.0,0.0,Low,Low,0,0.0,Low,0,Early-Career Explorer
27,1,Travel_Frequently,1337,Human Resources,22,3,Human Resources,1,Female,58,2,1,Human Resources,2,Married,2863,19555,1,No,12,3,1,0,1,2,3,1,0,0,0,EMP1380,0.0,0.0,2.0,0.0,Low,Medium,0,20.0,Low,0,Early-Career Explorer
35,0,Travel_Rarely,682,Sales,18,4,Medical,2,Male,71,3,2,Sales Executive,1,Married,5561,15975,0,No,16,3,4,1,6,2,1,5,3,0,4,EMP1381,0.0,0.6,0.4,0.8,Low,Medium,0,55.0,Medium,1,Developing Professional
28,0,Non-Travel,1103,Research & Development,16,3,Medical,3,Male,49,3,1,Research Scientist,3,Single,2144,2122,1,No,14,3,3,0,5,3,2,5,3,1,4,EMP1382,0.2,0.6,0.6,0.8,Low,Low,0,43.0,Medium,1,Developing Professional
31,0,Non-Travel,976,Research & Development,3,2,Medical,3,Male,48,3,1,Research Scientist,1,Divorced,3065,3995,1,Yes,13,3,4,1,4,3,4,4,2,2,3,EMP1383,0.5,0.5,0.75,0.75,Low,Low,0,61.25,High,1,Developing Professional
36,0,Non-Travel,1351,Research & Development,9,4,Life Sciences,1,Male,66,4,1,Laboratory Technician,2,Married,2810,9238,1,No,22,4,2,0,5,3,3,5,4,0,2,EMP1384,0.0,0.8,0.6,0.4,Medium,Low,0,40.0,Medium,1,Developing Professional
34,0,Travel_Rarely,937,Sales,1,3,Marketing,1,Male,32,3,3,Sales Executive,4,Single,9888,6770,1,No,21,4,1,0,14,3,2,14,8,2,1,EMP1385,0.1428571428571428,0.5714285714285714,0.2142857142857142,0.0714285714285714,High,Low,0,23.928571428571427,Low,1,Developing Professional
34,0,Travel_Rarely,1239,Sales,13,4,Medical,4,Male,39,3,3,Sales Executive,3,Divorced,8628,22914,1,No,18,3,3,1,9,2,2,8,7,1,1,EMP1386,0.125,0.875,0.25,0.125,High,Medium,0,48.125,Medium,1,Developing Professional
26,0,Travel_Rarely,157,Research & Development,1,3,Medical,3,Male,95,3,1,Laboratory Technician,1,Single,2867,20006,0,No,13,3,4,0,8,6,2,7,7,7,6,EMP1387,1.0,1.0,0.8571428571428571,0.8571428571428571,High,Low,1,97.85714285714286,High,2,Experienced Professional
29,0,Travel_Rarely,136,Research & Development,1,3,Life Sciences,1,Male,89,3,2,Healthcare Representative,1,Married,5373,6225,0,No,12,3,1,1,6,5,2,5,3,0,2,EMP1388,0.0,0.6,1.0,0.4,Low,Low,0,39.0,Medium,1,Developing Professional
32,0,Non-Travel,1146,Research & Development,15,4,Medical,3,Female,34,3,2,Healthcare Representative,4,Divorced,6667,16542,5,No,18,3,2,1,9,6,3,5,1,1,2,EMP1389,0.2,0.2,1.2,0.4,Low,Low,0,20.0,Low,1,Developing Professional
31,0,Travel_Frequently,1125,Research & Development,1,3,Life Sciences,4,Male,48,1,2,Research Scientist,1,Married,5003,5771,1,No,21,4,2,0,10,6,3,10,8,8,7,EMP1390,0.8,0.8,0.6,0.7,High,Low,1,81.5,High,2,Experienced Professional
28,1,Travel_Rarely,1404,Research & Development,17,3,Technical Degree,3,Male,32,2,1,Laboratory Technician,4,Divorced,2367,18779,5,No,12,3,1,1,6,2,2,4,1,0,3,EMP1391,0.0,0.25,0.5,0.75,Low,Medium,0,28.75,Low,1,Developing Professional
38,0,Travel_Rarely,1404,Sales,1,3,Life Sciences,1,Male,59,2,1,Sales Representative,1,Single,2858,11473,4,No,14,3,1,0,20,3,2,1,0,0,0,EMP1392,0.0,0.0,3.0,0.0,Low,Low,0,15.0,Low,0,Early-Career Explorer
35,0,Travel_Rarely,1224,Sales,7,4,Life Sciences,3,Female,55,3,2,Sales Executive,4,Married,5204,13586,1,Yes,11,3,4,0,10,2,3,10,8,0,9,EMP1393,0.0,0.8,0.2,0.9,High,Medium,0,47.5,Medium,1,Developing Professional
27,0,Travel_Rarely,954,Sales,9,3,Marketing,4,Male,44,3,2,Sales Executive,4,Single,4105,5099,1,No,14,3,1,0,7,5,3,7,7,0,7,EMP1394,0.0,1.0,0.7142857142857143,1.0,High,Low,0,45.0,Medium,1,Developing Professional
32,0,Travel_Rarely,1373,Research & Development,5,4,Life Sciences,4,Male,56,2,2,Manufacturing Director,4,Single,9679,10138,8,No,24,4,2,0,8,1,3,1,0,0,0,EMP1395,0.0,0.0,1.0,0.0,Low,Medium,0,20.0,Low,0,Early-Career Explorer
31,1,Travel_Frequently,754,Sales,26,4,Marketing,1,Male,63,3,2,Sales Executive,4,Married,5617,21075,1,Yes,11,3,3,0,10,4,3,10,7,0,8,EMP1396,0.0,0.7,0.4,0.8,High,Low,0,33.0,Medium,1,Developing Professional
53,1,Travel_Rarely,1168,Sales,24,4,Life Sciences,1,Male,66,3,3,Sales Executive,1,Single,10448,5843,6,Yes,13,3,2,0,15,2,2,2,2,2,2,EMP1397,1.0,1.0,1.0,1.0,Low,Medium,0,100.0,High,1,Developing Professional
54,0,Travel_Rarely,155,Research & Development,9,2,Life Sciences,1,Female,67,3,2,Research Scientist,3,Married,2897,22474,3,No,11,3,3,2,9,6,2,4,3,2,3,EMP1398,0.5,0.75,1.5,0.75,Low,Low,0,58.75,Medium,1,Developing Professional
33,0,Travel_Frequently,1303,Research & Development,7,2,Life Sciences,4,Male,36,3,2,Healthcare Representative,3,Divorced,5968,18079,1,No,20,4,3,3,9,2,3,9,7,2,8,EMP1399,0.2222222222222222,0.7777777777777778,0.2222222222222222,0.8888888888888888,High,Medium,0,60.55555555555556,High,1,Developing Professional
43,0,Travel_Rarely,574,Research & Development,11,3,Life Sciences,1,Male,30,3,3,Healthcare Representative,3,Married,7510,16873,1,No,17,3,2,1,10,1,3,10,9,0,9,EMP1400,0.0,0.9,0.1,0.9,High,High,0,65.5,High,1,Developing Professional
38,0,Travel_Frequently,1444,Human Resources,1,4,Other,4,Male,88,3,1,Human Resources,2,Married,2991,5224,0,Yes,11,3,2,1,7,2,3,6,2,1,2,EMP1401,0.1666666666666666,0.3333333333333333,0.3333333333333333,0.3333333333333333,Low,Medium,0,41.66666666666666,Medium,1,Developing Professional
55,0,Travel_Rarely,189,Human Resources,26,4,Human Resources,3,Male,71,4,5,Manager,2,Married,19636,25811,4,Yes,18,3,1,1,35,0,3,10,9,1,4,EMP1402,0.1,0.9,0.0,0.4,High,High,0,77.0,High,2,Experienced Professional
31,0,Travel_Rarely,1276,Research & Development,2,1,Medical,4,Female,59,1,1,Laboratory Technician,4,Divorced,1129,17536,1,Yes,11,3,3,3,1,4,3,1,0,0,0,EMP1403,0.0,0.0,4.0,0.0,Low,Low,0,0.0,Low,0,Early-Career Explorer
39,0,Travel_Rarely,119,Sales,15,4,Marketing,2,Male,77,3,4,Sales Executive,1,Single,13341,25098,0,No,12,3,1,0,21,3,3,20,8,11,10,EMP1404,0.55,0.4,0.15,0.5,High,Low,1,56.5,Medium,2,Experienced Professional
42,0,Non-Travel,335,Research & Development,23,2,Life Sciences,4,Male,37,2,2,Research Scientist,3,Single,4332,14811,1,No,12,3,4,0,20,2,3,20,9,3,7,EMP1405,0.15,0.45,0.1,0.35,High,Medium,1,39.75,Medium,2,Experienced Professional
31,0,Non-Travel,697,Research & Development,10,3,Medical,3,Female,40,3,3,Research Director,3,Married,11031,26862,4,No,20,4,3,1,13,2,4,11,7,4,8,EMP1406,0.3636363636363636,0.6363636363636364,0.1818181818181818,0.7272727272727273,High,Medium,1,59.54545454545455,Medium,2,Experienced Professional
54,0,Travel_Rarely,157,Research & Development,10,3,Medical,3,Female,77,3,2,Manufacturing Director,1,Single,4440,25198,6,Yes,19,3,4,0,9,3,3,5,2,1,4,EMP1407,0.2,0.4,0.6,0.8,Low,Low,0,47.0,Medium,1,Developing Professional
24,0,Travel_Rarely,771,Research & Development,1,2,Life Sciences,2,Male,45,2,2,Healthcare Representative,3,Single,4617,14120,1,No,12,3,2,0,4,2,2,4,3,1,2,EMP1408,0.25,0.75,0.5,0.5,Low,Medium,0,55.0,Medium,1,Developing Professional
23,0,Travel_Rarely,571,Research & Development,12,2,Other,4,Male,78,3,1,Laboratory Technician,4,Single,2647,13672,1,No,13,3,3,0,5,6,4,5,2,1,4,EMP1409,0.2,0.4,1.2,0.8,Low,Low,0,32.0,Medium,1,Developing Professional
40,0,Travel_Frequently,692,Research & Development,11,3,Technical Degree,4,Female,73,3,2,Laboratory Technician,3,Married,6323,26849,1,No,11,3,1,1,10,2,4,10,9,9,4,EMP1410,0.9,0.9,0.2,0.4,High,Medium,1,84.0,High,2,Experienced Professional
40,0,Travel_Rarely,444,Sales,2,2,Marketing,2,Female,92,3,2,Sales Executive,2,Married,5677,4258,3,No,14,3,3,1,15,4,3,11,8,5,10,EMP1411,0.4545454545454545,0.7272727272727273,0.3636363636363636,0.9090909090909092,High,Low,1,63.63636363636364,High,2,Experienced Professional
25,0,Travel_Rarely,309,Human Resources,2,3,Human Resources,3,Female,82,3,1,Human Resources,2,Married,2187,19655,4,No,14,3,3,0,6,3,3,2,0,1,2,EMP1412,0.5,0.0,1.5,1.0,Low,Low,0,45.0,Medium,1,Developing Professional
30,0,Travel_Rarely,911,Research & Development,1,2,Medical,4,Male,76,3,1,Laboratory Technician,2,Married,3748,4077,1,No,13,3,3,0,12,6,2,12,8,1,7,EMP1413,0.0833333333333333,0.6666666666666666,0.5,0.5833333333333334,High,Low,0,42.08333333333333,Medium,1,Developing Professional
25,0,Travel_Rarely,977,Research & Development,2,1,Other,4,Male,57,3,1,Laboratory Technician,3,Divorced,3977,7298,6,Yes,19,3,3,1,7,2,2,2,2,0,2,EMP1414,0.0,1.0,1.0,1.0,Low,Medium,0,60.0,High,1,Developing Professional
47,0,Travel_Rarely,1180,Research & Development,25,3,Medical,1,Male,84,3,3,Healthcare Representative,3,Single,8633,13084,2,No,23,4,2,0,25,3,3,17,14,12,11,EMP1415,0.7058823529411765,0.8235294117647058,0.1764705882352941,0.6470588235294118,High,Low,1,67.6470588235294,High,2,Experienced Professional
33,0,Non-Travel,1313,Research & Development,1,2,Medical,2,Male,59,2,1,Laboratory Technician,3,Divorced,2008,20439,1,No,12,3,3,3,1,2,2,1,1,0,0,EMP1416,0.0,1.0,2.0,0.0,Low,Medium,0,45.0,Medium,0,Early-Career Explorer
38,0,Travel_Rarely,1321,Sales,1,4,Life Sciences,4,Male,86,3,2,Sales Executive,2,Married,4440,7636,0,No,15,3,1,2,16,3,3,15,13,5,8,EMP1417,0.3333333333333333,0.8666666666666667,0.2,0.5333333333333333,High,Low,1,57.33333333333333,Medium,2,Experienced Professional
31,0,Travel_Rarely,1154,Sales,2,2,Life Sciences,1,Male,54,3,1,Sales Representative,3,Married,3067,6393,0,No,19,3,3,1,3,1,3,2,2,1,2,EMP1418,0.5,1.0,0.5,1.0,Low,Medium,0,90.0,High,1,Developing Professional
38,0,Travel_Frequently,508,Research & Development,6,4,Life Sciences,1,Male,72,2,2,Manufacturing Director,3,Married,5321,14284,2,No,11,3,4,1,10,1,3,8,3,7,7,EMP1419,0.875,0.375,0.125,0.875,High,High,1,84.375,High,2,Experienced Professional
42,0,Travel_Rarely,557,Research & Development,18,4,Life Sciences,4,Male,35,3,2,Research Scientist,1,Divorced,5410,11189,6,Yes,17,3,3,1,9,3,2,4,3,1,2,EMP1420,0.25,0.75,0.75,0.5,Low,Low,0,55.0,Medium,1,Developing Professional
41,0,Travel_Rarely,642,Research & Development,1,3,Life Sciences,4,Male,76,3,1,Research Scientist,4,Married,2782,21412,3,No,22,4,1,1,12,3,3,5,3,1,0,EMP1421,0.2,0.6,0.6,0.0,Low,Low,0,26.0,Low,1,Developing Professional
47,0,Non-Travel,1162,Research & Development,1,1,Medical,3,Female,98,3,3,Research Director,2,Married,11957,17231,0,No,18,3,1,2,14,3,1,13,8,5,12,EMP1422,0.3846153846153846,0.6153846153846154,0.2307692307692307,0.9230769230769232,High,Low,1,57.69230769230769,Medium,2,Experienced Professional
35,0,Travel_Rarely,1490,Research & Development,11,4,Medical,4,Male,43,3,1,Laboratory Technician,3,Married,2660,20232,7,Yes,11,3,3,1,5,3,3,2,2,2,2,EMP1423,1.0,1.0,1.5,1.0,Low,Low,0,90.0,High,1,Developing Professional
22,0,Travel_Rarely,581,Research & Development,1,2,Life Sciences,4,Male,63,3,1,Research Scientist,3,Single,3375,17624,0,No,12,3,4,0,4,2,4,3,2,1,2,EMP1424,0.3333333333333333,0.6666666666666666,0.6666666666666666,0.6666666666666666,Low,Medium,0,58.33333333333333,Medium,1,Developing Professional
35,0,Travel_Rarely,1395,Research & Development,9,4,Medical,2,Male,48,3,2,Research Scientist,3,Single,5098,18698,1,No,19,3,2,0,10,5,3,10,7,0,8,EMP1425,0.0,0.7,0.5,0.8,High,Low,0,38.0,Medium,1,Developing Professional
33,0,Travel_Rarely,501,Research & Development,15,2,Medical,2,Female,95,3,2,Healthcare Representative,4,Married,4878,21653,0,Yes,13,3,1,1,10,6,3,9,7,8,1,EMP1426,0.8888888888888888,0.7777777777777778,0.6666666666666666,0.1111111111111111,High,Low,1,60.55555555555555,High,2,Experienced Professional
32,0,Travel_Rarely,267,Research & Development,29,4,Life Sciences,3,Female,49,2,1,Laboratory Technician,2,Single,2837,15919,1,No,13,3,3,0,6,3,3,6,2,4,1,EMP1427,0.6666666666666666,0.3333333333333333,0.5,0.1666666666666666,Medium,Low,0,49.16666666666666,Medium,1,Developing Professional
40,0,Travel_Rarely,543,Research & Development,1,4,Life Sciences,1,Male,83,3,1,Laboratory Technician,4,Married,2406,4060,8,No,19,3,3,2,8,3,2,1,0,0,0,EMP1428,0.0,0.0,3.0,0.0,Low,Low,0,0.0,Low,0,Early-Career Explorer
32,0,Travel_Rarely,234,Sales,1,4,Medical,2,Male,68,2,1,Sales Representative,2,Married,2269,18024,0,No,14,3,2,1,3,2,3,2,2,2,2,EMP1429,1.0,1.0,1.0,1.0,Low,Medium,0,100.0,High,1,Developing Professional
39,0,Travel_Rarely,116,Research & Development,24,1,Life Sciences,1,Male,52,3,2,Research Scientist,4,Single,4108,5340,7,No,13,3,1,0,18,2,3,7,7,1,7,EMP1430,0.1428571428571428,1.0,0.2857142857142857,1.0,High,Medium,0,60.71428571428572,High,1,Developing Professional
38,0,Travel_Rarely,201,Research & Development,10,3,Medical,2,Female,99,1,3,Research Director,3,Married,13206,3376,3,No,12,3,1,1,20,3,3,18,16,1,11,EMP1431,0.0555555555555555,0.8888888888888888,0.1666666666666666,0.6111111111111112,High,Low,0,43.05555555555556,Medium,2,Experienced Professional
32,0,Travel_Rarely,801,Sales,1,4,Marketing,3,Female,48,3,3,Sales Executive,4,Married,10422,24032,1,No,19,3,3,2,14,3,3,14,10,5,7,EMP1432,0.3571428571428571,0.7142857142857143,0.2142857142857142,0.5,High,Low,1,43.21428571428572,Medium,2,Experienced Professional
37,0,Travel_Rarely,161,Research & Development,10,3,Life Sciences,3,Female,42,4,3,Research Director,4,Married,13744,15471,1,Yes,25,4,1,1,16,2,3,16,11,6,8,EMP1433,0.375,0.6875,0.125,0.5,High,Medium,1,53.125,Medium,2,Experienced Professional
25,0,Travel_Rarely,1382,Sales,8,2,Other,1,Female,85,3,2,Sales Executive,3,Divorced,4907,13684,0,Yes,22,4,2,1,6,3,2,5,3,0,4,EMP1434,0.0,0.6,0.6,0.8,Low,Low,0,35.0,Medium,1,Developing Professional
52,0,Non-Travel,585,Sales,29,4,Life Sciences,1,Male,40,3,1,Sales Representative,4,Divorced,3482,19788,2,No,15,3,2,2,16,3,2,9,8,0,0,EMP1435,0.0,0.8888888888888888,0.3333333333333333,0.0,High,Low,0,26.666666666666664,Low,1,Developing Professional
44,0,Travel_Rarely,1037,Research & Development,1,3,Medical,2,Male,42,3,1,Research Scientist,4,Single,2436,13422,6,Yes,12,3,3,0,6,2,3,4,3,1,2,EMP1436,0.25,0.75,0.5,0.5,Low,Medium,0,50.0,Medium,1,Developing Professional
21,0,Travel_Rarely,501,Sales,5,1,Medical,3,Male,58,3,1,Sales Representative,1,Single,2380,25479,1,Yes,11,3,4,0,2,6,3,2,2,1,2,EMP1437,0.5,1.0,3.0,1.0,Low,Low,0,80.0,High,1,Developing Professional
39,0,Non-Travel,105,Research & Development,9,3,Life Sciences,4,Male,87,3,5,Manager,4,Single,19431,15302,2,No,13,3,3,0,21,3,2,6,0,1,3,EMP1438,0.1666666666666666,0.0,0.5,0.5,Low,Low,0,14.166666666666666,Low,1,Developing Professional
23,1,Travel_Frequently,638,Sales,9,3,Marketing,4,Male,33,3,1,Sales Representative,1,Married,1790,26956,1,No,19,3,1,1,1,3,2,1,0,1,0,EMP1439,1.0,0.0,3.0,0.0,Low,Low,0,55.0,Medium,0,Early-Career Explorer
36,0,Travel_Rarely,557,Sales,3,3,Medical,1,Female,94,2,3,Sales Executive,4,Married,7644,12695,0,No,19,3,3,2,10,2,3,9,7,3,4,EMP1440,0.3333333333333333,0.7777777777777778,0.2222222222222222,0.4444444444444444,High,Medium,1,53.33333333333333,Medium,1,Developing Professional
36,0,Travel_Frequently,688,Research & Development,4,2,Life Sciences,4,Female,97,3,2,Manufacturing Director,2,Divorced,5131,9192,7,No,13,3,2,3,18,3,3,4,2,0,2,EMP1441,0.0,0.5,0.75,0.5,Low,Low,0,32.5,Medium,1,Developing Professional
56,0,Non-Travel,667,Research & Development,1,4,Life Sciences,3,Male,57,3,2,Healthcare Representative,3,Divorced,6306,26236,1,No,21,4,1,1,13,2,2,13,12,1,9,EMP1442,0.0769230769230769,0.9230769230769232,0.1538461538461538,0.6923076923076923,High,Medium,0,56.15384615384615,Medium,2,Experienced Professional
29,1,Travel_Rarely,1092,Research & Development,1,4,Medical,1,Male,36,3,1,Research Scientist,4,Married,4787,26124,9,Yes,14,3,2,3,4,3,4,2,2,2,2,EMP1443,1.0,1.0,1.5,1.0,Low,Low,0,85.0,High,1,Developing Professional
42,0,Travel_Rarely,300,Research & Development,2,3,Life Sciences,1,Male,56,3,5,Manager,3,Married,18880,17312,5,No,11,3,1,0,24,2,2,22,6,4,14,EMP1444,0.1818181818181818,0.2727272727272727,0.0909090909090909,0.6363636363636364,Medium,Medium,1,40.0,Medium,2,Experienced Professional
56,1,Travel_Rarely,310,Research & Development,7,2,Technical Degree,4,Male,72,3,1,Laboratory Technician,3,Married,2339,3666,8,No,11,3,4,1,14,4,1,10,9,9,8,EMP1445,0.9,0.9,0.4,0.8,High,Low,1,80.0,High,2,Experienced Professional
41,0,Travel_Rarely,582,Research & Development,28,4,Life Sciences,1,Female,60,2,4,Manufacturing Director,2,Married,13570,5640,0,No,23,4,3,1,21,3,3,20,7,0,10,EMP1446,0.0,0.35,0.15,0.5,High,Low,0,28.0,Low,2,Experienced Professional
34,0,Travel_Rarely,704,Sales,28,3,Marketing,4,Female,95,2,2,Sales Executive,3,Married,6712,8978,1,No,21,4,4,2,8,2,3,8,7,1,7,EMP1447,0.125,0.875,0.25,0.875,High,Medium,0,59.375,Medium,1,Developing Professional
36,0,Non-Travel,301,Sales,15,4,Marketing,4,Male,88,1,2,Sales Executive,4,Divorced,5406,10436,1,No,24,4,1,1,15,4,2,15,12,11,11,EMP1448,0.7333333333333333,0.8,0.2666666666666666,0.7333333333333333,High,Low,1,64.33333333333333,High,2,Experienced Professional
41,0,Travel_Rarely,930,Sales,3,3,Life Sciences,3,Male,57,2,2,Sales Executive,2,Divorced,8938,12227,2,No,11,3,3,1,14,5,3,5,4,0,4,EMP1449,0.0,0.8,1.0,0.8,Medium,Low,0,46.0,Medium,1,Developing Professional
32,0,Travel_Rarely,529,Research & Development,2,3,Technical Degree,4,Male,78,3,1,Research Scientist,1,Single,2439,11288,1,No,14,3,4,0,4,4,3,4,2,1,2,EMP1450,0.25,0.5,1.0,0.5,Low,Low,0,47.5,Medium,1,Developing Professional
35,0,Travel_Rarely,1146,Human Resources,26,4,Life Sciences,3,Female,31,3,3,Human Resources,4,Single,8837,16642,1,Yes,16,3,3,0,9,2,3,9,0,1,7,EMP1451,0.1111111111111111,0.0,0.2222222222222222,0.7777777777777778,Low,Medium,0,26.11111111111111,Low,1,Developing Professional
38,0,Travel_Rarely,345,Sales,10,2,Life Sciences,1,Female,100,3,2,Sales Executive,4,Married,5343,5982,1,No,11,3,3,1,10,1,3,10,7,1,9,EMP1452,0.1,0.7,0.1,0.9,High,High,0,58.5,Medium,1,Developing Professional
50,1,Travel_Frequently,878,Sales,1,4,Life Sciences,2,Male,94,3,2,Sales Executive,3,Divorced,6728,14255,7,No,12,3,4,2,12,3,3,6,3,0,1,EMP1453,0.0,0.5,0.5,0.1666666666666666,Low,Low,0,22.5,Low,1,Developing Professional
36,0,Travel_Rarely,1120,Sales,11,4,Marketing,2,Female,100,2,2,Sales Executive,4,Married,6652,14369,4,No,13,3,1,1,8,2,2,6,3,0,0,EMP1454,0.0,0.5,0.3333333333333333,0.0,Low,Medium,0,25.0,Low,1,Developing Professional
45,0,Travel_Rarely,374,Sales,20,3,Life Sciences,4,Female,50,3,2,Sales Executive,3,Single,4850,23333,8,No,15,3,3,0,8,3,3,5,3,0,1,EMP1455,0.0,0.6,0.6,0.2,Low,Low,0,26.0,Low,1,Developing Professional
40,0,Travel_Rarely,1322,Research & Development,2,4,Life Sciences,3,Male,52,2,1,Research Scientist,3,Single,2809,2725,2,No,14,3,4,0,8,2,3,2,2,2,2,EMP1456,1.0,1.0,1.0,1.0,Low,Medium,0,100.0,High,1,Developing Professional
35,0,Travel_Frequently,1199,Research & Development,18,4,Life Sciences,3,Male,80,3,2,Healthcare Representative,3,Married,5689,24594,1,Yes,14,3,4,2,10,2,4,10,2,0,2,EMP1457,0.0,0.2,0.2,0.2,Low,Medium,0,24.0,Low,1,Developing Professional
40,0,Travel_Rarely,1194,Research & Development,2,4,Medical,3,Female,98,3,1,Research Scientist,3,Married,2001,12549,2,No,14,3,2,3,20,2,3,5,3,0,2,EMP1458,0.0,0.6,0.4,0.4,Low,Medium,0,39.0,Medium,1,Developing Professional
35,0,Travel_Rarely,287,Research & Development,1,4,Life Sciences,3,Female,62,1,1,Research Scientist,4,Married,2977,8952,1,No,12,3,4,1,4,5,3,4,3,1,1,EMP1459,0.25,0.75,1.25,0.25,Low,Low,0,36.25,Medium,1,Developing Professional
29,0,Travel_Rarely,1378,Research & Development,13,2,Other,4,Male,46,2,2,Laboratory Technician,2,Married,4025,23679,4,Yes,13,3,1,1,10,2,3,4,3,0,3,EMP1460,0.0,0.75,0.5,0.75,Low,Medium,0,53.75,Medium,1,Developing Professional
29,0,Travel_Rarely,468,Research & Development,28,4,Medical,4,Female,73,2,1,Research Scientist,1,Single,3785,8489,1,No,14,3,2,0,5,3,1,5,4,0,4,EMP1461,0.0,0.8,0.6,0.8,Medium,Low,0,51.0,Medium,1,Developing Professional
50,1,Travel_Rarely,410,Sales,28,3,Marketing,4,Male,39,2,3,Sales Executive,1,Divorced,10854,16586,4,Yes,13,3,2,1,20,3,3,3,2,2,0,EMP1462,0.6666666666666666,0.6666666666666666,1.0,0.0,Low,Low,0,61.66666666666666,High,1,Developing Professional
39,0,Travel_Rarely,722,Sales,24,1,Marketing,2,Female,60,2,4,Sales Executive,4,Married,12031,8828,0,No,11,3,1,1,21,2,2,20,9,9,6,EMP1463,0.45,0.45,0.1,0.3,High,Medium,1,46.0,Medium,2,Experienced Professional
31,0,Non-Travel,325,Research & Development,5,3,Medical,2,Male,74,3,2,Manufacturing Director,1,Single,9936,3787,0,No,19,3,2,0,10,2,3,9,4,1,7,EMP1464,0.1111111111111111,0.4444444444444444,0.2222222222222222,0.7777777777777778,Medium,Medium,0,54.44444444444444,Medium,1,Developing Professional
26,0,Travel_Rarely,1167,Sales,5,3,Other,4,Female,30,2,1,Sales Representative,3,Single,2966,21378,0,No,18,3,4,0,5,2,3,4,2,0,0,EMP1465,0.0,0.5,0.5,0.0,Low,Medium,0,30.0,Medium,1,Developing Professional
36,0,Travel_Frequently,884,Research & Development,23,2,Medical,3,Male,41,4,2,Laboratory Technician,4,Married,2571,12290,4,No,17,3,3,1,17,3,3,5,2,0,3,EMP1466,0.0,0.4,0.6,0.6,Low,Low,0,21.0,Low,1,Developing Professional
39,0,Travel_Rarely,613,Research & Development,6,1,Medical,4,Male,42,2,3,Healthcare Representative,1,Married,9991,21457,4,No,15,3,1,1,9,5,3,7,7,1,7,EMP1467,0.1428571428571428,1.0,0.7142857142857143,1.0,High,Low,0,65.71428571428572,High,1,Developing Professional
27,0,Travel_Rarely,155,Research & Development,4,3,Life Sciences,2,Male,87,4,2,Manufacturing Director,2,Married,6142,5174,1,Yes,20,4,2,1,6,0,3,6,2,0,3,EMP1468,0.0,0.3333333333333333,0.0,0.5,Low,Medium,0,57.5,Medium,1,Developing Professional
49,0,Travel_Frequently,1023,Sales,2,3,Medical,4,Male,63,2,2,Sales Executive,2,Married,5390,13243,2,No,14,3,4,0,17,3,2,9,6,0,8,EMP1469,0.0,0.6666666666666666,0.3333333333333333,0.8888888888888888,Medium,Low,0,43.33333333333333,Medium,1,Developing Professional
34,0,Travel_Rarely,628,Research & Development,8,3,Medical,2,Male,82,4,2,Laboratory Technician,3,Married,4404,10228,2,No,12,3,1,0,6,3,4,4,3,1,2,EMP1470,0.25,0.75,0.75,0.5,Low,Low,0,45.0,Medium,1,Developing Professional
